customer_id,signup_date,country,age,segment,acquisition_channel,newsletter_opt_in,favorite_color,zodiac_sign,preferred_language
CU01467,2023-11-05,Austria,22.0,Student,Direct,True,black,Leo,de
CU01366,2025-06-30,Germany,,Senior,Direct,False,blue,Virgo,de
CU01352,2023-12-02,Poland,19.0,Student,Paid Social,False,blue,Leo,en
CU01606,2026-02-15,Germany,33.0,Professional,Paid Social,False,blue,Gemini,de
CU01781,2024-05-30,France,21.0,Student,Organic Search,False,white,Virgo,fr
CU00319,2024-04-10,Netherlands,63.0,Senior,Newsletter,False,red,Cancer,en
CU02100,2024-09-16,Switzerland,45.0,Family,Direct,True,red,Capricorn,de
CU02286,2026-05-01,Germany,46.0,Professional,Paid Social,False,blue,Virgo,de
CU02152,2025-12-18,France,41.0,Family,Referral,False,green,Virgo,fr
CU02854,2025-08-17,Austria,17.0,Student,Paid Social,False,black,Gemini,de
CU01005,2024-12-28,Germany,,Student,Direct,False,black,Sagittarius,de
CU02294,2024-12-17,Germany,42.0,Family,Direct,False,black,Cancer,de
CU03015,2025-07-25,Netherlands,20.0,Student,Paid Social,True,black,Gemini,en
CU00714,2025-12-17,Germany,33.0,Family,Organic Search,False,blue,Taurus,de
CU01458,2025-11-14,France,25.0,Student,Organic Search,False,black,Virgo,en
CU01849,2024-04-01,Austria,68.0,Senior,Direct,False,green,Scorpio,de
CU01409,2026-05-19,Germany,33.0,Professional,Paid Social,False,red,Cancer,de
CU01335,2025-07-24,Germany,25.0,Student,Referral,False,purple,Cancer,de
CU01217,2025-09-13,Germany,43.0,Professional,Organic Search,True,red,Sagittarius,de
CU02877,2025-11-07,Germany,17.0,Student,Paid Social,False,purple,Aries,de
CU00004,2024-03-03,Poland,26.0,Professional,Organic Search,True,blue,Gemini,fr
CU00204,2026-05-08,Switzerland,26.0,Professional,Paid Social,True,red,Virgo,de
CU02886,2025-08-25,Germany,19.0,Student,Paid Social,True,green,Aquarius,de
CU02299,2025-05-24,Germany,19.0,Student,Direct,True,white,Capricorn,de
CU02539,2023-07-10,Netherlands,25.0,Student,Referral,False,green,Leo,fr
CU00679,2023-12-02,Germany,,Student,Referral,True,green,Taurus,de
CU01793,2025-03-14,Netherlands,31.0,Family,Referral,True,red,Cancer,en
CU00500,2023-11-08,Austria,,Professional,Paid Social,False,blue,Leo,de
CU02020,2024-09-03,Germany,27.0,Professional,Organic Search,False,red,Virgo,de
CU00535,2024-04-05,Germany,40.0,Professional,Paid Social,False,green,Cancer,de
CU00206,2025-11-06,France,40.0,Family,Direct,True,white,Sagittarius,nl
CU00322,2026-01-08,Poland,72.0,Senior,Organic Search,False,white,Aquarius,nl
CU02901,2025-06-29,Germany,22.0,Student,Paid Social,False,blue,Gemini,de
CU00076,2024-10-26,Poland,78.0,Senior,Organic Search,False,blue,Cancer,en
CU02520,2024-05-28,Austria,20.0,Student,Newsletter,False,purple,Gemini,de
CU02913,2025-06-26,Switzerland,18.0,Professional,Paid Social,False,green,Virgo,de
CU00564,2025-07-05,Germany,38.0,Family,Direct,True,red,Taurus,de
CU00014,2024-12-16,Germany,32.0,Professional,Paid Social,False,black,Pisces,de
CU00547,2024-04-07,Netherlands,67.0,Senior,Organic Search,False,red,Cancer,fr
CU00522,2024-05-09,Germany,71.0,Senior,Newsletter,True,white,Aquarius,de
CU02318,2023-08-31,Germany,66.0,Senior,Organic Search,False,green,Capricorn,de
CU01066,2025-01-12,Austria,25.0,Student,Organic Search,True,green,Leo,de
CU02610,2025-07-19,Germany,20.0,Student,Paid Social,True,white,Capricorn,de
CU00046,2023-07-09,Poland,37.0,Family,Direct,True,white,Aries,fr
CU00307,2024-11-26,Germany,26.0,Student,Paid Social,False,red,Sagittarius,de
CU01115,2025-09-10,Germany,39.0,Family,Paid Social,True,red,Taurus,de
CU00548,2025-04-02,Germany,44.0,Professional,Paid Social,False,black,Aquarius,de
CU02880,2025-09-08,Germany,19.0,Student,Paid Social,False,red,Libra,de
CU00162,2024-12-23,Switzerland,22.0,Student,Organic Search,True,blue,Taurus,de
CU00541,2025-05-26,Austria,30.0,Professional,Direct,False,purple,Aries,de
CU00111,2026-05-04,Germany,77.0,Senior,Organic Search,False,blue,Leo,de
CU02183,2023-08-04,Netherlands,20.0,Student,Referral,False,white,Libra,pl
CU01011,2025-08-07,Germany,32.0,Family,Referral,True,blue,Pisces,de
CU02532,2024-04-09,Germany,63.0,Senior,Paid Social,False,green,Aries,de
CU00127,2026-02-01,Germany,25.0,Student,Organic Search,True,white,Virgo,de
CU00559,2025-07-13,Germany,42.0,Professional,Paid Social,False,purple,Aquarius,de
CU02216,2026-01-23,Netherlands,46.0,Professional,Newsletter,False,red,Scorpio,nl
CU01225,2025-11-25,Austria,36.0,Professional,Direct,False,green,Capricorn,de
CU00758,2023-10-21,Poland,25.0,Student,Organic Search,False,red,Pisces,nl
CU00029,2024-04-06,Switzerland,999.0,Professional,Paid Social,True,purple,Taurus,de
CU02751,2025-08-26,Germany,25.0,Student,Paid Social,False,blue,Scorpio,de
CU02017,2025-03-05,Austria,78.0,Senior,Referral,True,green,Gemini,de
CU00100,2024-01-17,Germany,25.0,Student,Organic Search,True,green,Sagittarius,de
CU00637,2024-05-07,Switzerland,27.0,Professional,Organic Search,False,red,Cancer,de
CU02027,2025-09-18,Austria,33.0,Family,Direct,True,black,Scorpio,de
CU01422,2023-08-25,Germany,36.0,Professional,Paid Social,False,blue,Cancer,de
CU00007,2023-08-17,Germany,20.0,Student,Paid Social,False,blue,Aquarius,de
CU00221,2025-05-22,Germany,45.0,Professional,Paid Social,True,purple,Taurus,de
CU02147,2024-10-04,Netherlands,41.0,Professional,Referral,False,white,Taurus,nl
CU00482,2025-07-24,Germany,,Family,Paid Social,False,green,Leo,de
CU00124,2023-08-27,Switzerland,,Professional,Referral,False,blue,Aries,de
CU01434,2024-04-26,Germany,60.0,Senior,Direct,False,red,Libra,de
CU01674,2026-01-04,Germany,36.0,Family,Paid Social,True,red,Libra,de
CU00099,2024-10-25,Germany,19.0,Student,Paid Social,False,black,Libra,de
CU02348,2026-05-14,France,43.0,Family,Referral,False,green,Sagittarius,pl
CU00917,2026-02-18,,68.0,Senior,Newsletter,True,green,Gemini,de
CU01227,2024-02-15,Netherlands,20.0,Student,Referral,False,green,Virgo,pl
CU00488,2025-03-13,Austria,30.0,Family,Paid Social,False,white,Capricorn,de
CU00694,2025-08-21,Germany,40.0,Professional,Organic Search,False,green,Gemini,de
CU02782,2025-06-21,Germany,22.0,Professional,Paid Social,True,purple,Taurus,de
CU02346,2024-05-21,Germany,41.0,Family,Referral,False,white,Capricorn,de
CU03075,2025-07-14,Germany,25.0,Student,Paid Social,True,white,Aries,de
CU00933,2025-02-09,Netherlands,46.0,Family,Paid Social,False,purple,Sagittarius,en
CU00137,2025-01-23,Germany,44.0,Professional,Newsletter,True,black,Leo,de
CU00441,2023-08-30,Austria,36.0,Family,Direct,False,red,Leo,de
CU01247,2024-05-15,Switzerland,48.0,Professional,Referral,True,white,Aquarius,de
CU02946,2025-08-25,Germany,24.0,Student,Paid Social,False,black,Aries,de
CU02553,2026-03-22,Germany,19.0,Student,Organic Search,False,green,Scorpio,de
CU01533,2025-06-03,France,44.0,Family,Direct,False,red,Gemini,en
CU00172,2023-12-07,Germany,38.0,Family,Paid Social,True,green,Cancer,de
CU01145,2024-08-28,Germany,24.0,Student,Referral,False,green,Scorpio,de
CU00491,2024-02-28,Poland,40.0,Professional,Referral,False,black,Libra,fr
CU02307,2023-08-07,Germany,-1.0,Professional,Paid Social,True,black,Aquarius,de
CU02728,2025-06-23,Austria,23.0,Student,Paid Social,False,green,Taurus,de
CU02996,2025-08-22,Switzerland,21.0,Student,Paid Social,True,green,Sagittarius,de
CU00614,2024-02-06,Netherlands,37.0,Professional,Organic Search,False,green,Sagittarius,nl
CU02226,2025-07-15,Germany,22.0,Student,Referral,True,green,Aquarius,de
CU00772,2025-07-24,Germany,30.0,Professional,Referral,True,black,Pisces,de
CU01864,2024-01-29,Austria,21.0,Student,Direct,False,red,Cancer,de
CU00517,2024-11-24,Netherlands,47.0,Professional,Paid Social,False,white,Capricorn,fr
CU02405,2024-04-07,Austria,26.0,Professional,Referral,False,purple,Aquarius,de
CU02275,2025-05-06,Austria,,Student,Organic Search,False,green,Capricorn,de
CU01761,2024-04-10,Germany,20.0,Student,Organic Search,True,black,Capricorn,de
CU00495,2024-03-29,Germany,39.0,Family,Newsletter,False,red,Taurus,de
CU02581,2026-03-24,Germany,40.0,Family,Organic Search,True,blue,Libra,de
CU01541,2023-09-21,Netherlands,38.0,Family,Paid Social,False,purple,Virgo,pl
CU02671,2025-06-17,Poland,23.0,Student,Paid Social,False,green,Aries,pl
CU03069,2025-08-06,Netherlands,23.0,Student,Paid Social,True,purple,Libra,fr
CU02314,2024-05-22,Germany,37.0,Family,Organic Search,False,blue,Libra,de
CU03082,2025-06-16,France,23.0,Student,Paid Social,False,red,Taurus,en
CU02844,2025-07-30,Switzerland,22.0,Student,Paid Social,False,red,Aries,de
CU00166,2025-01-18,Netherlands,65.0,Senior,Organic Search,False,white,Taurus,fr
CU00785,2026-06-01,Germany,31.0,Professional,Direct,False,white,Libra,de
CU02969,2025-06-16,Netherlands,24.0,Student,Paid Social,True,blue,Taurus,fr
CU02001,2024-09-16,Netherlands,40.0,Family,Direct,False,white,Cancer,pl
CU02122,2023-08-23,Germany,38.0,Professional,Newsletter,False,green,Libra,de
CU01051,2024-07-04,Netherlands,40.0,Family,Organic Search,False,red,Libra,nl
CU01858,2023-09-21,Germany,26.0,Student,Referral,False,blue,Virgo,de
CU01814,2024-09-20,Germany,26.0,Student,Newsletter,False,black,Aquarius,de
CU02696,2025-07-26,Germany,19.0,Student,Paid Social,True,white,Cancer,de
CU02475,2024-09-21,Netherlands,,Student,Paid Social,False,blue,Aquarius,pl
CU02947,2025-06-19,Germany,22.0,Professional,Paid Social,False,blue,Virgo,de
CU00858,2024-06-27,Netherlands,36.0,Professional,Paid Social,False,white,Pisces,fr
CU02354,2023-11-20,Netherlands,42.0,Professional,Referral,False,purple,Capricorn,en
CU00762,2025-09-18,France,69.0,Senior,Paid Social,False,white,Virgo,en
CU02518,2026-02-05,Germany,35.0,Professional,Direct,False,black,Aries,de
CU00352,2025-11-02,,22.0,Student,Organic Search,True,green,Capricorn,de
CU00899,2023-10-20,Germany,38.0,Professional,Referral,False,purple,Libra,de
CU03088,2025-07-17,Germany,19.0,Student,Paid Social,False,black,Sagittarius,de
CU02101,2024-03-23,Germany,70.0,Senior,Newsletter,False,black,Sagittarius,de
CU02656,2025-06-15,Germany,,Student,Paid Social,True,red,Taurus,de
CU02485,2024-07-15,France,26.0,Student,Direct,False,green,Libra,pl
CU02750,2025-07-28,France,24.0,Student,Paid Social,True,green,Cancer,nl
CU01042,2026-05-14,France,,Student,Organic Search,True,red,Sagittarius,fr
CU01350,2025-09-15,Germany,38.0,Professional,Paid Social,True,black,Libra,de
CU02937,2025-08-28,Austria,24.0,Student,Paid Social,True,green,Capricorn,de
CU00005,2023-12-25,Germany,62.0,Senior,Organic Search,True,blue,Cancer,de
CU01698,2024-02-10,Germany,40.0,Professional,Organic Search,False,white,Libra,de
CU01882,2024-03-05,Poland,,Family,Direct,True,white,Taurus,pl
CU00797,2025-01-12,Germany,37.0,Professional,Direct,False,black,Libra,de
CU00903,2025-09-17,Germany,24.0,Student,Direct,True,red,Aries,de
CU02511,2024-03-28,Germany,37.0,Professional,Referral,True,white,Sagittarius,de
CU00256,2024-08-23,France,77.0,Senior,Direct,False,blue,Aries,pl
CU01857,2024-02-27,France,20.0,Student,Referral,False,green,Gemini,nl
CU00800,2023-09-15,Netherlands,41.0,Professional,Referral,False,black,Sagittarius,fr
CU02828,2025-08-04,Germany,24.0,Student,Paid Social,False,black,Gemini,de
CU00686,2025-09-17,Germany,36.0,Family,Paid Social,False,white,Gemini,de
CU01654,2026-03-31,Poland,44.0,Professional,Organic Search,False,blue,Aries,en
CU01939,2025-11-27,Switzerland,26.0,Student,Paid Social,False,green,Leo,de
CU02987,2025-08-27,Austria,25.0,Student,Paid Social,False,black,Cancer,de
CU00706,2024-01-08,Germany,34.0,Professional,Newsletter,True,black,Cancer,de
CU01282,2024-08-14,Germany,47.0,Professional,Referral,False,white,Scorpio,de
CU01387,2024-07-18,Germany,37.0,Professional,Organic Search,False,green,Leo,de
CU02899,2025-06-18,Germany,17.0,Student,Paid Social,True,red,Virgo,de
CU01897,2025-03-07,Germany,27.0,Professional,Referral,True,green,Scorpio,de
CU01526,2024-06-29,Netherlands,,Student,Organic Search,True,black,Cancer,nl
CU00384,2026-02-17,Germany,39.0,Professional,Paid Social,True,green,Virgo,de
CU00404,2024-07-01,Germany,19.0,Student,Paid Social,True,purple,Gemini,de
CU01141,2025-05-08,Germany,70.0,Senior,Direct,False,white,Libra,de
CU02681,2025-06-21,Germany,23.0,Student,Paid Social,True,red,Cancer,de
CU01360,2024-07-04,Switzerland,63.0,Senior,Organic Search,False,black,Aquarius,de
CU02403,2025-08-23,Germany,,Family,Paid Social,False,green,Pisces,de
CU01752,2025-12-21,Austria,46.0,Professional,Organic Search,False,blue,Leo,de
CU02756,2025-06-28,Germany,19.0,Student,Paid Social,False,green,Gemini,de
CU00561,2025-07-09,Germany,,Student,Organic Search,False,black,Libra,de
CU01614,2025-07-13,Austria,,Student,Direct,True,black,Libra,de
CU02192,2023-07-04,France,21.0,Student,Paid Social,True,white,Virgo,fr
CU02375,2025-07-24,,42.0,Professional,Paid Social,False,purple,Virgo,de
CU01951,2026-01-05,Switzerland,35.0,Professional,Organic Search,False,white,Leo,de
CU00443,2025-08-30,France,25.0,Student,Direct,True,blue,Capricorn,pl
CU02250,2025-07-10,France,62.0,Senior,Referral,True,white,Sagittarius,pl
CU01996,2024-04-28,Germany,45.0,Professional,Paid Social,False,black,Taurus,de
CU01242,2024-12-12,Germany,22.0,Student,Referral,False,white,Cancer,de
CU00962,2024-06-22,Netherlands,43.0,Professional,Organic Search,True,black,Cancer,en
CU00672,2024-05-18,Germany,40.0,Professional,Paid Social,False,black,Capricorn,de
CU03116,2025-06-19,Germany,21.0,Student,Paid Social,False,green,Taurus,de
CU02357,2025-07-01,Austria,60.0,Senior,Organic Search,False,white,Virgo,de
CU02184,2024-05-29,Germany,,Senior,Direct,False,red,Capricorn,de
CU01195,2025-03-10,Austria,41.0,Family,Paid Social,True,white,Capricorn,de
CU01453,2025-12-18,Poland,67.0,Senior,Paid Social,False,green,Aries,fr
CU00465,2025-02-06,Netherlands,37.0,Professional,Paid Social,False,purple,Pisces,en
CU02207,2025-03-29,Germany,64.0,Senior,Organic Search,True,green,Scorpio,de
CU00232,2025-09-15,Germany,63.0,Senior,Organic Search,False,white,Leo,de
CU00585,2026-04-08,Switzerland,,Professional,Direct,True,black,Scorpio,de
CU00330,2024-08-14,Germany,20.0,Student,Organic Search,True,purple,Gemini,de
CU00134,2024-03-01,Germany,40.0,Family,Organic Search,True,white,Aquarius,de
CU01759,2023-11-28,Austria,33.0,Family,Paid Social,False,green,Gemini,de
CU02638,2025-07-21,Switzerland,19.0,Student,Paid Social,False,white,Aries,de
CU00341,2025-05-23,Poland,46.0,Professional,Direct,True,green,Sagittarius,en
CU01504,2023-10-06,Switzerland,24.0,Student,Referral,False,purple,Libra,de
CU01469,2024-05-31,Germany,73.0,Senior,Direct,False,black,Libra,de
CU00577,2024-11-16,Switzerland,45.0,Professional,Paid Social,False,red,Pisces,de
CU02825,2025-08-13,,132.0,Student,Paid Social,True,white,Libra,de
CU00397,2025-05-11,Austria,48.0,Professional,Paid Social,True,blue,Cancer,de
CU01638,2024-11-16,France,77.0,Senior,Paid Social,False,white,Aries,pl
CU01404,2023-12-21,Netherlands,20.0,Student,Paid Social,False,white,Capricorn,en
CU01779,2024-07-28,Germany,46.0,Family,Organic Search,True,purple,Scorpio,de
CU00042,2025-04-28,Germany,49.0,Professional,Direct,True,blue,Aries,de
CU01618,2026-05-28,Poland,31.0,Family,Organic Search,False,black,Capricorn,fr
CU00298,2024-05-02,France,,Student,Paid Social,True,blue,Pisces,fr
CU01785,2023-07-21,Germany,,Student,Organic Search,False,white,Scorpio,de
CU02438,2024-03-04,Germany,48.0,Professional,Referral,False,green,Aquarius,de
CU01240,2023-11-18,Austria,40.0,Professional,Paid Social,False,blue,Virgo,de
CU01136,2023-11-15,Netherlands,46.0,Professional,Organic Search,True,black,Taurus,fr
CU02914,2025-08-03,Netherlands,,Student,Paid Social,False,red,Scorpio,pl
CU02080,2023-10-04,Germany,21.0,Student,Organic Search,False,white,Taurus,de
CU02768,2025-08-10,Germany,21.0,Student,Paid Social,True,white,Libra,de
CU01220,2025-08-23,Germany,43.0,Family,Organic Search,False,purple,Pisces,de
CU00749,2023-07-29,Germany,23.0,Student,Paid Social,True,purple,Libra,de
CU00108,2025-08-04,Austria,23.0,Student,Paid Social,False,white,Pisces,de
CU00937,2025-08-15,Netherlands,28.0,Professional,Newsletter,False,purple,Pisces,pl
CU01795,2025-10-03,Switzerland,20.0,Student,Paid Social,False,black,Leo,de
CU02586,2025-07-26,Germany,19.0,Student,Referral,False,white,Aries,de
CU00696,2024-07-06,Netherlands,47.0,Professional,Referral,True,red,Aries,fr
CU00051,2025-05-23,Germany,36.0,Family,Direct,False,red,Cancer,de
CU01637,2023-12-20,Germany,35.0,Family,Paid Social,True,blue,Libra,de
CU02622,2025-08-18,Netherlands,19.0,Student,Paid Social,True,red,Sagittarius,pl
CU00611,2023-11-27,France,39.0,Professional,Paid Social,True,black,Leo,fr
CU00676,2023-11-30,Germany,21.0,Student,Paid Social,False,white,Capricorn,de
CU02130,2024-11-21,Germany,21.0,Student,Organic Search,True,blue,Aquarius,de
CU00369,2025-03-19,Germany,42.0,Family,Referral,False,black,Cancer,de
CU01090,2024-12-14,Netherlands,20.0,Student,Newsletter,False,blue,Gemini,nl
CU01823,2024-03-12,Germany,31.0,Family,Paid Social,True,red,Cancer,de
CU01622,2025-04-21,Germany,,Student,Direct,False,white,Gemini,de
CU00601,2025-11-11,Germany,19.0,Student,Newsletter,True,blue,Virgo,de
CU01013,2024-08-17,Austria,21.0,Student,Newsletter,True,green,Virgo,de
CU00966,2024-04-02,Germany,33.0,Professional,Paid Social,False,purple,Pisces,de
CU00471,2025-07-12,Switzerland,32.0,Family,Paid Social,False,blue,Aries,de
CU00433,2024-12-24,Germany,44.0,Family,Paid Social,True,green,Gemini,de
CU00013,2024-11-01,Germany,32.0,Family,Referral,True,black,Taurus,de
CU01904,2026-02-24,Austria,25.0,Student,Paid Social,True,black,Cancer,de
CU02160,2026-04-01,Poland,43.0,Professional,Organic Search,True,red,Cancer,pl
CU02132,2024-10-31,Austria,26.0,Student,Referral,False,green,Scorpio,de
CU00955,2025-05-12,Germany,24.0,Student,Paid Social,False,red,Aquarius,de
CU01202,2025-09-03,Austria,49.0,Professional,Paid Social,False,black,Leo,de
CU00283,2025-08-30,Germany,34.0,Family,Referral,True,white,Scorpio,de
CU01317,2024-04-11,France,46.0,Professional,Organic Search,False,green,Gemini,fr
CU02302,2026-05-26,Germany,76.0,Senior,Paid Social,False,purple,Gemini,de
CU01393,2023-08-24,,49.0,Professional,Paid Social,True,blue,Libra,de
CU01945,2026-10-02,,26.0,Professional,Organic Search,False,blue,Capricorn,de
CU03010,2025-07-23,Germany,,Student,Paid Social,False,green,Capricorn,de
CU01579,2024-10-20,France,66.0,Senior,Organic Search,False,black,Taurus,nl
CU02458,2024-12-26,Germany,43.0,Professional,Organic Search,True,black,Gemini,de
CU02838,2025-08-06,Netherlands,17.0,Professional,Paid Social,True,red,Aries,en
CU00350,2025-06-29,,22.0,Student,Organic Search,True,red,Capricorn,de
CU00367,2024-04-28,Germany,44.0,Professional,Direct,True,green,Taurus,de
CU01046,2024-10-21,Netherlands,31.0,Professional,Organic Search,False,purple,Sagittarius,pl
CU01673,2024-05-21,Germany,69.0,Senior,Referral,True,black,Pisces,de
CU02786,2025-08-14,Austria,22.0,Student,Paid Social,False,white,Pisces,de
CU01580,2024-08-21,Netherlands,76.0,Senior,Organic Search,False,blue,Leo,nl
CU00302,2023-09-17,Netherlands,40.0,Professional,Newsletter,True,red,Scorpio,nl
CU02319,2023-10-18,Switzerland,49.0,Professional,Referral,False,green,Virgo,de
CU02522,2025-09-18,Germany,,Student,Direct,False,red,Aquarius,de
CU00813,2024-05-15,,63.0,Senior,Referral,True,blue,Libra,en
CU02642,2025-07-03,Germany,21.0,Student,Paid Social,True,purple,Pisces,de
CU02817,2025-08-14,Germany,18.0,Student,Paid Social,True,white,Libra,de
CU01431,2024-09-25,Germany,27.0,Professional,Paid Social,False,black,Gemini,de
CU01562,2025-04-26,France,66.0,Senior,Organic Search,True,black,Taurus,pl
CU02010,2025-07-31,Switzerland,30.0,Family,Newsletter,True,green,Libra,de
CU01549,2025-07-28,Germany,47.0,Professional,Organic Search,True,white,Capricorn,de
CU02819,2025-08-07,France,20.0,Student,Paid Social,False,green,Pisces,en
CU01594,2025-12-05,Germany,26.0,Student,Organic Search,False,red,Gemini,de
CU01491,2024-05-05,Poland,35.0,Professional,Organic Search,False,red,Aries,pl
CU02185,2024-01-27,France,,Professional,Referral,True,red,Aquarius,nl
CU02796,2025-08-24,Germany,23.0,Professional,Paid Social,False,green,Aquarius,de
CU02822,2025-08-30,Germany,17.0,Student,Paid Social,True,blue,Gemini,de
CU02763,2025-07-12,Germany,,Student,Paid Social,False,black,Taurus,de
CU00395,2024-12-21,Germany,45.0,Family,Direct,False,purple,Scorpio,de
CU02075,2026-03-03,Netherlands,32.0,Family,Referral,True,red,Gemini,nl
CU02735,2025-08-10,Germany,24.0,Professional,Paid Social,True,purple,Libra,de
CU02285,2024-03-28,Austria,,Student,Direct,False,purple,Sagittarius,de
CU02159,2023-08-01,Germany,48.0,Professional,Direct,True,green,Sagittarius,de
CU00474,2023-11-22,France,45.0,Professional,Direct,False,purple,Pisces,en
CU00969,2023-10-31,Germany,26.0,Student,Organic Search,False,white,Cancer,de
CU01876,2023-09-02,Austria,19.0,Student,Paid Social,False,blue,Virgo,de
CU02450,2025-01-17,Austria,20.0,Student,Paid Social,True,purple,Leo,de
CU01736,2025-08-26,Poland,31.0,Professional,Paid Social,True,blue,Cancer,fr
CU00897,2023-10-19,Austria,23.0,Student,Organic Search,False,purple,Scorpio,de
CU00193,2024-08-15,Switzerland,44.0,Family,Referral,False,green,Aries,de
CU00292,2026-10-05,Germany,39.0,Family,Direct,False,red,Scorpio,de
CU01433,2025-02-26,,45.0,Professional,Newsletter,True,black,Libra,de
CU02393,2026-03-08,Austria,33.0,Professional,Newsletter,False,red,Scorpio,de
CU02127,2026-05-22,Germany,41.0,Professional,Direct,False,white,Taurus,de
CU01934,2025-08-04,Germany,73.0,Senior,Paid Social,True,red,Virgo,de
CU02239,2024-03-28,Germany,19.0,Student,Direct,False,red,Gemini,de
CU01178,2025-04-23,France,26.0,Student,Direct,False,white,Libra,nl
CU00631,2024-11-17,Netherlands,43.0,Family,Newsletter,True,black,Pisces,pl
CU01792,2025-09-22,Germany,38.0,Family,Organic Search,False,purple,Capricorn,de
CU01179,2024-07-29,,32.0,Professional,Organic Search,False,purple,Sagittarius,de
CU00926,2026-04-24,,39.0,Professional,Referral,False,purple,Scorpio,de
CU00088,2024-03-16,Germany,38.0,Professional,Newsletter,False,purple,Sagittarius,de
CU00900,2025-01-19,Switzerland,67.0,Senior,Organic Search,False,purple,Gemini,de
CU01436,2025-09-04,Germany,35.0,Family,Referral,False,green,Cancer,de
CU02705,2025-08-20,Germany,19.0,Student,Paid Social,False,red,Aquarius,de
CU00041,2025-05-24,Germany,26.0,Student,Newsletter,False,white,Taurus,de
CU02021,2024-01-12,Germany,23.0,Student,Paid Social,True,blue,Libra,de
CU01211,2025-09-06,Switzerland,,Professional,Newsletter,False,white,Aries,de
CU00458,2026-04-13,Germany,75.0,Senior,Direct,True,purple,Capricorn,de
CU01353,2024-11-08,Germany,30.0,Family,Newsletter,True,white,Aries,de
CU02464,2025-06-14,Germany,36.0,Professional,Organic Search,True,white,Aquarius,de
CU02209,2023-07-18,Germany,43.0,Professional,Direct,True,green,Gemini,de
CU00011,2024-09-16,Austria,26.0,Student,Paid Social,True,white,Leo,de
CU02457,2026-05-29,France,37.0,Family,Paid Social,True,purple,Libra,fr
CU03038,2025-08-28,Germany,18.0,Student,Paid Social,False,white,Aquarius,de
CU00158,2023-08-03,Austria,29.0,Professional,Paid Social,True,white,Gemini,de
CU00249,2023-08-19,Germany,41.0,Professional,Paid Social,True,black,Libra,de
CU02985,2025-06-29,Germany,18.0,Student,Paid Social,False,blue,Libra,de
CU01708,2025-03-18,Germany,46.0,Professional,Direct,False,black,Libra,de
CU01653,2023-11-11,Germany,40.0,Family,Organic Search,False,red,Cancer,de
CU03001,2025-08-02,Switzerland,24.0,Student,Paid Social,False,green,Aries,de
CU00689,2025-12-22,Germany,31.0,Family,Newsletter,False,purple,Taurus,de
CU01659,2023-11-20,Austria,32.0,Family,Direct,False,purple,Taurus,de
CU00518,2023-08-26,Germany,21.0,Student,Paid Social,False,purple,Pisces,de
CU00938,2026-01-29,Germany,44.0,Professional,Direct,True,blue,Cancer,de
CU01738,2025-08-03,Poland,23.0,Student,Newsletter,True,blue,Libra,fr
CU01345,2024-06-26,Germany,26.0,Student,Organic Search,False,blue,Scorpio,de
CU03119,2025-07-14,Germany,23.0,Student,Paid Social,False,red,Libra,de
CU02765,2025-07-31,Austria,19.0,Student,Paid Social,True,black,Gemini,de
CU02353,2025-08-17,Switzerland,26.0,Student,Newsletter,False,white,Pisces,de
CU00784,2025-09-13,Netherlands,39.0,Professional,Paid Social,False,purple,Libra,en
CU03114,2025-08-14,Switzerland,22.0,Student,Paid Social,False,green,Sagittarius,de
CU01101,2024-10-16,Germany,23.0,Student,Referral,False,blue,Libra,de
CU02300,2024-09-18,Germany,37.0,Professional,Organic Search,False,black,Sagittarius,de
CU02924,2025-08-14,France,,Professional,Paid Social,False,white,Sagittarius,nl
CU00886,2026-03-07,Germany,41.0,Family,Paid Social,False,red,Cancer,de
CU00731,2023-11-21,Germany,28.0,Professional,Organic Search,True,green,Aries,de
CU00112,2025-04-05,Germany,22.0,Student,Paid Social,False,white,Libra,de
CU03011,2025-06-29,Austria,19.0,Student,Paid Social,True,white,Libra,de
CU02462,2024-07-28,Germany,36.0,Professional,Organic Search,True,red,Scorpio,de
CU02119,2024-06-22,Germany,20.0,Student,Direct,False,blue,Taurus,de
CU01323,2026-05-03,Germany,45.0,Family,Organic Search,False,red,Aries,de
CU00202,2024-12-24,Germany,68.0,Senior,Organic Search,True,green,Sagittarius,de
CU01061,2025-07-08,Germany,46.0,Professional,Newsletter,False,blue,Scorpio,de
CU02506,2024-04-06,Germany,40.0,Family,Organic Search,True,black,Sagittarius,de
CU00817,2025-05-12,Austria,37.0,Professional,Organic Search,False,black,Taurus,de
CU02151,2025-04-08,Poland,21.0,Student,Paid Social,True,green,Leo,pl
CU01078,2025-10-02,Switzerland,37.0,Professional,Referral,True,green,Libra,de
CU01735,2023-09-17,France,61.0,Senior,Organic Search,False,white,Scorpio,en
CU01197,2024-10-19,France,25.0,Student,Paid Social,True,white,Capricorn,pl
CU02335,2024-02-20,Austria,22.0,Student,Organic Search,False,white,Leo,de
CU02948,2025-08-10,Germany,,Professional,Paid Social,False,blue,Aries,de
CU02490,2024-10-15,Germany,35.0,Family,Direct,True,green,Scorpio,de
CU01297,2024-01-11,Germany,32.0,Family,Direct,False,green,Scorpio,de
CU02839,2025-08-22,Germany,17.0,Professional,Paid Social,False,purple,Aries,de
CU01963,2023-12-29,Germany,76.0,Senior,Paid Social,True,purple,Libra,de
CU01895,2023-07-24,Switzerland,24.0,Student,Newsletter,False,green,Virgo,de
CU01871,2024-02-24,Germany,43.0,Family,Organic Search,False,white,Capricorn,de
CU02734,2025-08-17,Germany,19.0,Student,Paid Social,False,white,Cancer,de
CU03005,2025-08-17,Germany,22.0,Professional,Paid Social,False,white,Scorpio,de
CU00300,2025-06-09,Germany,36.0,Family,Paid Social,True,blue,Aries,de
CU00976,2024-09-20,Poland,39.0,Professional,Organic Search,False,blue,Leo,en
CU02544,2025-01-21,Germany,24.0,Student,Organic Search,False,black,Sagittarius,de
CU01502,2024-11-28,Netherlands,31.0,Professional,Paid Social,True,black,Aries,nl
CU02900,2025-07-26,Germany,20.0,Student,Paid Social,False,white,Sagittarius,de
CU00603,2025-11-27,Switzerland,46.0,Family,Direct,False,white,Leo,de
CU01065,2023-07-04,Switzerland,33.0,Family,Paid Social,False,purple,Virgo,de
CU01218,2024-07-10,Switzerland,30.0,Professional,Organic Search,False,red,Aquarius,de
CU01596,2026-05-06,Poland,46.0,Family,Newsletter,True,white,Virgo,en
CU00066,2024-06-25,Austria,45.0,Professional,Organic Search,True,black,Aries,de
CU00725,2024-04-20,Austria,32.0,Professional,Paid Social,True,purple,Aries,de
CU01566,2026-03-13,Germany,34.0,Professional,Paid Social,False,green,Aries,de
CU02432,2024-08-01,Germany,35.0,Professional,Direct,True,black,Scorpio,de
CU02625,2025-07-09,Germany,,Student,Paid Social,False,black,Capricorn,de
CU01585,2025-06-25,Germany,40.0,Family,Newsletter,False,purple,Gemini,de
CU01649,2025-07-22,France,36.0,Professional,Paid Social,True,purple,Libra,nl
CU00196,2025-05-21,Germany,38.0,Family,Newsletter,True,red,Pisces,de
CU01830,2025-01-08,Germany,32.0,Family,Organic Search,False,blue,Virgo,de
CU01769,2024-01-11,Germany,27.0,Professional,Organic Search,False,green,Gemini,de
CU00774,2025-08-14,Germany,32.0,Family,Newsletter,True,black,Aquarius,de
CU01863,2025-05-24,Germany,31.0,Family,Paid Social,False,red,Capricorn,de
CU00331,2025-01-27,Netherlands,47.0,Family,Direct,True,blue,Capricorn,en
CU01074,2024-12-08,Germany,20.0,Student,Organic Search,True,red,Virgo,de
CU01040,2026-04-08,France,76.0,Senior,Paid Social,True,white,Taurus,fr
CU02545,2024-10-21,Netherlands,45.0,Professional,Organic Search,False,black,Taurus,nl
CU00752,2026-03-16,Poland,36.0,Family,Organic Search,True,green,Cancer,en
CU00394,2024-07-21,Germany,24.0,Student,Organic Search,True,white,Aries,de
CU03042,2025-07-26,Germany,25.0,Professional,Paid Social,True,green,Virgo,de
CU02513,2025-08-11,Poland,26.0,Student,Paid Social,True,purple,Aquarius,nl
CU01678,2024-06-05,France,48.0,Professional,Newsletter,True,red,Capricorn,pl
CU01071,2023-07-08,Germany,30.0,Professional,Newsletter,True,black,Aquarius,de
CU01552,2026-07-03,Switzerland,23.0,Student,Referral,False,black,Libra,de
CU00228,2024-08-02,Netherlands,40.0,Family,Direct,True,white,Cancer,nl
CU00315,2025-01-11,Poland,34.0,Professional,Direct,False,purple,Cancer,pl
CU01988,2024-10-14,Switzerland,39.0,Family,Direct,False,white,Taurus,de
CU02636,2025-07-17,Germany,23.0,Student,Paid Social,False,purple,Pisces,de
CU00778,2024-12-27,Germany,32.0,Professional,Referral,False,blue,Scorpio,de
CU01264,2024-06-16,Germany,22.0,Student,Organic Search,True,white,Cancer,de
CU00274,2024-11-08,Germany,37.0,Professional,Organic Search,False,white,Virgo,de
CU00383,2025-01-15,Germany,42.0,Professional,Paid Social,True,green,Capricorn,de
CU01510,2025-06-25,Netherlands,45.0,Professional,Paid Social,False,purple,Cancer,en
CU00708,2025-06-26,,24.0,Student,Newsletter,False,green,Sagittarius,en
CU00225,2025-03-18,Germany,45.0,Professional,Direct,False,black,Aquarius,de
CU01768,2026-01-06,Germany,64.0,Senior,Paid Social,True,white,Aquarius,de
CU01415,2025-05-16,Austria,43.0,Family,Referral,True,green,Gemini,de
CU03109,2025-08-03,Germany,23.0,Professional,Paid Social,True,red,Libra,de
CU02555,2025-03-09,Germany,34.0,Professional,Paid Social,True,white,Virgo,de
CU00103,2026-03-24,Switzerland,43.0,Family,Paid Social,True,purple,Gemini,de
CU02668,2025-06-07,,19.0,Student,Paid Social,False,red,Pisces,pl
CU02427,2023-10-10,Netherlands,43.0,Family,Referral,True,green,Gemini,en
CU01612,2026-05-18,Poland,39.0,Professional,Direct,False,black,Gemini,fr
CU01908,2025-09-21,France,24.0,Student,Organic Search,True,green,Aquarius,nl
CU02872,2025-07-24,France,21.0,Student,Paid Social,False,green,Sagittarius,pl
CU02916,2025-07-28,Netherlands,20.0,Student,Paid Social,True,black,Taurus,en
CU02176,2024-04-17,Germany,24.0,Student,Direct,False,purple,Taurus,de
CU01451,2024-08-14,Switzerland,22.0,Student,Organic Search,True,black,Libra,de
CU01866,2025-12-08,Germany,21.0,Student,Direct,False,purple,Aquarius,de
CU01133,2023-08-02,Germany,44.0,Family,Newsletter,False,black,Pisces,de
CU02930,2025-08-02,Germany,24.0,Student,Paid Social,False,white,Sagittarius,de
CU02599,2024-11-21,Austria,41.0,Family,Referral,True,white,Scorpio,de
CU00545,2023-08-04,Poland,33.0,Family,Organic Search,False,red,Cancer,fr
CU01536,2024-11-09,Germany,26.0,Student,Paid Social,False,green,Libra,de
CU03083,2025-07-22,Germany,25.0,Student,Paid Social,False,white,Sagittarius,de
CU01266,2024-05-21,Germany,,Senior,Direct,False,red,Scorpio,de
CU00590,2025-01-25,Austria,46.0,Family,Organic Search,False,black,Libra,de
CU02528,2025-04-29,France,42.0,Family,Organic Search,True,blue,Aries,en
CU02141,2026-04-28,Germany,24.0,Student,Organic Search,False,green,Capricorn,de
CU02442,2025-05-17,Germany,69.0,Senior,Newsletter,True,blue,Gemini,de
CU02371,2024-03-18,Poland,38.0,Family,Newsletter,False,white,Taurus,fr
CU02311,2024-02-15,Germany,49.0,Professional,Organic Search,False,blue,Pisces,de
CU00293,2025-12-31,Austria,33.0,Professional,Paid Social,False,black,Capricorn,de
CU02617,2025-08-15,Germany,23.0,Student,Paid Social,False,green,Aries,de
CU01588,2024-02-16,Germany,63.0,Senior,Direct,True,purple,Scorpio,de
CU02543,2025-03-19,Switzerland,35.0,Family,Organic Search,False,green,Virgo,de
CU02753,2025-08-27,Netherlands,18.0,Student,Paid Social,False,red,Libra,fr
CU01336,2025-03-12,Germany,49.0,Professional,Paid Social,False,green,Cancer,de
CU02339,2025-09-27,Germany,47.0,Professional,Paid Social,False,black,Libra,de
CU01537,2024-04-25,Germany,21.0,Student,Referral,False,black,Gemini,de
CU01696,2023-07-08,Switzerland,43.0,Professional,Paid Social,False,white,Aries,de
CU02552,2023-07-08,,28.0,Professional,Referral,False,black,Aquarius,de
CU02641,2025-08-08,Germany,24.0,Student,Paid Social,False,white,Taurus,de
CU00894,2023-06-07,Switzerland,46.0,Professional,Paid Social,True,purple,Taurus,de
CU01505,2024-12-01,Germany,77.0,Senior,Organic Search,True,white,Sagittarius,de
CU01648,2023-10-05,Germany,75.0,Senior,Paid Social,True,red,Aquarius,de
CU01146,2025-01-26,Germany,41.0,Professional,Direct,False,blue,Aquarius,de
CU02495,2023-07-03,Germany,64.0,Senior,Organic Search,True,green,Aquarius,de
CU01743,2024-12-03,Austria,46.0,Professional,Organic Search,False,red,Taurus,de
CU01826,2026-01-05,Germany,26.0,Professional,Paid Social,False,purple,Capricorn,de
CU00263,2025-09-29,France,33.0,Family,Paid Social,True,blue,Capricorn,nl
CU00496,2024-03-03,Germany,34.0,Family,Organic Search,False,purple,Pisces,de
CU01001,2026-01-12,Germany,44.0,Professional,Direct,False,red,Aries,de
CU00231,2023-11-21,Switzerland,22.0,Student,Referral,True,blue,Leo,de
CU00018,2024-05-24,Germany,40.0,Family,Organic Search,False,white,Capricorn,de
CU01418,2023-08-31,Germany,24.0,Student,Organic Search,True,black,Sagittarius,de
CU03065,2025-07-26,Germany,21.0,Student,Paid Social,False,purple,Libra,de
CU02066,2024-11-09,Netherlands,24.0,Student,Newsletter,False,red,Sagittarius,nl
CU01003,2023-10-11,France,20.0,Student,Direct,False,purple,Virgo,pl
CU01448,2024-04-22,Germany,44.0,Professional,Organic Search,False,blue,Pisces,de
CU00934,2025-07-12,Netherlands,30.0,Professional,Paid Social,True,black,Pisces,en
CU01788,2026-02-06,France,78.0,Senior,Direct,False,green,Taurus,fr
CU02568,2025-07-16,Germany,39.0,Family,Organic Search,False,blue,Sagittarius,de
CU00305,2025-06-14,Germany,46.0,Professional,Direct,False,green,Pisces,de
CU01901,2023-09-08,Germany,38.0,Professional,Paid Social,False,green,Aries,de
CU02379,2026-03-30,Poland,24.0,Student,Organic Search,False,blue,Taurus,pl
CU01894,2023-12-02,Germany,74.0,Senior,Referral,False,black,Libra,de
CU02014,2026-02-05,Netherlands,28.0,Professional,Organic Search,False,green,Aquarius,pl
CU02305,2023-07-21,Germany,42.0,Professional,Organic Search,False,white,Sagittarius,de
CU01995,2024-04-28,Poland,,Professional,Direct,False,red,Capricorn,fr
CU02049,2025-03-28,Netherlands,47.0,Family,Paid Social,True,green,Capricorn,pl
CU00368,2024-08-02,Germany,44.0,Family,Paid Social,True,purple,Leo,de
CU00606,2024-01-14,Germany,32.0,Professional,Direct,True,blue,Scorpio,de
CU00877,2023-10-22,Austria,64.0,Senior,Newsletter,True,green,Sagittarius,de
CU02191,2025-06-15,Germany,48.0,Professional,Direct,False,purple,Leo,de
CU02851,2025-08-04,Austria,22.0,Student,Paid Social,False,white,Virgo,de
CU00219,2026-03-04,Austria,24.0,Student,Direct,True,blue,Gemini,de
CU00188,2025-05-15,Germany,64.0,Senior,Paid Social,False,white,Aries,de
CU00703,2023-10-09,France,28.0,Professional,Organic Search,False,purple,Aquarius,nl
CU00347,2024-01-20,Poland,30.0,Family,Direct,True,blue,Virgo,en
CU00956,2026-08-01,Germany,44.0,Professional,Organic Search,False,purple,Gemini,de
CU02690,2025-07-21,Germany,20.0,Student,Paid Social,False,green,Aquarius,de
CU02291,2026-03-02,Germany,67.0,Senior,Paid Social,False,purple,Cancer,de
CU00439,2026-05-25,Germany,26.0,Student,Direct,True,red,Taurus,de
CU00809,2024-06-28,Germany,30.0,Family,Paid Social,False,blue,Cancer,de
CU02452,2024-09-24,Netherlands,28.0,Professional,Newsletter,False,green,Aquarius,nl
CU00997,2023-12-02,Germany,20.0,Student,Organic Search,False,blue,Taurus,de
CU01190,2024-08-03,Germany,19.0,Student,Organic Search,True,green,Libra,de
CU01685,2025-02-13,Switzerland,35.0,Professional,Direct,False,purple,Leo,de
CU01762,2025-09-13,Germany,35.0,Professional,Organic Search,False,green,Taurus,de
CU00446,2024-05-31,Switzerland,24.0,Student,Referral,True,black,Aries,de
CU02171,2023-11-09,Germany,20.0,Student,Referral,False,red,Aries,de
CU01400,2023-08-28,Germany,20.0,Student,Organic Search,False,green,Leo,de
CU00919,2024-10-26,Austria,39.0,Professional,Direct,True,blue,Aries,de
CU01048,2023-09-13,Germany,,Professional,Direct,False,white,Capricorn,de
CU01498,2025-01-29,Netherlands,24.0,Student,Organic Search,True,blue,Pisces,nl
CU01226,2024-05-26,France,35.0,Family,Organic Search,False,white,Cancer,pl
CU02326,2026-01-10,Poland,45.0,Family,Paid Social,False,red,Sagittarius,pl
CU03101,2025-06-29,Poland,17.0,Student,Paid Social,False,blue,Leo,en
CU02238,2024-11-09,Austria,999.0,Professional,Paid Social,True,blue,Libra,de
CU01967,2023-11-23,Austria,44.0,Professional,Paid Social,True,green,Aries,de
CU00946,2023-10-05,Netherlands,29.0,Professional,Organic Search,True,black,Aquarius,pl
CU01099,2024-03-21,France,23.0,Student,Direct,True,green,Taurus,en
CU00257,2025-05-17,Germany,77.0,Senior,Organic Search,False,purple,Virgo,de
CU00304,2024-09-23,,36.0,Family,Referral,False,black,Aries,de
CU00922,2025-06-15,Poland,19.0,Student,Referral,True,green,Capricorn,fr
CU01602,2024-07-14,France,33.0,Professional,Organic Search,False,white,Sagittarius,fr
CU02892,2025-06-25,Switzerland,19.0,Student,Paid Social,False,red,Virgo,de
CU02486,2024-07-21,France,28.0,Professional,Newsletter,False,red,Cancer,en
CU01222,2026-03-22,France,,Family,Paid Social,True,red,Scorpio,en
CU00261,2026-04-08,Germany,22.0,Student,Referral,False,black,Scorpio,de
CU01180,2025-12-04,Germany,30.0,Professional,Direct,True,purple,Scorpio,de
CU00757,2025-08-17,Switzerland,19.0,Student,Direct,True,white,Sagittarius,de
CU00599,2026-02-11,Germany,21.0,Student,Paid Social,True,red,Virgo,de
CU01662,2026-01-01,Germany,24.0,Student,Newsletter,False,purple,Sagittarius,de
CU01012,2024-03-27,Switzerland,26.0,Student,Organic Search,False,blue,Pisces,de
CU00536,2024-05-18,Germany,22.0,Student,Newsletter,False,black,Sagittarius,de
CU00589,2025-09-01,Germany,73.0,Senior,Referral,True,white,Aries,de
CU02165,2026-03-01,France,,Family,Newsletter,True,black,Gemini,fr
CU02186,2023-08-18,Germany,47.0,Professional,Paid Social,False,white,Gemini,de
CU02338,2024-06-20,Germany,43.0,Family,Newsletter,True,red,Pisces,de
CU01219,2025-02-13,Austria,67.0,Senior,Organic Search,False,green,Taurus,de
CU01468,2024-10-03,Poland,38.0,Professional,Newsletter,False,purple,Capricorn,fr
CU03076,2025-08-07,,22.0,Professional,Paid Social,True,red,Capricorn,de
CU01766,2025-12-26,France,41.0,Family,Referral,False,red,Sagittarius,nl
CU01590,2024-05-26,Germany,21.0,Student,Paid Social,True,black,Pisces,de
CU02137,2024-11-21,Austria,35.0,Family,Paid Social,False,purple,Gemini,de
CU00578,2025-12-06,Austria,73.0,Senior,Organic Search,False,blue,Aries,de
CU01987,2024-10-30,Poland,42.0,Professional,Direct,True,red,Aries,pl
CU01022,2024-05-29,Germany,44.0,Professional,Referral,True,green,Aries,de
CU01935,2025-10-16,Germany,42.0,Professional,Paid Social,True,red,Virgo,de
CU02794,2025-07-25,Germany,17.0,Student,Paid Social,False,black,Leo,de
CU02029,2023-10-25,Germany,35.0,Professional,Referral,True,black,Cancer,de
CU02016,2025-01-02,Germany,31.0,Family,Paid Social,False,blue,Taurus,de
CU02067,2023-09-07,Germany,20.0,Student,Direct,False,black,Leo,de
CU01856,2023-11-02,Austria,24.0,Student,Direct,False,red,Scorpio,de
CU01160,2023-09-09,Germany,26.0,Student,Paid Social,False,red,Sagittarius,de
CU01039,2023-08-03,Germany,33.0,Family,Organic Search,True,white,Scorpio,de
CU01385,2024-06-18,Germany,20.0,Student,Organic Search,True,red,Capricorn,de
CU01383,2026-01-28,Switzerland,33.0,Family,Direct,True,purple,Leo,de
CU00082,2026-01-07,Germany,32.0,Family,Organic Search,True,green,Leo,de
CU00152,2024-11-07,Germany,26.0,Student,Direct,True,purple,Scorpio,de
CU00726,2026-05-26,Germany,48.0,Professional,Newsletter,False,blue,Aries,de
CU00055,2025-01-01,Austria,61.0,Senior,Paid Social,True,blue,Cancer,de
CU03028,2025-07-23,Germany,24.0,Student,Paid Social,False,black,Cancer,de
CU01855,2025-01-30,Germany,35.0,Family,Organic Search,True,blue,Aquarius,de
CU01386,2024-12-12,Austria,36.0,Family,Direct,False,white,Sagittarius,de
CU01249,2024-01-25,Germany,19.0,Student,Organic Search,True,green,Aquarius,de
CU01748,2025-12-31,Germany,48.0,Professional,Referral,False,red,Virgo,de
CU01388,2024-09-23,France,33.0,Professional,Direct,False,red,Capricorn,pl
CU00587,2025-01-05,Austria,37.0,Family,Newsletter,True,white,Pisces,de
CU01484,2025-09-09,Germany,33.0,Family,Direct,False,green,Aries,de
CU00830,2024-01-23,Switzerland,,Senior,Organic Search,False,red,Leo,de
CU01069,2025-12-18,France,60.0,Senior,Organic Search,False,green,Aquarius,fr
CU02288,2025-03-09,Switzerland,49.0,Professional,Paid Social,False,purple,Taurus,de
CU02845,2025-08-26,Switzerland,24.0,Student,Paid Social,False,white,Scorpio,de
CU00472,2026-04-08,Poland,62.0,Senior,Referral,False,red,Sagittarius,en
CU02997,2025-06-23,Switzerland,22.0,Student,Paid Social,False,red,Capricorn,de
CU01682,2026-05-02,Switzerland,67.0,Senior,Organic Search,False,green,Aquarius,de
CU00989,2024-05-30,Germany,45.0,Family,Paid Social,True,black,Virgo,de
CU01021,2026-02-28,Netherlands,46.0,Family,Newsletter,True,blue,Virgo,nl
CU03118,2025-06-19,Switzerland,20.0,Student,Paid Social,True,red,Virgo,de
CU01269,2023-07-24,Germany,22.0,Student,Organic Search,False,black,Gemini,de
CU02856,2025-06-24,Germany,25.0,Student,Paid Social,False,purple,Gemini,de
CU00798,2024-11-15,Germany,21.0,Student,Organic Search,True,green,Pisces,de
CU02365,2025-08-28,Netherlands,40.0,Family,Direct,False,purple,Capricorn,nl
CU02002,2024-07-07,Germany,30.0,Professional,Paid Social,True,green,Sagittarius,de
CU02977,2025-08-27,Germany,19.0,Professional,Paid Social,True,green,Gemini,de
CU01593,2024-11-10,France,43.0,Professional,Paid Social,False,black,Aquarius,nl
CU02329,2025-12-23,Poland,43.0,Professional,Paid Social,True,green,Virgo,fr
CU01546,2024-06-03,Netherlands,66.0,Senior,Newsletter,False,green,Aries,nl
CU00682,2024-07-02,Germany,23.0,Student,Referral,True,blue,Cancer,de
CU02358,2025-04-14,France,36.0,Family,Direct,True,blue,Pisces,pl
CU02632,2025-07-14,Germany,23.0,Professional,Paid Social,False,red,Leo,de
CU02907,2025-06-20,Germany,24.0,Student,Paid Social,False,white,Pisces,de
CU00775,2026-02-08,Netherlands,22.0,Student,Organic Search,True,blue,Virgo,fr
CU02861,2025-07-26,Germany,24.0,Student,Paid Social,True,purple,Gemini,de
CU00526,2025-01-03,Germany,19.0,Student,Paid Social,True,purple,Virgo,de
CU01444,2024-07-03,Germany,32.0,Family,Organic Search,False,purple,Scorpio,de
CU02483,2024-12-06,Germany,47.0,Professional,Direct,False,green,Aries,de
CU01033,2025-04-17,France,35.0,Family,Organic Search,False,green,Taurus,pl
CU01828,2025-12-21,France,39.0,Family,Paid Social,False,green,Sagittarius,nl
CU01803,2025-05-10,Austria,,Senior,Direct,False,green,Leo,de
CU00170,2025-07-18,Germany,61.0,Senior,Newsletter,False,blue,Leo,de
CU00360,2025-05-01,Germany,19.0,Student,Direct,False,blue,Aries,de
CU00109,2025-08-03,France,27.0,Professional,Direct,False,black,Pisces,nl
CU02174,2023-11-27,Germany,44.0,Family,Organic Search,True,red,Leo,de
CU00665,2024-08-26,Germany,75.0,Senior,Newsletter,False,blue,Aries,de
CU02247,2023-10-10,Germany,27.0,Professional,Organic Search,False,green,Sagittarius,de
CU00583,2024-10-13,Germany,30.0,Professional,Paid Social,False,black,Libra,de
CU02133,2024-10-29,Germany,71.0,Senior,Organic Search,False,blue,Aries,de
CU01557,2025-07-16,Poland,48.0,Professional,Newsletter,True,red,Capricorn,en
CU00429,2026-02-15,Germany,42.0,Professional,Organic Search,False,blue,Virgo,de
CU02795,2025-07-10,France,23.0,Student,Paid Social,True,purple,Cancer,fr
CU02388,2025-08-15,Germany,39.0,Family,Direct,True,white,Capricorn,de
CU02048,2025-08-07,Germany,22.0,Student,Paid Social,False,red,Virgo,de
CU01228,2024-07-08,Germany,21.0,Student,Organic Search,True,white,Cancer,de
CU00371,2025-12-24,Germany,44.0,Professional,Direct,False,blue,Capricorn,de
CU00867,2026-03-13,Austria,40.0,Professional,Organic Search,True,red,Capricorn,de
CU02496,2025-07-22,Netherlands,44.0,Professional,Newsletter,False,green,Capricorn,en
CU01760,2025-11-13,Germany,41.0,Professional,Direct,False,white,Pisces,de
CU00701,2024-12-15,Switzerland,31.0,Professional,Direct,False,white,Cancer,de
CU01778,2024-09-09,Germany,49.0,Professional,Organic Search,True,blue,Capricorn,de
CU00875,2025-06-29,Germany,26.0,Professional,Newsletter,False,black,Scorpio,de
CU02178,2026-04-29,Netherlands,39.0,Professional,Paid Social,False,green,Virgo,pl
CU00791,2026-04-29,Germany,33.0,Professional,Direct,False,red,Gemini,de
CU00048,2025-10-13,Netherlands,32.0,Family,Paid Social,False,purple,Cancer,nl
CU01703,2026-03-03,Switzerland,34.0,Family,Paid Social,False,blue,Taurus,de
CU01229,2023-12-04,Netherlands,24.0,Student,Direct,True,white,Pisces,en
CU01992,2023-10-30,Austria,,Professional,Organic Search,True,red,Pisces,de
CU00059,2025-12-14,Austria,46.0,Professional,Paid Social,True,purple,Virgo,de
CU00073,2024-10-19,Poland,35.0,Family,Paid Social,True,purple,Scorpio,fr
CU01283,2024-11-12,France,49.0,Professional,Direct,False,green,Taurus,en
CU02710,2025-06-25,Austria,21.0,Student,Paid Social,True,blue,Aquarius,de
CU00840,2023-11-11,Austria,34.0,Family,Direct,False,purple,Sagittarius,de
CU01045,2023-11-22,Germany,30.0,Family,Newsletter,False,red,Aquarius,de
CU00914,2024-05-29,Germany,44.0,Professional,Referral,True,red,Taurus,de
CU00847,2023-07-07,Germany,41.0,Family,Organic Search,False,white,Capricorn,de
CU00336,2025-08-05,Germany,21.0,Student,Referral,False,blue,Aquarius,de
CU02364,2025-09-12,Netherlands,63.0,Senior,Organic Search,False,blue,Aries,pl
CU01174,2023-08-28,Austria,42.0,Professional,Referral,True,blue,Aries,de
CU00181,2025-02-13,Germany,19.0,Student,Organic Search,False,purple,Scorpio,de
CU03006,2025-07-06,Germany,20.0,Student,Paid Social,False,black,Aries,de
CU01044,2023-07-13,Austria,24.0,Student,Organic Search,True,red,Scorpio,de
CU00121,2023-08-16,Austria,19.0,Student,Paid Social,True,black,Libra,de
CU01437,2023-11-14,Germany,,Professional,Paid Social,True,purple,Gemini,de
CU02168,2024-01-22,Germany,48.0,Professional,Referral,False,blue,Aquarius,de
CU02369,2026-01-10,Germany,42.0,Professional,Direct,True,blue,Capricorn,de
CU01382,2025-04-12,Germany,42.0,Family,Newsletter,True,blue,Virgo,de
CU01152,2025-11-25,Germany,26.0,Professional,Referral,True,white,Scorpio,de
CU01519,2026-02-14,France,43.0,Family,Organic Search,True,white,Aries,pl
CU01917,2024-11-03,Germany,41.0,Family,Organic Search,True,black,Capricorn,de
CU01598,2025-07-03,Germany,46.0,Professional,Paid Social,False,white,Taurus,de
CU02556,2024-08-13,Netherlands,36.0,Professional,Direct,False,red,Pisces,pl
CU02889,2025-08-16,Poland,,Student,Paid Social,True,black,Taurus,pl
CU00416,2023-09-26,Germany,21.0,Student,Referral,True,black,Leo,de
CU01958,2025-06-02,Austria,28.0,Professional,Direct,True,black,Leo,de
CU01979,2024-10-22,Netherlands,26.0,Student,Referral,False,purple,Capricorn,en
CU00805,2026-09-03,Switzerland,45.0,Family,Referral,True,black,Leo,de
CU01476,2024-09-28,Netherlands,66.0,Senior,Direct,False,blue,Leo,fr
CU02109,2023-10-28,France,24.0,Student,Newsletter,False,purple,Leo,pl
CU01660,2026-02-24,Switzerland,31.0,Family,Paid Social,True,purple,Aries,de
CU00667,2025-03-03,Netherlands,26.0,Student,Organic Search,True,green,Leo,pl
CU01661,2026-04-03,Germany,34.0,Professional,Direct,False,black,Aries,de
CU02129,2025-07-27,Germany,,Professional,Paid Social,False,red,Capricorn,de
CU01408,2025-01-22,Germany,31.0,Family,Paid Social,True,blue,Virgo,de
CU01806,2025-01-20,Poland,21.0,Student,Referral,False,black,Virgo,pl
CU00528,2024-07-26,Switzerland,26.0,Student,Referral,False,green,Aries,de
CU02628,2025-08-30,Netherlands,24.0,Student,Paid Social,False,purple,Capricorn,en
CU02437,2024-09-15,Poland,72.0,Senior,Paid Social,True,white,Aries,nl
CU00182,2023-09-27,Germany,47.0,Professional,Referral,False,white,Virgo,de
CU00793,2025-11-10,Germany,,Professional,Referral,False,blue,Capricorn,de
CU01157,2023-06-10,Switzerland,26.0,Professional,Paid Social,False,purple,Taurus,de
CU00178,2023-10-17,Germany,48.0,Professional,Direct,True,white,Taurus,de
CU02752,2025-07-02,France,20.0,Student,Paid Social,False,purple,Libra,fr
CU02232,2023-03-11,Germany,67.0,Senior,Organic Search,True,white,Capricorn,de
CU00554,2026-01-28,Netherlands,38.0,Professional,Organic Search,False,blue,Sagittarius,nl
CU00782,2024-03-08,Austria,30.0,Family,Organic Search,True,red,Taurus,de
CU01873,2024-12-26,Germany,42.0,Family,Direct,True,green,Scorpio,de
CU02830,2025-06-26,Germany,23.0,Student,Paid Social,False,white,Pisces,de
CU00286,2025-02-22,Germany,38.0,Professional,Organic Search,False,purple,Aquarius,de
CU01655,2025-02-05,France,33.0,Family,Referral,False,blue,Leo,pl
CU00092,2026-05-12,Switzerland,,Family,Organic Search,True,purple,Capricorn,de
CU00621,2023-11-06,Germany,46.0,Professional,Paid Social,True,green,Libra,de
CU02195,2023-10-20,Switzerland,21.0,Student,Direct,False,red,Leo,de
CU02476,2023-10-11,Germany,27.0,Professional,Paid Social,True,purple,Aries,de
CU01611,2025-07-10,Germany,24.0,Student,Direct,True,blue,Sagittarius,de
CU02039,2023-12-10,Germany,33.0,Professional,Paid Social,False,red,Scorpio,de
CU01651,2023-02-12,Austria,31.0,Professional,Paid Social,False,white,Leo,de
CU01564,2024-10-06,Austria,23.0,Student,Paid Social,False,red,Sagittarius,de
CU02952,2025-06-19,Netherlands,18.0,Student,Paid Social,False,green,Capricorn,nl
CU01088,2025-02-22,France,42.0,Family,Referral,False,red,Aries,fr
CU00910,2024-08-19,France,77.0,Senior,Organic Search,False,blue,Capricorn,en
CU02847,2025-06-17,Germany,0.0,Professional,Paid Social,False,purple,Pisces,de
CU02007,2024-08-22,Netherlands,47.0,Professional,Paid Social,False,black,Scorpio,fr
CU02146,2026-03-15,Germany,43.0,Professional,Paid Social,True,purple,Taurus,de
CU01824,2024-09-04,Switzerland,44.0,Professional,Referral,True,red,Scorpio,de
CU02879,2025-07-06,Germany,24.0,Student,Paid Social,False,blue,Sagittarius,de
CU01865,2025-06-12,Germany,41.0,Family,Newsletter,True,green,Cancer,de
CU01231,2025-12-12,Germany,26.0,Student,Organic Search,False,white,Taurus,de
CU00928,2025-02-04,Germany,69.0,Senior,Newsletter,False,black,Taurus,de
CU01395,2025-02-16,Germany,39.0,Professional,Paid Social,True,black,Pisces,de
CU01081,2025-01-24,Germany,25.0,Student,Organic Search,True,purple,Libra,de
CU02767,2025-08-04,Germany,17.0,Student,Paid Social,True,black,Taurus,de
CU02253,2023-10-23,Germany,22.0,Student,Organic Search,False,purple,Scorpio,de
CU01942,2025-01-01,Germany,25.0,Student,Organic Search,False,blue,Virgo,de
CU02108,2025-10-04,Netherlands,23.0,Student,Paid Social,False,blue,Pisces,en
CU00276,2025-05-23,Germany,23.0,Student,Direct,False,white,Pisces,de
CU00750,2026-04-23,Austria,25.0,Student,Direct,False,red,Aries,de
CU00773,2024-02-17,Austria,43.0,Family,Paid Social,False,red,Cancer,de
CU03014,2025-07-20,Austria,23.0,Professional,Paid Social,False,blue,Pisces,de
CU01392,2025-05-06,Germany,61.0,Senior,Organic Search,True,purple,Aries,de
CU02351,2023-09-06,France,20.0,Student,Organic Search,False,black,Taurus,pl
CU01420,2025-11-20,Germany,28.0,Professional,Direct,True,purple,Cancer,de
CU00988,2024-02-14,Germany,25.0,Student,Paid Social,True,green,Scorpio,de
CU00960,2025-10-14,Netherlands,26.0,Student,Direct,False,green,Cancer,pl
CU02725,2025-06-28,Germany,23.0,Student,Paid Social,False,blue,Aquarius,de
CU02463,2024-01-08,Germany,30.0,Family,Newsletter,False,blue,Scorpio,de
CU02370,2026-05-24,Germany,26.0,Professional,Direct,False,blue,Cancer,de
CU00237,2023-12-30,Germany,26.0,Student,Organic Search,True,purple,Taurus,de
CU00792,2026-05-21,Germany,36.0,Family,Paid Social,False,blue,Libra,de
CU00994,2023-09-23,Germany,30.0,Professional,Organic Search,False,red,Pisces,de
CU02424,2024-01-31,Austria,33.0,Family,Paid Social,True,purple,Gemini,de
CU01442,2024-03-31,Germany,,Family,Direct,False,purple,Cancer,de
CU03064,2025-08-08,France,17.0,Student,Paid Social,True,black,Gemini,fr
CU00617,2024-10-17,Germany,32.0,Professional,Organic Search,True,red,Libra,de
CU00222,2025-04-23,Austria,34.0,Family,Direct,True,green,Virgo,de
CU01727,2024-04-10,Germany,24.0,Student,Organic Search,True,green,Libra,de
CU02425,2023-10-03,Germany,41.0,Professional,Organic Search,False,red,Scorpio,de
CU01295,2026-05-15,Germany,35.0,Professional,Paid Social,True,green,Libra,de
CU00814,2023-07-17,Germany,43.0,Family,Paid Social,True,black,Libra,de
CU00944,2024-05-03,Germany,21.0,Student,Paid Social,True,green,Libra,de
CU00907,2023-07-02,France,32.0,Family,Referral,False,white,Virgo,fr
CU00633,2025-03-17,Poland,20.0,Student,Newsletter,False,black,Virgo,pl
CU02785,2025-07-31,France,24.0,Professional,Paid Social,False,green,Sagittarius,pl
CU00138,2024-01-14,France,40.0,Family,Paid Social,True,purple,Taurus,en
CU02712,2025-08-27,Poland,24.0,Student,Paid Social,False,blue,Leo,pl
CU01518,2025-09-13,France,27.0,Professional,Newsletter,False,green,Aries,pl
CU02746,2025-08-30,Germany,21.0,Student,Paid Social,True,purple,Scorpio,de
CU02417,2025-04-21,Germany,78.0,Senior,Organic Search,True,white,Leo,de
CU01688,2025-04-22,Netherlands,,Student,Newsletter,False,green,Libra,pl
CU01037,2024-11-08,Germany,36.0,Professional,Paid Social,False,red,Pisces,de
CU02678,2025-08-18,Germany,18.0,Student,Paid Social,True,blue,Virgo,de
CU01416,2025-12-03,Switzerland,66.0,Senior,Paid Social,True,red,Pisces,de
CU02419,2025-08-01,Germany,19.0,Student,Direct,False,black,Gemini,de
CU02046,2024-07-15,Austria,23.0,Student,Paid Social,False,green,Aquarius,de
CU02649,2025-08-16,Germany,,Student,Paid Social,False,blue,Libra,de
CU02246,2025-10-15,Germany,42.0,Professional,Paid Social,True,white,Gemini,de
CU01027,2023-10-28,Germany,73.0,Senior,Organic Search,False,purple,Virgo,de
CU01929,2026-02-24,Germany,22.0,Student,Organic Search,False,red,Cancer,de
CU03087,2025-07-25,Switzerland,23.0,Student,Paid Social,False,white,Aries,de
CU00608,2023-11-22,Switzerland,23.0,Student,Paid Social,True,purple,Libra,de
CU02818,2025-08-24,Germany,25.0,Professional,Paid Social,True,green,Taurus,de
CU00684,2025-07-16,Netherlands,41.0,Family,Newsletter,True,black,Leo,pl
CU00440,2024-04-09,Germany,44.0,Professional,Referral,True,blue,Capricorn,de
CU02407,2025-12-18,Germany,39.0,Family,Paid Social,False,blue,Virgo,de
CU00095,2024-05-21,Germany,19.0,Student,Paid Social,False,purple,Scorpio,de
CU02125,2023-12-14,Poland,24.0,Student,Organic Search,False,white,Sagittarius,en
CU01774,2025-08-16,Germany,21.0,Student,Referral,False,red,Taurus,de
CU02331,2026-04-22,Germany,24.0,Student,Referral,False,white,Leo,de
CU01697,2024-08-01,Poland,35.0,Family,Paid Social,False,black,Taurus,fr
CU00269,2025-06-15,Germany,40.0,Family,Organic Search,True,red,Libra,de
CU00033,2024-09-14,Germany,19.0,Student,Newsletter,True,green,Leo,de
CU00200,2026-05-13,France,31.0,Professional,Referral,False,white,Sagittarius,en
CU01302,2025-03-28,Austria,41.0,Professional,Direct,False,black,Capricorn,de
CU00229,2023-05-07,Poland,24.0,Student,Paid Social,False,red,Leo,en
CU00786,2025-05-08,France,25.0,Student,Paid Social,False,purple,Scorpio,nl
CU01786,2025-01-21,Switzerland,20.0,Student,Organic Search,False,white,Gemini,de
CU00303,2026-04-15,Germany,23.0,Student,Paid Social,False,green,Aries,de
CU01725,2026-05-15,Netherlands,79.0,Senior,Referral,True,white,Gemini,en
CU02842,2025-07-15,Germany,22.0,Student,Paid Social,False,blue,Libra,de
CU02197,2025-03-21,France,44.0,Professional,Referral,False,blue,Aquarius,pl
CU02803,2025-08-23,Germany,21.0,Student,Paid Social,False,white,Aries,de
CU00135,2025-06-01,Poland,,Professional,Paid Social,False,white,Gemini,fr
CU00552,2024-06-26,Germany,39.0,Professional,Organic Search,False,red,Pisces,de
CU01676,2026-05-23,Austria,63.0,Senior,Newsletter,False,red,Cancer,de
CU00680,2025-05-23,Germany,26.0,Student,Organic Search,False,purple,Pisces,de
CU01464,2024-11-01,Netherlands,20.0,Student,Referral,False,red,Gemini,pl
CU00881,2024-04-06,Austria,,Family,Direct,True,blue,Gemini,de
CU02107,2024-02-18,France,32.0,Professional,Paid Social,False,green,Pisces,pl
CU02733,2025-08-02,Austria,22.0,Professional,Paid Social,False,blue,Gemini,de
CU00481,2026-03-27,Germany,20.0,Student,Direct,True,red,Capricorn,de
CU02778,2025-06-27,Netherlands,17.0,Student,Paid Social,True,green,Leo,fr
CU02227,2025-09-20,Poland,23.0,Student,Paid Social,False,black,Libra,en
CU02578,2025-09-15,Germany,34.0,Professional,Organic Search,True,green,Libra,de
CU01731,2026-01-04,France,19.0,Student,Organic Search,True,green,Virgo,fr
CU03117,2025-06-23,Austria,18.0,Professional,Paid Social,False,green,Sagittarius,de
CU01560,2024-08-01,Netherlands,47.0,Family,Newsletter,False,green,Libra,fr
CU01118,2024-09-04,Austria,26.0,Student,Organic Search,False,blue,Capricorn,de
CU02323,2024-08-20,Poland,26.0,Professional,Referral,False,green,Aquarius,fr
CU03074,2025-08-22,Austria,20.0,Student,Paid Social,False,purple,Leo,de
CU00288,2024-12-16,Germany,,Professional,Referral,False,black,Aries,de
CU01650,2025-11-27,Netherlands,61.0,Senior,Organic Search,False,red,Cancer,fr
CU00502,2025-12-31,Germany,23.0,Student,Organic Search,False,purple,Libra,de
CU00120,2023-10-10,Switzerland,34.0,Family,Paid Social,False,black,Aquarius,de
CU00365,2023-10-20,Germany,65.0,Senior,Organic Search,False,white,Sagittarius,de
CU03021,2025-08-28,Germany,20.0,Student,Paid Social,True,red,Cancer,de
CU02561,2023-11-07,Switzerland,78.0,Senior,Direct,True,white,Scorpio,de
CU00558,2025-06-02,Germany,,Family,Paid Social,True,white,Capricorn,de
CU02743,2025-07-28,Netherlands,22.0,Student,Paid Social,True,purple,Taurus,en
CU00562,2024-09-27,France,72.0,Senior,Organic Search,False,white,Sagittarius,fr
CU03004,2025-07-29,Germany,20.0,Student,Paid Social,False,white,Capricorn,de
CU00509,2024-08-04,Germany,75.0,Senior,Referral,True,blue,Pisces,de
CU02572,2024-04-14,Germany,41.0,Professional,Paid Social,True,purple,Scorpio,de
CU01968,2023-08-11,Germany,,Family,Direct,True,white,Sagittarius,de
CU01143,2025-06-22,Germany,20.0,Student,Paid Social,False,purple,Scorpio,de
CU02103,2025-09-01,Germany,70.0,Senior,Direct,True,blue,Capricorn,de
CU02400,2026-04-18,Austria,33.0,Family,Organic Search,True,blue,Cancer,de
CU01449,2025-06-22,Germany,,Professional,Direct,True,red,Sagittarius,de
CU01922,2024-10-30,Austria,45.0,Family,Referral,False,white,Aquarius,de
CU02964,2025-08-22,Germany,22.0,Student,Paid Social,False,red,Pisces,de
CU00991,2025-03-19,Germany,0.0,Student,Referral,False,purple,Taurus,de
CU01031,2026-04-09,Germany,34.0,Professional,Newsletter,True,blue,Aries,de
CU00980,2024-07-07,Germany,61.0,Senior,Organic Search,True,black,Libra,de
CU00574,2025-11-30,Germany,25.0,Student,Referral,False,red,Leo,de
CU01170,2025-04-02,France,44.0,Family,Organic Search,False,purple,Sagittarius,en
CU01931,2025-11-30,Germany,40.0,Professional,Paid Social,False,white,Pisces,de
CU00234,2026-03-18,Germany,65.0,Senior,Referral,False,white,Gemini,de
CU02573,2025-01-12,Germany,78.0,Senior,Organic Search,False,blue,Aries,de
CU00342,2025-12-13,Germany,33.0,Professional,Organic Search,False,blue,Gemini,de
CU02584,2025-03-12,Austria,37.0,Family,Organic Search,False,red,Sagittarius,de
CU00083,2025-05-30,Netherlands,42.0,Family,Paid Social,False,white,Leo,fr
CU02923,2025-07-21,Germany,19.0,Student,Paid Social,False,purple,Capricorn,de
CU00189,2025-07-24,Germany,70.0,Senior,Organic Search,True,white,Capricorn,de
CU00871,2024-01-22,France,32.0,Family,Direct,False,green,Aries,pl
CU01597,2025-06-15,Germany,24.0,Student,Direct,True,purple,Virgo,de
CU00550,2024-01-31,Germany,40.0,Professional,Newsletter,False,purple,Capricorn,de
CU00974,2024-09-29,Germany,39.0,Professional,Organic Search,True,blue,Taurus,de
CU01121,2026-02-18,Germany,19.0,Student,Paid Social,True,purple,Gemini,de
CU01946,2024-01-19,Switzerland,22.0,Student,Direct,True,red,Scorpio,de
CU01164,2025-07-21,Germany,24.0,Student,Referral,False,blue,Cancer,de
CU00765,2024-10-20,Austria,38.0,Professional,Organic Search,True,purple,Aquarius,de
CU01139,2023-09-18,Germany,21.0,Student,Referral,True,black,Gemini,de
CU00544,2023-09-10,Netherlands,46.0,Family,Organic Search,False,white,Leo,fr
CU00478,2024-02-12,Germany,19.0,Student,Referral,False,purple,Gemini,de
CU01965,2024-07-16,Austria,-1.0,Senior,Organic Search,False,black,Leo,de
CU00985,2023-12-11,France,31.0,Professional,Paid Social,False,white,Virgo,fr
CU02846,2025-08-15,Germany,20.0,Student,Paid Social,True,green,Libra,de
CU01460,2025-03-24,Poland,24.0,Student,Referral,True,purple,Capricorn,en
CU00398,2023-11-20,Germany,36.0,Professional,Referral,True,green,Sagittarius,de
CU02352,2025-11-20,Germany,21.0,Student,Referral,False,white,Libra,de
CU00655,2024-02-27,Switzerland,40.0,Professional,Referral,False,green,Sagittarius,de
CU00855,2024-03-16,Netherlands,41.0,Family,Referral,False,blue,Aries,en
CU01574,2025-04-27,Austria,35.0,Professional,Referral,False,purple,Gemini,de
CU01127,2025-11-21,Germany,29.0,Professional,Organic Search,False,green,Sagittarius,de
CU00856,2025-06-20,Germany,45.0,Family,Organic Search,False,white,Capricorn,de
CU00251,2025-10-20,,25.0,Student,Newsletter,False,red,Libra,de
CU01910,2025-09-24,Germany,25.0,Student,Paid Social,False,blue,Virgo,de
CU02953,2025-07-18,Germany,22.0,Professional,Paid Social,False,purple,Libra,de
CU02110,2023-12-17,Germany,28.0,Professional,Organic Search,False,white,Cancer,de
CU00281,2024-09-07,Germany,32.0,Professional,Referral,False,red,Pisces,de
CU01402,2024-12-20,Germany,38.0,Professional,Referral,False,red,Pisces,de
CU01172,2025-05-06,Poland,24.0,Student,Newsletter,False,white,Aries,en
CU02295,2026-04-25,Germany,42.0,Family,Paid Social,True,purple,Aries,de
CU02283,2024-01-28,Netherlands,30.0,Family,Direct,False,black,Taurus,en
CU00959,2025-12-08,Germany,32.0,Family,Paid Social,True,purple,Sagittarius,de
CU01791,2023-10-02,Germany,30.0,Professional,Referral,False,red,Aquarius,de
CU00930,2025-12-31,Germany,31.0,Family,Paid Social,False,black,Taurus,de
CU00675,2025-07-11,Germany,49.0,Professional,Paid Social,True,blue,Libra,de
CU00469,2023-08-24,,43.0,Family,Paid Social,True,red,Scorpio,nl
CU02891,2025-06-15,,21.0,Student,Paid Social,False,purple,Scorpio,de
CU00588,2025-07-30,Germany,40.0,Professional,Newsletter,False,blue,Sagittarius,de
CU00430,2023-09-20,Austria,45.0,Family,Organic Search,False,white,Cancer,de
CU00486,2025-11-13,Austria,47.0,Professional,Organic Search,False,white,Pisces,de
CU02773,2025-08-16,Poland,20.0,Student,Paid Social,True,red,Aquarius,pl
CU00995,2024-02-29,Netherlands,22.0,Student,Referral,True,blue,Libra,fr
CU00556,2024-06-06,Germany,40.0,Family,Paid Social,False,black,Pisces,de
CU00187,2024-10-14,Austria,35.0,Family,Organic Search,True,purple,Libra,de
CU00167,2023-10-14,Netherlands,,Student,Organic Search,False,blue,Virgo,pl
CU01079,2025-11-21,,26.0,Student,Paid Social,False,purple,Leo,de
CU01256,2024-06-13,Germany,39.0,Professional,Organic Search,True,black,Taurus,de
CU00477,2023-07-20,Switzerland,19.0,Student,Newsletter,True,black,Sagittarius,de
CU02940,2025-07-19,Germany,,Student,Paid Social,True,blue,Capricorn,de
CU01009,2025-02-06,Germany,32.0,Professional,Direct,False,white,Aquarius,de
CU02242,2024-03-04,Netherlands,39.0,Professional,Referral,False,white,Cancer,fr
CU00057,2024-06-20,Germany,28.0,Professional,Paid Social,False,blue,Cancer,de
CU00209,2025-04-09,Netherlands,38.0,Family,Direct,False,black,Aries,en
CU02640,2025-06-15,France,22.0,Student,Paid Social,True,white,Pisces,en
CU01399,2025-01-02,Austria,23.0,Student,Organic Search,True,white,Pisces,de
CU01607,2025-02-15,Germany,,Senior,Direct,True,white,Libra,de
CU01767,2025-04-05,Germany,45.0,Professional,Paid Social,True,green,Pisces,de
CU01669,2026-02-21,Austria,26.0,Student,Referral,False,black,Cancer,de
CU00426,2024-09-30,Germany,78.0,Senior,Direct,True,purple,Leo,de
CU01154,2025-09-23,Germany,26.0,Student,Direct,True,white,Gemini,de
CU02163,2025-01-02,Germany,78.0,Senior,Referral,False,green,Libra,de
CU00242,2025-04-07,Germany,34.0,Professional,Direct,True,black,Sagittarius,de
CU01952,2025-07-03,Netherlands,33.0,Professional,Organic Search,True,black,Capricorn,fr
CU00896,2025-08-26,Austria,24.0,Student,Referral,False,purple,Aquarius,de
CU01745,2024-01-28,Netherlands,25.0,Student,Direct,False,white,Leo,en
CU00570,2026-05-14,Poland,25.0,Student,Referral,True,blue,Leo,pl
CU01508,2024-05-04,France,20.0,Student,Referral,False,blue,Taurus,nl
CU02169,2025-10-12,Germany,48.0,Professional,Organic Search,False,blue,Sagittarius,de
CU01331,2023-10-11,Germany,33.0,Professional,Paid Social,False,green,Libra,de
CU00837,2024-11-22,Germany,67.0,Senior,Referral,False,green,Capricorn,de
CU01358,2025-01-08,Switzerland,46.0,Family,Direct,True,red,Taurus,de
CU03031,2025-08-17,Germany,25.0,Student,Paid Social,False,green,Taurus,de
CU02661,2025-06-21,Germany,25.0,Student,Paid Social,False,green,Aquarius,de
CU02025,2026-03-23,Germany,43.0,Professional,Organic Search,False,purple,Virgo,de
CU01298,2023-12-25,Germany,30.0,Family,Paid Social,False,purple,Aries,de
CU01646,2023-10-31,Austria,40.0,Professional,Newsletter,True,white,Pisces,de
CU01930,2024-11-27,Germany,27.0,Professional,Paid Social,True,purple,Cancer,de
CU00803,2025-01-23,Germany,41.0,Professional,Referral,False,purple,Taurus,de
CU02935,2025-07-27,Poland,17.0,Student,Paid Social,False,purple,Virgo,fr
CU02180,2025-05-30,Germany,66.0,Senior,Paid Social,True,purple,Gemini,de
CU02030,2025-12-15,Poland,19.0,Student,Direct,False,purple,Aquarius,en
CU01565,2024-06-15,Germany,41.0,Family,Referral,False,black,Gemini,de
CU02797,2025-08-02,Germany,24.0,Professional,Paid Social,True,black,Taurus,de
CU02791,2025-07-07,Poland,17.0,Student,Paid Social,True,white,Capricorn,en
CU02612,2025-06-29,Netherlands,21.0,Student,Paid Social,False,purple,Libra,nl
CU02482,2026-03-06,,21.0,Student,Paid Social,False,white,Aquarius,fr
CU00651,2024-11-29,France,27.0,Professional,Paid Social,True,white,Aries,fr
CU01142,2024-10-27,Germany,41.0,Family,Referral,False,blue,Libra,de
CU03051,2025-01-08,Netherlands,20.0,Student,Paid Social,False,green,Gemini,nl
CU01691,2026-05-24,Germany,76.0,Senior,Direct,True,black,Aquarius,de
CU01647,2025-04-16,Austria,21.0,Student,Referral,True,purple,Aries,de
CU00094,2023-09-22,Germany,20.0,Student,Paid Social,True,green,Aries,de
CU02611,2025-07-10,Switzerland,20.0,Student,Paid Social,False,red,Aries,de
CU02882,2025-07-09,Germany,19.0,Student,Paid Social,False,green,Libra,de
CU00560,2023-12-29,Poland,60.0,Senior,Organic Search,False,red,Taurus,pl
CU00818,2024-12-14,Austria,20.0,Student,Organic Search,True,green,Aries,de
CU01658,2025-07-18,Germany,24.0,Student,Paid Social,True,black,Pisces,de
CU01852,2023-08-03,Germany,34.0,Professional,Referral,True,blue,Libra,de
CU00738,2023-09-30,Germany,,Student,Direct,False,white,Libra,de
CU02962,2025-08-23,Germany,20.0,Professional,Paid Social,True,black,Aries,de
CU02920,2025-08-04,Poland,21.0,Professional,Paid Social,False,blue,Aries,pl
CU02214,2023-08-07,Netherlands,32.0,Professional,Paid Social,False,white,Aquarius,fr
CU01017,2024-04-07,Germany,44.0,Family,Paid Social,True,green,Aquarius,de
CU01072,2024-03-01,Switzerland,44.0,Professional,Organic Search,False,black,Sagittarius,de
CU02613,2025-07-21,Austria,23.0,Student,Paid Social,False,green,Aquarius,de
CU00624,2024-03-31,Switzerland,44.0,Family,Organic Search,True,green,Sagittarius,de
CU02205,2024-10-10,Germany,44.0,Family,Paid Social,True,black,Aries,de
CU00220,2026-05-18,Germany,22.0,Student,Organic Search,False,blue,Leo,de
CU00258,2026-05-05,Germany,38.0,Professional,Direct,False,black,Aquarius,de
CU01209,2025-04-01,Poland,23.0,Student,Paid Social,True,green,Taurus,fr
CU01927,2026-04-16,Germany,34.0,Professional,Paid Social,True,black,Leo,de
CU01239,2024-06-27,Netherlands,37.0,Family,Direct,True,red,Leo,fr
CU01075,2024-05-16,Germany,,Student,Organic Search,False,blue,Aquarius,de
CU00217,2023-10-19,Germany,36.0,Professional,Paid Social,True,black,Leo,de
CU01784,2025-10-19,Germany,0.0,Professional,Organic Search,False,green,Libra,de
CU03035,2025-07-13,Germany,25.0,Professional,Paid Social,False,red,Taurus,de
CU00511,2025-08-20,Netherlands,19.0,Student,Referral,False,green,Aquarius,pl
CU01029,2026-03-28,France,25.0,Student,Paid Social,True,red,Scorpio,fr
CU02840,2025-08-06,Germany,19.0,Student,Paid Social,True,green,Cancer,de
CU00593,2024-04-18,Austria,64.0,Senior,Organic Search,False,blue,Pisces,de
CU00493,2024-12-07,Germany,44.0,Professional,Direct,False,blue,Taurus,de
CU00332,2023-08-02,Germany,72.0,Senior,Paid Social,False,green,Scorpio,de
CU02161,2023-07-19,Germany,74.0,Senior,Paid Social,True,white,Sagittarius,de
CU01898,2024-03-24,Germany,61.0,Senior,Paid Social,True,purple,Taurus,de
CU00415,2024-09-22,Germany,38.0,Professional,Referral,True,purple,Scorpio,de
CU00036,2024-01-30,Switzerland,22.0,Student,Organic Search,False,green,Sagittarius,de
CU02869,2025-07-10,Netherlands,22.0,Student,Paid Social,False,white,Capricorn,pl
CU02035,2024-12-17,Germany,48.0,Professional,Paid Social,True,black,Aries,de
CU00645,2025-04-19,Germany,33.0,Family,Paid Social,True,green,Taurus,de
CU01224,2025-06-02,Switzerland,38.0,Family,Organic Search,True,green,Aries,de
CU01150,2024-09-23,Germany,67.0,Senior,Organic Search,False,white,Leo,de
CU01681,2025-11-04,Switzerland,26.0,Professional,Paid Social,True,white,Cancer,de
CU02390,2025-06-14,Netherlands,19.0,Student,Direct,False,green,Aquarius,nl
CU00639,2024-07-04,Austria,45.0,Professional,Paid Social,False,purple,Capricorn,de
CU01527,2025-12-05,France,42.0,Professional,Referral,False,red,Aries,nl
CU01237,2024-12-02,Germany,41.0,Professional,Organic Search,True,blue,Capricorn,de
CU00826,2025-03-03,Germany,22.0,Student,Paid Social,False,purple,Taurus,de
CU02720,2025-06-29,Switzerland,22.0,Professional,Paid Social,False,blue,Capricorn,de
CU00195,2025-04-15,Germany,68.0,Senior,Referral,False,blue,Sagittarius,de
CU00575,2023-08-18,Germany,36.0,Family,Paid Social,False,red,Pisces,de
CU02922,2025-07-25,Netherlands,24.0,Student,Paid Social,True,black,Taurus,nl
CU00789,2024-11-24,Poland,24.0,Student,Newsletter,False,green,Pisces,en
CU01959,2023-11-26,Germany,65.0,Senior,Referral,False,green,Sagittarius,de
CU01854,2025-09-25,Austria,,Professional,Paid Social,True,red,Aries,de
CU00768,2024-08-30,Switzerland,,Professional,Organic Search,False,green,Libra,de
CU02852,2025-07-01,Germany,24.0,Student,Paid Social,False,blue,Gemini,de
CU01261,2025-11-02,Germany,19.0,Student,Paid Social,True,purple,Aquarius,de
CU00271,2024-05-18,Germany,19.0,Student,Direct,False,black,Capricorn,de
CU01274,2024-11-29,France,46.0,Professional,Organic Search,True,red,Cancer,nl
CU03044,2025-05-08,Germany,23.0,Student,Paid Social,False,purple,Libra,de
CU01300,2025-06-24,Germany,72.0,Senior,Referral,True,white,Aries,de
CU01867,2025-07-04,Germany,34.0,Professional,Newsletter,False,black,Pisces,de
CU00636,2024-11-14,Germany,44.0,Professional,Organic Search,True,blue,Aquarius,de
CU00721,2025-06-09,Germany,29.0,Professional,Direct,False,white,Aquarius,de
CU00255,2025-01-02,France,,Professional,Newsletter,True,black,Capricorn,nl
CU02228,2025-03-12,Austria,34.0,Professional,Organic Search,True,green,Pisces,de
CU00912,2026-05-04,Germany,22.0,Student,Organic Search,True,blue,Scorpio,de
CU02501,2024-07-04,,49.0,Professional,Paid Social,False,white,Scorpio,nl
CU01900,2026-03-24,Austria,31.0,Family,Newsletter,True,black,Aquarius,de
CU00192,2023-11-01,Austria,48.0,Professional,Paid Social,False,red,Libra,de
CU01443,2023-11-21,Austria,43.0,Family,Paid Social,False,black,Gemini,de
CU01587,2024-03-23,Austria,,Student,Direct,False,green,Taurus,de
CU01652,2024-10-29,Germany,36.0,Professional,Direct,False,green,Aquarius,de
CU01604,2026-03-16,Germany,39.0,Professional,Organic Search,False,blue,Gemini,de
CU01337,2025-08-29,Germany,64.0,Senior,Referral,False,purple,Cancer,de
CU02019,2025-10-06,Poland,45.0,Family,Organic Search,False,black,Sagittarius,en
CU01010,2026-04-22,Germany,38.0,Professional,Direct,False,purple,Taurus,de
CU02392,2026-05-04,Germany,45.0,Professional,Referral,False,blue,Cancer,de
CU01411,2025-01-22,,40.0,Professional,Direct,False,purple,Scorpio,de
CU02974,2025-06-29,Switzerland,,Student,Paid Social,True,purple,Capricorn,de
CU00453,2025-03-01,France,38.0,Professional,Organic Search,False,purple,Scorpio,pl
CU00197,2024-12-22,Switzerland,34.0,Professional,Paid Social,False,blue,Leo,de
CU03070,2025-08-12,Germany,24.0,Student,Paid Social,False,green,Cancer,de
CU01909,2025-06-24,Germany,25.0,Student,Newsletter,False,black,Aquarius,de
CU00534,2025-01-23,Germany,32.0,Professional,Newsletter,False,green,Leo,de
CU02595,2025-01-24,Germany,28.0,Professional,Direct,False,white,Cancer,de
CU00423,2023-09-05,Germany,40.0,Family,Organic Search,False,purple,Aquarius,de
CU01165,2025-07-08,Netherlands,21.0,Student,Organic Search,False,purple,Pisces,pl
CU00460,2025-11-03,Germany,28.0,Professional,Referral,True,blue,Aquarius,de
CU00487,2025-03-26,Germany,38.0,Professional,Organic Search,True,purple,Virgo,de
CU03019,2025-07-26,Germany,25.0,Professional,Paid Social,True,red,Aries,de
CU00681,2026-03-26,Germany,22.0,Student,Organic Search,False,white,Aries,de
CU02921,2025-12-08,Germany,25.0,Student,Paid Social,False,black,Aquarius,de
CU00419,2025-12-19,Germany,19.0,Student,Paid Social,False,green,Libra,de
CU01547,2023-12-24,Germany,27.0,Professional,Referral,True,green,Aquarius,de
CU01144,2024-07-24,Germany,22.0,Student,Referral,False,red,Gemini,de
CU01733,2024-07-27,Netherlands,43.0,Professional,Paid Social,True,black,Capricorn,en
CU01993,2025-09-16,Poland,47.0,Professional,Organic Search,True,white,Gemini,pl
CU01686,2024-11-22,Germany,26.0,Student,Direct,False,black,Leo,de
CU01609,2025-01-09,Germany,30.0,Family,Referral,False,red,Sagittarius,de
CU00841,2023-12-09,Germany,35.0,Professional,Paid Social,False,black,Aquarius,de
CU01194,2025-05-27,Germany,34.0,Family,Referral,True,blue,Gemini,de
CU01497,2024-07-08,Poland,44.0,Family,Paid Social,False,green,Capricorn,en
CU00935,2023-11-04,Germany,35.0,Professional,Organic Search,True,white,Leo,de
CU00454,2025-11-22,Netherlands,30.0,Family,Direct,False,purple,Aries,en
CU01576,2024-04-03,Germany,36.0,Professional,Organic Search,True,black,Virgo,de
CU02802,2025-08-23,Germany,25.0,Student,Paid Social,False,red,Scorpio,de
CU00958,2026-04-25,Netherlands,36.0,Professional,Newsletter,False,purple,Aquarius,en
CU00580,2024-12-25,Germany,36.0,Professional,Paid Social,False,white,Libra,de
CU01914,2023-08-19,Germany,22.0,Student,Organic Search,False,blue,Capricorn,de
CU00125,2023-10-26,Germany,64.0,Senior,Referral,False,red,Gemini,de
CU02071,2023-08-14,Netherlands,23.0,Student,Direct,True,black,Scorpio,pl
CU01427,2026-03-15,Netherlands,31.0,Family,Organic Search,False,black,Virgo,nl
CU00339,2024-02-26,Germany,48.0,Professional,Newsletter,True,purple,Libra,de
CU01956,2024-07-19,Germany,26.0,Professional,Newsletter,True,red,Virgo,de
CU00925,2025-08-26,France,45.0,Family,Paid Social,False,red,Gemini,en
CU02820,2025-06-28,Germany,23.0,Professional,Paid Social,False,white,Aries,de
CU01578,2025-02-06,Poland,22.0,Student,Direct,True,purple,Libra,en
CU00504,2026-01-08,Poland,68.0,Senior,Referral,False,purple,Leo,fr
CU00090,2025-10-29,Germany,49.0,Professional,Organic Search,False,red,Capricorn,de
CU00447,2026-02-14,Germany,20.0,Student,Newsletter,True,purple,Gemini,de
CU02874,2025-07-11,France,24.0,Student,Paid Social,True,red,Cancer,fr
CU00710,2025-08-02,Germany,43.0,Professional,Paid Social,True,green,Gemini,de
CU01936,2024-07-19,Germany,20.0,Student,Organic Search,True,white,Virgo,de
CU02942,2025-08-16,,,Student,Paid Social,True,blue,Virgo,de
CU02453,2025-01-30,France,25.0,Student,Referral,True,red,Pisces,fr
CU02028,2026-08-05,Netherlands,72.0,Senior,Organic Search,False,red,Capricorn,en
CU02050,2025-05-18,Germany,26.0,Student,Organic Search,False,purple,Aries,de
CU02083,2025-07-25,Germany,63.0,Senior,Referral,True,purple,Taurus,de
CU01306,2024-11-04,France,24.0,Student,Paid Social,False,green,Capricorn,nl
CU00734,2025-05-08,Germany,21.0,Student,Paid Social,False,red,Capricorn,de
CU00628,2024-12-16,Germany,26.0,Student,Referral,True,blue,Libra,de
CU02744,2025-08-20,France,20.0,Student,Paid Social,False,red,Aquarius,fr
CU01853,2023-12-24,Germany,19.0,Student,Organic Search,False,blue,Aquarius,de
CU02044,2025-04-26,Germany,46.0,Family,Referral,True,white,Leo,de
CU01722,2024-01-19,Austria,38.0,Family,Paid Social,False,white,Libra,de
CU01991,2023-11-29,Germany,39.0,Family,Direct,False,purple,Leo,de
CU02931,2025-07-16,Poland,19.0,Student,Paid Social,False,white,Taurus,nl
CU02718,2025-06-29,,20.0,Student,Paid Social,True,black,Leo,en
CU02834,2025-08-23,Austria,17.0,Student,Paid Social,False,white,Sagittarius,de
CU01052,2025-07-02,Netherlands,33.0,Professional,Organic Search,False,purple,Cancer,fr
CU02415,2023-06-08,Germany,46.0,Professional,Paid Social,False,blue,Scorpio,de
CU00878,2026-03-22,Germany,32.0,Professional,Organic Search,True,purple,Taurus,de
CU01356,2024-10-13,Switzerland,,Family,Organic Search,True,blue,Sagittarius,de
CU01271,2025-09-06,Germany,79.0,Senior,Direct,True,blue,Aquarius,de
CU02521,2024-09-09,Germany,31.0,Professional,Referral,True,black,Aquarius,de
CU01238,2025-11-25,Germany,31.0,Professional,Direct,True,purple,Sagittarius,de
CU02527,2026-05-09,Germany,79.0,Senior,Direct,False,red,Capricorn,de
CU00737,2023-09-27,Germany,,Family,Organic Search,True,blue,Taurus,de
CU02736,2025-08-18,,22.0,Student,Paid Social,False,white,Aries,fr
CU00736,2025-08-12,France,20.0,Student,Direct,True,green,Leo,pl
CU01605,2023-08-26,Netherlands,19.0,Student,Paid Social,True,purple,Scorpio,pl
CU01132,2025-11-04,France,28.0,Professional,Newsletter,True,purple,Taurus,fr
CU00712,2024-12-28,Poland,34.0,Professional,Paid Social,True,white,Leo,en
CU00661,2024-07-15,Austria,22.0,Student,Newsletter,True,green,Taurus,de
CU02333,2025-04-21,Germany,21.0,Student,Newsletter,False,purple,Aquarius,de
CU01105,2026-03-16,Germany,41.0,Family,Organic Search,True,green,Taurus,de
CU00289,2024-03-31,Germany,62.0,Senior,Direct,True,blue,Cancer,de
CU01216,2024-10-17,Switzerland,37.0,Family,Referral,False,blue,Scorpio,de
CU02271,2026-05-17,Germany,46.0,Family,Paid Social,False,blue,Taurus,de
CU02065,2024-03-14,Germany,,Family,Referral,True,green,Aquarius,de
CU00227,2026-05-30,Germany,44.0,Family,Newsletter,True,green,Libra,de
CU00761,2024-02-25,France,39.0,Professional,Paid Social,True,black,Leo,pl
CU00515,2023-11-03,Switzerland,33.0,Family,Referral,False,black,Capricorn,de
CU01971,2024-05-05,Netherlands,22.0,Student,Direct,True,red,Sagittarius,nl
CU01343,2026-01-12,Austria,39.0,Family,Direct,True,white,Gemini,de
CU02998,2025-08-06,Germany,18.0,Professional,Paid Social,False,blue,Aries,de
CU02859,2025-08-20,Germany,19.0,Student,Paid Social,False,red,Capricorn,de
CU02984,2025-07-30,France,18.0,Student,Paid Social,True,blue,Cancer,fr
CU01994,2024-07-26,France,43.0,Professional,Referral,False,blue,Leo,nl
CU01545,2026-05-08,Germany,70.0,Senior,Organic Search,False,green,Cancer,de
CU02089,2025-10-31,Netherlands,41.0,Professional,Organic Search,False,blue,Aries,en
CU01454,2024-12-02,Germany,23.0,Student,Organic Search,False,green,Taurus,de
CU00769,2025-01-20,Germany,42.0,Family,Referral,True,black,Aquarius,de
CU02494,2024-07-27,Germany,22.0,Student,Paid Social,True,black,Cancer,de
CU01610,2023-10-14,Germany,46.0,Family,Organic Search,True,black,Scorpio,de
CU02167,2025-07-05,Germany,47.0,Family,Organic Search,False,green,Capricorn,de
CU02011,2025-04-23,Germany,,Student,Organic Search,False,red,Leo,de
CU03007,2025-07-26,Austria,,Student,Paid Social,True,purple,Pisces,de
CU01885,2026-05-19,Germany,21.0,Student,Direct,False,purple,Capricorn,de
CU03027,2025-07-11,Germany,19.0,Student,Paid Social,True,white,Pisces,de
CU02005,2024-06-11,Germany,78.0,Senior,Paid Social,False,black,Scorpio,de
CU01829,2026-01-10,Germany,72.0,Senior,Organic Search,False,black,Pisces,de
CU01724,2024-09-09,Germany,26.0,Professional,Referral,False,red,Leo,de
CU01893,2025-07-18,Netherlands,45.0,Family,Paid Social,False,blue,Taurus,nl
CU01163,2023-07-18,Germany,35.0,Family,Direct,True,white,Sagittarius,de
CU01472,2026-01-02,Germany,22.0,Student,Organic Search,False,blue,Pisces,de
CU02902,2025-07-01,Germany,23.0,Student,Paid Social,False,purple,Sagittarius,de
CU01813,2024-06-16,France,,Senior,Direct,False,green,Taurus,fr
CU01267,2024-09-05,Germany,46.0,Professional,Organic Search,False,black,Aquarius,de
CU01665,2024-10-15,France,32.0,Professional,Paid Social,False,red,Taurus,pl
CU02449,2023-07-24,Germany,42.0,Professional,Direct,True,purple,Taurus,de
CU01861,2023-07-21,Netherlands,22.0,Student,Paid Social,True,black,Leo,en
CU00693,2024-01-24,Switzerland,27.0,Professional,Paid Social,True,black,Cancer,de
CU02373,2024-07-07,Switzerland,21.0,Student,Organic Search,False,blue,Gemini,de
CU00131,2024-11-06,Germany,33.0,Professional,Referral,False,purple,Aries,de
CU01556,2024-09-24,Switzerland,30.0,Family,Paid Social,True,black,Capricorn,de
CU00656,2025-04-23,Germany,-1.0,Family,Paid Social,False,green,Pisces,de
CU00445,2026-03-27,Germany,32.0,Family,Paid Social,True,purple,Scorpio,de
CU02754,2025-06-25,Germany,19.0,Student,Paid Social,False,black,Gemini,de
CU01540,2024-04-07,Netherlands,44.0,Family,Paid Social,False,green,Aquarius,nl
CU01129,2024-03-14,Germany,41.0,Family,Paid Social,True,black,Libra,de
CU02621,2025-06-22,Germany,22.0,Professional,Paid Social,False,black,Libra,de
CU01838,2026-03-04,Austria,43.0,Professional,Organic Search,True,black,Sagittarius,de
CU02806,2025-08-25,Germany,24.0,Student,Paid Social,True,blue,Aries,de
CU00859,2024-12-17,France,33.0,Professional,Referral,False,purple,Taurus,fr
CU01717,2025-10-30,Germany,47.0,Professional,Referral,False,blue,Capricorn,de
CU02290,2024-11-19,Poland,42.0,Professional,Organic Search,True,blue,Capricorn,fr
CU02422,2025-09-09,Germany,37.0,Professional,Referral,False,black,Taurus,de
CU01749,2025-03-21,Germany,19.0,Student,Paid Social,False,purple,Aquarius,de
CU00609,2026-05-29,Netherlands,75.0,Senior,Paid Social,False,black,Sagittarius,pl
CU00349,2023-09-11,Germany,36.0,Professional,Referral,False,green,Scorpio,de
CU01489,2026-03-14,Netherlands,40.0,Professional,Direct,False,white,Cancer,nl
CU01292,2025-09-08,Germany,34.0,Family,Paid Social,True,blue,Gemini,de
CU02760,2025-06-20,Germany,18.0,Student,Paid Social,True,white,Scorpio,de
CU00613,2023-09-16,Netherlands,60.0,Senior,Paid Social,False,purple,Leo,nl
CU02665,2025-07-26,Germany,19.0,Student,Paid Social,False,red,Aquarius,de
CU00573,2026-04-16,Switzerland,,Family,Organic Search,False,purple,Scorpio,de
CU03039,2025-06-24,Germany,21.0,Student,Paid Social,True,blue,Aquarius,de
CU00744,2024-07-23,Germany,44.0,Professional,Direct,True,green,Taurus,de
CU00704,2025-04-20,Netherlands,24.0,Student,Organic Search,False,purple,Leo,en
CU00183,2023-08-05,Germany,32.0,Family,Organic Search,False,white,Aquarius,de
CU00243,2025-01-23,Germany,40.0,Family,Paid Social,True,white,Libra,de
CU02955,2025-08-27,Germany,19.0,Student,Paid Social,False,white,Leo,de
CU02036,2023-08-25,Switzerland,44.0,Family,Referral,False,purple,Gemini,de
CU00654,2024-03-18,Switzerland,40.0,Professional,Paid Social,True,blue,Gemini,de
CU00149,2025-03-22,Germany,25.0,Student,Organic Search,False,blue,Cancer,de
CU00709,2025-06-15,Austria,61.0,Senior,Newsletter,False,purple,Virgo,de
CU01538,2025-04-02,Germany,47.0,Professional,Organic Search,False,white,Pisces,de
CU00024,2025-08-19,Netherlands,45.0,Professional,Organic Search,False,purple,Gemini,nl
CU01684,2024-01-24,Germany,45.0,Family,Organic Search,True,red,Libra,de
CU01550,2024-03-01,Netherlands,47.0,Professional,Organic Search,False,blue,Pisces,fr
CU02598,2026-02-01,Germany,22.0,Student,Paid Social,True,purple,Aries,de
CU03060,2025-06-23,Germany,18.0,Student,Paid Social,False,blue,Libra,de
CU03080,2025-06-24,Germany,21.0,Professional,Paid Social,True,purple,Aquarius,de
CU02241,2023-09-30,Germany,38.0,Family,Paid Social,False,green,Pisces,de
CU02143,2024-04-16,Germany,45.0,Family,Organic Search,False,blue,Pisces,de
CU01457,2024-01-12,Germany,37.0,Family,Referral,True,white,Aries,de
CU01626,2024-08-26,Germany,66.0,Senior,Newsletter,False,purple,Leo,de
CU02714,2025-06-21,Germany,19.0,Student,Paid Social,True,red,Scorpio,de
CU00713,2023-11-19,France,45.0,Family,Organic Search,False,blue,Cancer,nl
CU00646,2026-04-17,Germany,23.0,Student,Paid Social,False,green,Taurus,de
CU03085,2025-07-14,Germany,22.0,Professional,Paid Social,True,purple,Pisces,de
CU01535,2025-05-12,Netherlands,20.0,Student,Direct,False,white,Aries,pl
CU01414,2024-02-16,Germany,42.0,Professional,Referral,True,blue,Gemini,de
CU02928,2025-07-18,Germany,22.0,Professional,Paid Social,True,purple,Taurus,de
CU00616,2024-06-30,Germany,34.0,Family,Paid Social,True,blue,Cancer,de
CU00671,2023-07-27,Germany,38.0,Professional,Referral,True,green,Gemini,de
CU02812,2025-08-04,Switzerland,19.0,Student,Paid Social,False,black,Leo,de
CU02202,2026-03-10,Netherlands,46.0,Professional,Paid Social,True,black,Scorpio,nl
CU02301,2024-12-19,Germany,23.0,Student,Organic Search,False,red,Taurus,de
CU00901,2026-01-14,Germany,,Family,Referral,True,purple,Taurus,de
CU02689,2025-08-22,Austria,17.0,Student,Paid Social,False,green,Virgo,de
CU00986,2023-12-31,Poland,36.0,Family,Organic Search,False,black,Leo,nl
CU03107,2025-07-04,Germany,24.0,Student,Paid Social,False,red,Leo,de
CU02759,2025-08-10,Germany,23.0,Student,Paid Social,False,red,Capricorn,de
CU01329,2024-10-03,Germany,39.0,Family,Organic Search,False,blue,Taurus,de
CU00207,2025-10-22,France,39.0,Family,Referral,False,white,Sagittarius,pl
CU02467,2026-04-18,Netherlands,46.0,Professional,Direct,False,white,Libra,en
CU00031,2024-11-13,Germany,61.0,Senior,Organic Search,False,red,Capricorn,de
CU00259,2025-11-16,Austria,,Family,Newsletter,True,red,Cancer,de
CU01405,2024-01-09,Austria,31.0,Family,Paid Social,True,red,Taurus,de
CU00174,2024-02-10,Switzerland,26.0,Student,Direct,False,green,Sagittarius,de
CU01503,2026-01-16,Germany,19.0,Student,Newsletter,True,black,Taurus,de
CU01293,2026-04-03,Germany,45.0,Professional,Organic Search,True,purple,Libra,de
CU00860,2023-10-11,Germany,44.0,Professional,Direct,False,white,Aquarius,de
CU01555,2023-12-06,Germany,66.0,Senior,Referral,False,blue,Aries,de
CU01797,2024-12-06,Germany,36.0,Professional,Direct,True,red,Scorpio,de
CU00444,2024-10-07,Switzerland,26.0,Student,Paid Social,False,green,Sagittarius,de
CU01334,2025-10-26,Switzerland,31.0,Family,Organic Search,True,red,Virgo,de
CU00808,2025-10-05,Germany,63.0,Senior,Organic Search,True,purple,Gemini,de
CU02018,2023-10-22,Netherlands,63.0,Senior,Referral,True,green,Sagittarius,nl
CU01016,2026-02-09,Germany,37.0,Family,Organic Search,False,blue,Cancer,de
CU02919,2025-06-30,Switzerland,19.0,Student,Paid Social,False,white,Leo,de
CU02470,2024-04-29,Austria,33.0,Professional,Direct,False,green,Aquarius,de
CU01148,2024-01-06,Germany,23.0,Student,Newsletter,False,green,Pisces,de
CU00494,2025-01-04,Germany,21.0,Student,Referral,False,red,Pisces,de
CU02927,2025-08-19,France,24.0,Professional,Paid Social,False,purple,Scorpio,en
CU02989,2025-08-17,Germany,,Student,Paid Social,False,purple,Capricorn,de
CU01002,2025-07-17,Germany,23.0,Student,Paid Social,True,purple,Leo,de
CU02535,2024-02-15,Switzerland,43.0,Family,Organic Search,True,black,Virgo,de
CU01632,2026-03-06,Austria,31.0,Family,Newsletter,False,white,Leo,de
CU02897,2025-06-22,Germany,17.0,Professional,Paid Social,False,white,Leo,de
CU02516,2025-10-29,Germany,20.0,Student,Paid Social,False,red,Pisces,de
CU00973,2023-10-05,Germany,61.0,Senior,Organic Search,False,white,Pisces,de
CU01961,2025-11-30,Germany,26.0,Student,Paid Social,True,black,Gemini,de
CU00442,2025-02-24,Netherlands,64.0,Senior,Direct,True,black,Taurus,pl
CU01189,2026-05-30,Germany,75.0,Senior,Direct,False,black,Taurus,de
CU01608,2025-10-16,Germany,26.0,Professional,Referral,True,green,Sagittarius,de
CU00690,2026-05-05,Netherlands,26.0,Student,Organic Search,False,red,Capricorn,pl
CU00764,2023-03-10,Austria,27.0,Professional,Organic Search,False,red,Aries,de
CU01413,2025-10-28,France,33.0,Family,Organic Search,False,red,Cancer,nl
CU02651,2025-06-21,Germany,21.0,Student,Paid Social,True,purple,Sagittarius,de
CU02571,2025-01-19,Germany,25.0,Student,Paid Social,False,blue,Virgo,de
CU01737,2025-09-06,Germany,32.0,Professional,Paid Social,False,blue,Cancer,de
CU00017,2026-03-06,,34.0,Professional,Organic Search,True,blue,Sagittarius,nl
CU02006,2025-12-27,Poland,24.0,Student,Direct,True,black,Aquarius,pl
CU01248,2023-07-26,France,,Student,Referral,True,blue,Aries,en
CU02023,2024-12-19,Germany,34.0,Professional,Referral,False,red,Libra,de
CU01777,2023-12-16,Germany,32.0,Professional,Paid Social,False,blue,Sagittarius,de
CU02865,2025-07-31,Germany,18.0,Student,Paid Social,True,red,Leo,de
CU01166,2023-07-09,France,38.0,Professional,Paid Social,False,blue,Pisces,fr
CU02098,2024-02-12,Germany,19.0,Student,Paid Social,False,blue,Pisces,de
CU02376,2024-05-27,Austria,42.0,Professional,Newsletter,False,white,Gemini,de
CU01272,2024-10-01,Germany,46.0,Family,Organic Search,False,red,Scorpio,de
CU01187,2025-07-23,Austria,,Family,Direct,True,blue,Virgo,de
CU01235,2026-02-21,Germany,24.0,Student,Newsletter,False,blue,Capricorn,de
CU00615,2025-09-08,Germany,48.0,Professional,Direct,True,black,Scorpio,de
CU01912,2025-04-29,Germany,42.0,Family,Organic Search,False,purple,Taurus,de
CU02235,2025-10-14,Germany,39.0,Professional,Paid Social,True,black,Scorpio,de
CU00422,2024-07-25,Switzerland,26.0,Professional,Organic Search,True,white,Scorpio,de
CU03112,2025-08-03,Germany,19.0,Professional,Paid Social,True,white,Sagittarius,de
CU02249,2025-08-29,Netherlands,41.0,Professional,Referral,True,green,Libra,nl
CU00918,2024-11-19,Germany,35.0,Family,Organic Search,False,white,Libra,de
CU00586,2024-06-18,Switzerland,32.0,Family,Organic Search,True,white,Leo,de
CU01265,2023-11-04,Germany,32.0,Professional,Organic Search,True,black,Scorpio,de
CU02801,2025-02-08,Germany,22.0,Student,Paid Social,True,green,Aquarius,de
CU02888,2025-07-24,Germany,,Student,Paid Social,False,purple,Taurus,de
CU00077,2024-10-12,Germany,29.0,Professional,Direct,False,blue,Taurus,de
CU00191,2023-10-06,Germany,64.0,Senior,Referral,True,white,Sagittarius,de
CU02455,2025-11-10,Netherlands,36.0,Family,Paid Social,True,green,Aquarius,nl
CU02426,2024-03-19,Poland,24.0,Student,Organic Search,False,black,Scorpio,pl
CU00998,2024-07-26,Germany,38.0,Family,Organic Search,True,black,Aquarius,de
CU02816,2025-08-27,Germany,19.0,Student,Paid Social,False,red,Pisces,de
CU02281,2025-03-29,Germany,43.0,Professional,Organic Search,False,white,Gemini,de
CU02699,2025-06-26,Germany,20.0,Professional,Paid Social,False,red,Virgo,de
CU01397,2026-03-02,Germany,62.0,Senior,Direct,True,white,Aquarius,de
CU00002,2023-07-19,Poland,42.0,Professional,Referral,False,white,Gemini,fr
CU00640,2024-09-19,Germany,39.0,Professional,Organic Search,False,red,Leo,de
CU00376,2024-01-13,Germany,25.0,Student,Organic Search,True,red,Pisces,de
CU01534,2024-12-27,Germany,,Professional,Paid Social,False,blue,Virgo,de
CU02607,2025-08-29,France,24.0,Professional,Paid Social,False,blue,Sagittarius,nl
CU02094,2024-09-22,Germany,20.0,Student,Paid Social,False,black,Pisces,de
CU02606,2025-06-23,Austria,,Professional,Paid Social,False,blue,Scorpio,de
CU00746,2024-09-11,Netherlands,20.0,Student,Organic Search,False,red,Cancer,pl
CU02804,2025-07-21,France,19.0,Professional,Paid Social,False,purple,Aquarius,nl
CU00643,2024-10-10,Germany,46.0,Family,Referral,False,purple,Taurus,de
CU00190,2025-02-28,Germany,19.0,Student,Direct,True,green,Sagittarius,de
CU02911,2025-08-08,Netherlands,17.0,Student,Paid Social,False,black,Gemini,pl
CU02218,2026-05-02,Germany,46.0,Family,Referral,False,red,Taurus,de
CU01704,2025-08-14,Switzerland,40.0,Family,Organic Search,False,red,Aquarius,de
CU01521,2025-03-27,Germany,,Senior,Direct,False,red,Leo,de
CU00012,2023-02-10,Austria,25.0,Student,Newsletter,False,blue,Virgo,de
CU00354,2025-10-16,Austria,25.0,Student,Paid Social,False,purple,Taurus,de
CU00351,2024-12-08,Germany,42.0,Family,Paid Social,False,green,Aquarius,de
CU02658,2025-07-09,France,22.0,Student,Paid Social,False,blue,Aries,fr
CU01514,2025-02-14,Germany,27.0,Professional,Paid Social,True,purple,Virgo,de
CU00201,2024-02-24,Germany,67.0,Senior,Paid Social,False,white,Libra,de
CU01309,2024-07-23,France,19.0,Student,Newsletter,True,white,Capricorn,nl
CU02099,2025-05-28,Germany,78.0,Senior,Organic Search,False,red,Aquarius,de
CU02662,2025-06-07,Switzerland,17.0,Student,Paid Social,True,purple,Libra,de
CU00448,2025-02-27,Germany,39.0,Professional,Paid Social,False,green,Aquarius,de
CU02139,2026-04-02,Germany,21.0,Student,Paid Social,True,blue,Virgo,de
CU02938,2025-06-27,Netherlands,25.0,Student,Paid Social,False,white,Cancer,nl
CU01381,2025-09-08,Germany,63.0,Senior,Newsletter,False,red,Sagittarius,de
CU00091,2023-09-05,Germany,42.0,Family,Organic Search,False,purple,Cancer,de
CU00882,2023-10-25,Germany,43.0,Family,Direct,False,red,Leo,de
CU02063,2026-03-01,,25.0,Student,Organic Search,True,red,Sagittarius,de
CU01059,2024-08-06,Germany,19.0,Student,Organic Search,False,purple,Cancer,de
CU02033,2025-09-05,Poland,72.0,Senior,Direct,False,red,Virgo,fr
CU02864,2025-05-08,Germany,20.0,Student,Paid Social,False,red,Leo,de
CU00116,2023-11-30,Germany,35.0,Professional,Paid Social,True,white,Sagittarius,de
CU01354,2024-03-08,Germany,60.0,Senior,Paid Social,False,purple,Cancer,de
CU02088,2026-01-29,Germany,78.0,Senior,Organic Search,False,red,Aries,de
CU02057,2024-03-08,Germany,44.0,Professional,Organic Search,False,green,Virgo,de
CU01206,2025-09-25,Netherlands,39.0,Family,Direct,True,red,Aquarius,pl
CU00407,2025-01-29,France,65.0,Senior,Paid Social,True,red,Aquarius,nl
CU03047,2025-08-24,Switzerland,24.0,Student,Paid Social,True,blue,Taurus,de
CU01520,2026-03-02,Germany,73.0,Senior,Direct,True,blue,Gemini,de
CU01028,2025-04-28,Germany,37.0,Professional,Paid Social,False,white,Aries,de
CU02988,2025-11-08,Germany,17.0,Student,Paid Social,True,red,Aries,de
CU02124,2024-10-30,Germany,25.0,Student,Organic Search,True,red,Sagittarius,de
CU02097,2025-11-14,Germany,74.0,Senior,Direct,False,black,Capricorn,de
CU01675,2025-10-11,Austria,20.0,Student,Paid Social,False,green,Capricorn,de
CU02448,2025-08-29,Austria,75.0,Senior,Paid Social,True,blue,Virgo,de
CU02731,2025-08-26,Germany,25.0,Student,Paid Social,False,white,Taurus,de
CU02592,2024-07-13,Germany,30.0,Professional,Paid Social,False,blue,Capricorn,de
CU02436,2023-08-26,Germany,40.0,Family,Organic Search,False,green,Virgo,de
CU01308,2024-12-30,Switzerland,37.0,Family,Referral,True,red,Capricorn,de
CU00326,2023-11-19,Germany,70.0,Senior,Newsletter,False,black,Cancer,de
CU00941,2025-06-02,France,23.0,Student,Referral,False,blue,Aquarius,en
CU01439,2025-10-27,Germany,67.0,Senior,Paid Social,False,white,Libra,de
CU02780,2025-07-02,Germany,25.0,Student,Paid Social,True,blue,Cancer,de
CU01095,2025-05-27,Germany,40.0,Family,Paid Social,False,purple,Gemini,de
CU01906,2026-04-08,Germany,76.0,Senior,Direct,True,blue,Sagittarius,de
CU01553,2025-11-22,Austria,25.0,Student,Organic Search,True,black,Sagittarius,de
CU00853,2025-03-03,France,22.0,Student,Referral,True,green,Pisces,nl
CU01692,2023-07-16,France,20.0,Student,Paid Social,True,black,Pisces,en
CU01103,2025-09-10,Germany,,Professional,Paid Social,True,red,Scorpio,de
CU00779,2024-03-02,Poland,60.0,Senior,Organic Search,False,purple,Sagittarius,en
CU01130,2025-07-24,Germany,48.0,Professional,Direct,False,green,Sagittarius,de
CU02866,2025-06-15,,21.0,Student,Paid Social,True,red,Cancer,de
CU02702,2025-08-24,Germany,17.0,Student,Paid Social,True,green,Sagittarius,de
CU02633,2025-07-14,Germany,21.0,Student,Paid Social,True,white,Libra,de
CU03056,2025-06-25,Germany,17.0,Student,Paid Social,False,black,Gemini,de
CU00141,2025-08-25,Poland,31.0,Family,Direct,True,green,Capricorn,fr
CU02118,2025-02-11,Germany,48.0,Professional,Organic Search,False,red,Aries,de
CU01944,2024-02-20,Germany,38.0,Family,Paid Social,True,white,Pisces,de
CU01186,2024-05-17,Germany,24.0,Student,Paid Social,False,green,Aquarius,de
CU00390,2024-08-28,Germany,,Senior,Referral,True,black,Aquarius,de
CU01232,2025-07-14,Germany,42.0,Family,Paid Social,True,white,Taurus,de
CU00821,2025-07-11,Netherlands,38.0,Professional,Newsletter,False,blue,Sagittarius,fr
CU02293,2025-12-26,Germany,70.0,Senior,Direct,True,black,Aries,de
CU00698,2023-10-06,Germany,34.0,Family,Direct,False,white,Gemini,de
CU03040,2025-07-03,Netherlands,25.0,Student,Paid Social,True,green,Aries,nl
CU01790,2023-12-16,Germany,72.0,Senior,Paid Social,False,white,Aquarius,de
CU00485,2025-08-07,France,33.0,Family,Paid Social,False,blue,Capricorn,nl
CU01137,2024-11-14,Netherlands,33.0,Professional,Organic Search,True,blue,Leo,nl
CU01378,2023-09-18,Germany,27.0,Professional,Paid Social,True,red,Scorpio,de
CU02776,2025-07-15,Germany,18.0,Student,Paid Social,False,blue,Pisces,de
CU01478,2024-05-01,Germany,65.0,Senior,Organic Search,False,purple,Scorpio,de
CU02156,2023-09-03,Germany,78.0,Senior,Paid Social,False,purple,Capricorn,de
CU02565,2024-11-12,Switzerland,26.0,Student,Organic Search,False,black,Gemini,de
CU02334,2023-11-04,Germany,66.0,Senior,Organic Search,False,green,Gemini,de
CU01782,2025-11-22,Netherlands,68.0,Senior,Direct,False,red,Capricorn,en
CU00025,2025-02-23,Switzerland,,Senior,Paid Social,False,blue,Pisces,de
CU01509,2024-11-03,Germany,26.0,Student,Direct,False,red,Leo,de
CU00102,2026-01-16,Germany,39.0,Family,Organic Search,False,blue,Pisces,de
CU00629,2024-04-02,Switzerland,75.0,Senior,Referral,False,black,Cancer,de
CU01923,2026-02-25,Austria,32.0,Family,Paid Social,True,purple,Sagittarius,de
CU00993,2023-07-07,France,40.0,Professional,Direct,False,green,Pisces,fr
CU01396,2024-12-04,Austria,22.0,Student,Organic Search,True,green,Virgo,de
CU02860,2025-08-04,France,25.0,Student,Paid Social,False,white,Libra,nl
CU02381,2025-09-13,Netherlands,38.0,Family,Referral,True,red,Pisces,pl
CU00009,2025-12-06,Germany,19.0,Student,Referral,True,green,Cancer,de
CU01067,2024-08-29,Netherlands,35.0,Family,Direct,True,white,Sagittarius,pl
CU00364,2025-10-20,Germany,42.0,Professional,Paid Social,False,purple,Aquarius,de
CU03037,2025-07-07,Austria,19.0,Professional,Paid Social,False,red,Taurus,de
CU01014,2024-05-26,Germany,46.0,Family,Referral,False,red,Scorpio,de
CU00401,2026-01-17,Germany,28.0,Professional,Organic Search,False,green,Leo,de
CU02313,2024-10-14,Germany,65.0,Senior,Organic Search,False,red,Aquarius,de
CU01711,2023-07-18,Germany,,Family,Paid Social,False,purple,Libra,de
CU01589,2025-12-15,Netherlands,38.0,Professional,Paid Social,False,blue,Virgo,fr
CU01819,2026-05-25,Germany,28.0,Professional,Direct,False,red,Virgo,de
CU01234,2025-01-30,Germany,38.0,Family,Paid Social,False,green,Gemini,de
CU00039,2026-02-17,Austria,44.0,Professional,Paid Social,False,red,Libra,de
CU02372,2024-01-29,Switzerland,39.0,Professional,Organic Search,True,black,Aries,de
CU01364,2024-01-26,Netherlands,,Professional,Organic Search,True,white,Taurus,fr
CU00865,2025-01-05,Netherlands,21.0,Student,Newsletter,True,green,Gemini,en
CU00346,2023-08-12,Germany,46.0,Professional,Paid Social,True,white,Cancer,de
CU02936,2025-07-13,Austria,21.0,Student,Paid Social,True,white,Taurus,de
CU03017,2025-07-15,Netherlands,22.0,Professional,Paid Social,True,green,Aries,en
CU00386,2025-11-13,Germany,25.0,Student,Organic Search,True,red,Pisces,de
CU03018,2025-08-15,Germany,,Student,Paid Social,False,black,Sagittarius,de
CU01525,2024-05-04,Germany,35.0,Family,Paid Social,False,purple,Gemini,de
CU00788,2024-01-12,Poland,27.0,Professional,Organic Search,True,red,Virgo,fr
CU00208,2024-03-25,Germany,,Professional,Direct,False,black,Pisces,de
CU02102,2025-07-04,Germany,24.0,Student,Organic Search,True,black,Leo,de
CU01054,2025-07-20,Germany,38.0,Family,Organic Search,True,white,Taurus,de
CU02114,2025-03-23,Austria,26.0,Student,Organic Search,False,green,Sagittarius,de
CU00521,2025-08-01,Germany,61.0,Senior,Paid Social,False,purple,Aquarius,de
CU01932,2025-09-20,Germany,21.0,Student,Paid Social,False,red,Aquarius,de
CU02456,2026-04-12,France,47.0,Professional,Paid Social,False,purple,Scorpio,nl
CU00049,2025-08-25,Germany,46.0,Family,Newsletter,False,green,Aries,de
CU02111,2026-05-22,Germany,22.0,Student,Paid Social,True,purple,Capricorn,de
CU00670,2023-12-03,Germany,47.0,Professional,Paid Social,True,red,Leo,de
CU02210,2024-11-19,Germany,42.0,Professional,Organic Search,True,blue,Capricorn,de
CU02378,2023-11-11,France,40.0,Professional,Newsletter,False,white,Scorpio,fr
CU02031,2024-11-22,Germany,40.0,Family,Newsletter,True,red,Gemini,de
CU02917,2025-06-29,Germany,22.0,Student,Paid Social,False,black,Aquarius,de
CU00294,2024-04-30,Netherlands,19.0,Student,Paid Social,True,blue,Aquarius,en
CU02848,2025-08-19,Poland,17.0,Student,Paid Social,False,blue,Libra,fr
CU00895,2024-07-15,Germany,23.0,Student,Organic Search,False,red,Capricorn,de
CU02570,2026-05-19,Germany,20.0,Student,Referral,False,red,Virgo,de
CU01326,2026-05-09,Germany,,Student,Paid Social,False,red,Virgo,de
CU02212,2024-11-30,France,,Professional,Paid Social,False,purple,Capricorn,nl
CU00984,2025-08-31,Germany,25.0,Student,Organic Search,False,blue,Libra,de
CU01113,2024-03-08,Austria,22.0,Student,Referral,False,green,Leo,de
CU00632,2024-11-13,Switzerland,24.0,Student,Organic Search,True,green,Libra,de
CU01721,2026-02-17,France,78.0,Senior,Organic Search,False,red,Libra,pl
CU00213,2023-08-24,,40.0,Professional,Organic Search,False,white,Aquarius,de
CU02170,2024-12-21,France,34.0,Family,Organic Search,False,purple,Cancer,pl
CU01288,2026-04-12,Germany,38.0,Professional,Newsletter,False,blue,Virgo,de
CU01543,2026-04-26,Switzerland,19.0,Student,Referral,True,green,Taurus,de
CU02041,2026-09-04,,33.0,Professional,Direct,True,purple,Taurus,nl
CU02587,2025-11-24,Switzerland,35.0,Professional,Direct,False,purple,Cancer,de
CU02332,2023-07-30,Austria,77.0,Senior,Direct,False,black,Scorpio,de
CU01816,2025-03-05,Germany,38.0,Family,Newsletter,False,green,Virgo,de
CU01642,2024-01-05,Germany,31.0,Family,Direct,False,white,Cancer,de
CU02441,2023-08-23,Germany,69.0,Senior,Direct,False,green,Aquarius,de
CU02349,2025-08-10,Austria,39.0,Professional,Referral,False,green,Gemini,de
CU01820,2026-03-23,Austria,47.0,Family,Direct,False,white,Libra,de
CU02009,2023-11-08,Germany,32.0,Professional,Organic Search,True,black,Libra,de
CU01947,2025-04-07,Austria,40.0,Professional,Paid Social,False,blue,Leo,de
CU00224,2024-07-04,Germany,33.0,Family,Referral,True,purple,Gemini,de
CU02594,2024-10-24,Austria,63.0,Senior,Direct,True,white,Sagittarius,de
CU00524,2024-05-07,Switzerland,22.0,Student,Referral,False,black,Cancer,de
CU00230,2026-03-31,Germany,25.0,Student,Referral,True,blue,Gemini,de
CU02477,2025-07-24,Switzerland,23.0,Student,Organic Search,True,black,Taurus,de
CU02105,2023-12-25,Germany,34.0,Professional,Organic Search,False,green,Scorpio,de
CU02887,2025-07-21,Germany,21.0,Student,Paid Social,False,white,Gemini,de
CU01563,2024-09-22,Germany,45.0,Family,Organic Search,True,white,Libra,de
CU01907,2025-08-23,Netherlands,28.0,Professional,Organic Search,True,blue,Libra,fr
CU02564,2024-05-05,Netherlands,42.0,Professional,Organic Search,False,green,Gemini,pl
CU00584,2026-01-01,,20.0,Student,Referral,False,black,Pisces,de
CU02012,2024-03-20,Austria,44.0,Family,Referral,False,red,Libra,de
CU01376,2025-03-20,,22.0,Student,Organic Search,False,black,Gemini,de
CU01124,2024-02-02,Germany,77.0,Senior,Paid Social,True,purple,Leo,de
CU00829,2025-05-03,France,64.0,Senior,Organic Search,True,white,Scorpio,pl
CU01570,2025-11-16,Netherlands,40.0,Professional,Organic Search,False,green,Taurus,fr
CU02637,2025-07-10,,25.0,Student,Paid Social,False,black,Cancer,de
CU01874,2026-05-17,Switzerland,69.0,Senior,Newsletter,False,red,Cancer,de
CU02766,2025-06-22,Germany,21.0,Student,Paid Social,True,black,Aries,de
CU00822,2023-08-04,France,45.0,Professional,Referral,True,white,Pisces,en
CU01455,2023-08-19,Switzerland,64.0,Senior,Paid Social,True,black,Aries,de
CU01250,2024-05-12,Germany,27.0,Professional,Newsletter,False,purple,Pisces,de
CU01205,2024-03-18,Austria,45.0,Professional,Paid Social,False,green,Scorpio,de
CU01974,2025-05-28,Poland,44.0,Professional,Organic Search,True,red,Virgo,en
CU01920,2025-05-15,Netherlands,19.0,Student,Paid Social,True,purple,Virgo,pl
CU00399,2024-09-06,Poland,21.0,Student,Paid Social,False,white,Libra,fr
CU02883,2025-07-04,Germany,24.0,Student,Paid Social,True,red,Gemini,de
CU02929,2025-08-15,Austria,25.0,Professional,Paid Social,True,white,Gemini,de
CU00892,2025-04-21,Germany,19.0,Student,Paid Social,True,red,Capricorn,de
CU00748,2024-02-23,Poland,31.0,Family,Organic Search,False,blue,Virgo,pl
CU02626,2025-07-28,Poland,,Professional,Paid Social,True,blue,Taurus,nl
CU02954,2025-07-20,Germany,20.0,Student,Paid Social,False,purple,Pisces,de
CU00038,2025-02-19,Germany,45.0,Family,Referral,False,green,Pisces,de
CU03063,2025-07-15,Germany,17.0,Student,Paid Social,False,black,Capricorn,de
CU01428,2025-03-13,France,47.0,Professional,Direct,True,white,Virgo,pl
CU02150,2025-11-11,Germany,42.0,Family,Newsletter,False,red,Leo,de
CU02330,2023-09-12,Poland,48.0,Professional,Direct,False,purple,Cancer,fr
CU02654,2025-07-04,Germany,24.0,Professional,Paid Social,True,black,Scorpio,de
CU02909,2025-08-14,Germany,21.0,Student,Paid Social,False,purple,Libra,de
CU01916,2026-03-21,Netherlands,77.0,Senior,Paid Social,True,green,Pisces,en
CU00373,2024-12-11,Netherlands,77.0,Senior,Referral,True,purple,Aries,pl
CU01162,2023-12-24,Switzerland,61.0,Senior,Paid Social,True,purple,Scorpio,de
CU02431,2025-01-29,France,35.0,Family,Referral,True,purple,Aquarius,pl
CU02918,2025-07-03,Austria,22.0,Student,Paid Social,True,blue,Cancer,de
CU01933,2024-08-03,Netherlands,35.0,Family,Referral,False,red,Scorpio,nl
CU02873,2025-06-20,Germany,18.0,Student,Paid Social,False,purple,Aries,de
CU02509,2023-02-09,Germany,20.0,Student,Referral,False,white,Cancer,de
CU02508,2025-10-24,Austria,46.0,Family,Organic Search,False,white,Libra,de
CU01092,2025-09-19,Germany,25.0,Student,Organic Search,False,red,Scorpio,de
CU01147,2026-02-04,France,32.0,Family,Organic Search,False,red,Sagittarius,nl
CU00295,2023-07-04,Germany,37.0,Professional,Paid Social,False,green,Taurus,de
CU01938,2024-12-25,Germany,,Senior,Organic Search,False,red,Aries,de
CU00978,2026-02-16,Netherlands,30.0,Family,Direct,False,red,Pisces,fr
CU00260,2025-05-08,Germany,37.0,Professional,Paid Social,False,black,Scorpio,de
CU00159,2025-10-31,Austria,24.0,Student,Organic Search,False,black,Scorpio,de
CU01153,2025-11-28,Germany,42.0,Professional,Direct,False,purple,Leo,de
CU00971,2025-03-06,Germany,37.0,Family,Referral,True,white,Cancer,de
CU02944,2025-08-25,Germany,24.0,Student,Paid Social,False,green,Aries,de
CU03078,2025-06-23,Switzerland,17.0,Student,Paid Social,False,red,Sagittarius,de
CU01860,2026-01-26,Poland,24.0,Student,Referral,True,blue,Scorpio,nl
CU00846,2025-02-19,Germany,37.0,Family,Paid Social,True,red,Libra,de
CU01645,2023-11-10,Germany,24.0,Student,Referral,False,black,Gemini,de
CU02967,2025-02-07,Germany,24.0,Student,Paid Social,False,white,Aries,de
CU01714,2024-02-04,,,Family,Organic Search,False,black,Taurus,de
CU01679,2024-05-19,Germany,41.0,Family,Direct,True,blue,Sagittarius,de
CU02597,2025-07-08,Austria,32.0,Family,Paid Social,True,white,Leo,de
CU01370,2025-08-01,Germany,73.0,Senior,Referral,True,purple,Taurus,de
CU01960,2024-07-13,Netherlands,45.0,Professional,Paid Social,False,blue,Capricorn,pl
CU00905,2023-09-17,Poland,26.0,Student,Paid Social,False,purple,Sagittarius,en
CU02277,2026-01-17,Germany,36.0,Family,Referral,True,black,Libra,de
CU00514,2025-04-23,Germany,79.0,Senior,Direct,False,green,Cancer,de
CU00068,2025-06-21,Germany,22.0,Student,Paid Social,False,green,Libra,de
CU00538,2023-09-18,France,46.0,Professional,Direct,True,white,Libra,fr
CU02832,2025-08-27,Germany,20.0,Student,Paid Social,True,purple,Cancer,de
CU02120,2026-01-19,Germany,35.0,Family,Direct,False,white,Cancer,de
CU02085,2024-03-11,Germany,37.0,Family,Organic Search,True,blue,Pisces,de
CU03094,2025-08-27,Poland,23.0,Student,Paid Social,True,green,Taurus,fr
CU00310,2024-10-07,France,25.0,Student,Organic Search,True,black,Sagittarius,nl
CU01348,2025-08-05,Switzerland,20.0,Student,Direct,False,blue,Virgo,de
CU00801,2025-11-05,Germany,40.0,Family,Organic Search,False,purple,Scorpio,de
CU01702,2024-08-29,Austria,,Professional,Organic Search,True,green,Capricorn,de
CU02396,2025-02-02,Germany,26.0,Student,Organic Search,False,black,Gemini,de
CU02682,2025-08-19,Netherlands,23.0,Student,Paid Social,True,blue,Cancer,en
CU02850,2025-06-23,Poland,25.0,Student,Paid Social,False,black,Virgo,pl
CU01084,2026-01-16,Germany,78.0,Senior,Organic Search,True,blue,Libra,de
CU02663,2025-07-28,Poland,19.0,Professional,Paid Social,False,white,Aquarius,pl
CU00126,2024-06-26,Germany,65.0,Senior,Referral,True,blue,Pisces,de
CU00069,2023-05-11,Germany,32.0,Professional,Organic Search,False,white,Virgo,de
CU01709,2024-07-09,Germany,37.0,Professional,Referral,True,white,Libra,de
CU01398,2026-03-23,Germany,30.0,Family,Referral,False,purple,Cancer,de
CU01245,2024-04-25,Switzerland,67.0,Senior,Referral,False,white,Gemini,de
CU02272,2024-01-11,Germany,48.0,Professional,Direct,False,purple,Cancer,de
CU00150,2023-12-01,Germany,40.0,Family,Referral,False,white,Aries,de
CU02857,2025-07-16,Austria,18.0,Student,Paid Social,False,white,Scorpio,de
CU02296,2024-05-29,Germany,32.0,Family,Paid Social,False,black,Taurus,de
CU02783,2025-08-03,Germany,,Student,Paid Social,False,white,Taurus,de
CU02421,2024-08-22,Germany,24.0,Student,Direct,False,purple,Libra,de
CU00888,2025-08-31,Germany,45.0,Professional,Organic Search,True,green,Sagittarius,de
CU00921,2026-04-02,Germany,21.0,Student,Organic Search,False,green,Aquarius,de
CU02926,2025-08-13,Austria,17.0,Student,Paid Social,False,purple,Gemini,de
CU02941,2025-07-30,Germany,25.0,Student,Paid Social,True,red,Capricorn,de
CU00437,2024-02-20,Germany,39.0,Family,Organic Search,True,green,Sagittarius,de
CU02686,2025-07-12,Germany,22.0,Student,Paid Social,True,purple,Taurus,de
CU02701,2025-08-07,Poland,25.0,Student,Paid Social,True,red,Aquarius,nl
CU00852,2023-12-25,France,66.0,Senior,Paid Social,True,red,Cancer,fr
CU01499,2024-09-02,Germany,32.0,Professional,Paid Social,True,purple,Taurus,de
CU00673,2025-04-10,France,19.0,Student,Referral,False,green,Cancer,en
CU00061,2024-05-15,Germany,73.0,Senior,Newsletter,False,white,Gemini,de
CU03002,2025-07-11,Netherlands,20.0,Student,Paid Social,False,blue,Cancer,nl
CU00265,2024-10-18,Austria,24.0,Student,Referral,False,blue,Pisces,de
CU02653,2025-06-26,Germany,23.0,Student,Paid Social,True,blue,Taurus,de
CU01324,2025-04-20,France,21.0,Student,Organic Search,False,black,Scorpio,fr
CU00457,2026-04-09,France,72.0,Senior,Organic Search,False,red,Cancer,en
CU00597,2023-09-19,Germany,25.0,Student,Direct,False,black,Libra,de
CU02912,2025-06-08,Netherlands,23.0,Student,Paid Social,True,red,Leo,en
CU02868,2025-08-14,Germany,25.0,Student,Paid Social,False,blue,Leo,de
CU01423,2025-09-11,Germany,26.0,Student,Paid Social,False,green,Sagittarius,de
CU00983,2025-05-08,Germany,23.0,Student,Newsletter,False,blue,Cancer,de
CU02060,2026-02-18,France,39.0,Professional,Direct,False,green,Cancer,nl
CU00210,2024-10-21,Germany,43.0,Family,Direct,False,purple,Virgo,de
CU01962,2025-02-06,Austria,24.0,Student,Paid Social,False,purple,Scorpio,de
CU03081,2025-08-17,Switzerland,23.0,Student,Paid Social,True,purple,Pisces,de
CU00203,2023-12-26,Germany,29.0,Professional,Referral,True,red,Capricorn,de
CU00348,2026-04-17,Austria,63.0,Senior,Paid Social,False,green,Libra,de
CU01926,2023-09-15,Switzerland,22.0,Student,Direct,False,red,Gemini,de
CU03077,2025-07-28,Germany,999.0,Student,Paid Social,False,red,Aries,de
CU02546,2024-02-13,Germany,33.0,Family,Paid Social,False,red,Pisces,de
CU01085,2023-11-04,Switzerland,20.0,Student,Direct,True,black,Aries,de
CU02445,2025-08-01,Austria,46.0,Family,Organic Search,False,purple,Sagittarius,de
CU01110,2024-12-02,France,79.0,Senior,Organic Search,True,purple,Scorpio,fr
CU02616,2025-07-28,Germany,22.0,Student,Paid Social,False,purple,Capricorn,de
CU00702,2025-05-30,Austria,29.0,Professional,Paid Social,False,green,Virgo,de
CU02385,2025-10-28,Germany,29.0,Professional,Newsletter,False,white,Sagittarius,de
CU01407,2025-11-16,Germany,36.0,Family,Referral,False,red,Pisces,de
CU01859,2024-02-13,Germany,,Student,Organic Search,False,black,Virgo,de
CU00635,2024-12-12,Germany,34.0,Professional,Organic Search,False,green,Leo,de
CU02697,2025-08-02,Germany,23.0,Student,Paid Social,False,purple,Aries,de
CU00835,2024-11-11,Poland,38.0,Professional,Organic Search,True,red,Capricorn,nl
CU02614,2025-06-26,Switzerland,,Student,Paid Social,False,purple,Pisces,de
CU01625,2025-10-07,France,62.0,Senior,Direct,False,purple,Gemini,en
CU00268,2024-04-09,Netherlands,24.0,Student,Referral,False,purple,Virgo,en
CU01808,2025-07-19,Germany,19.0,Student,Organic Search,True,white,Aquarius,de
CU02623,2025-08-04,Germany,23.0,Student,Paid Social,False,red,Aries,de
CU03043,2025-06-24,Germany,24.0,Professional,Paid Social,True,blue,Leo,de
CU02047,2025-05-25,Netherlands,27.0,Professional,Newsletter,False,black,Scorpio,en
CU00810,2023-08-17,Germany,77.0,Senior,Referral,True,blue,Cancer,de
CU01123,2024-04-12,Germany,20.0,Student,Organic Search,True,black,Scorpio,de
CU01832,2024-02-23,Germany,23.0,Student,Newsletter,False,blue,Libra,de
CU02115,2024-12-17,Germany,19.0,Student,Organic Search,False,black,Pisces,de
CU01207,2024-01-07,Austria,46.0,Professional,Referral,False,red,Scorpio,de
CU02269,2025-04-24,Poland,28.0,Professional,Organic Search,False,green,Taurus,pl
CU00982,2025-12-27,Netherlands,21.0,Student,Paid Social,True,white,Scorpio,en
CU01035,2024-02-16,Germany,,Senior,Organic Search,True,red,Pisces,de
CU02990,2025-08-13,Germany,18.0,Student,Paid Social,False,purple,Taurus,de
CU01966,2023-11-27,Netherlands,39.0,Professional,Referral,True,black,Virgo,fr
CU00052,2026-04-15,Netherlands,22.0,Student,Organic Search,True,purple,Taurus,en
CU00306,2024-04-21,Austria,45.0,Professional,Newsletter,False,black,Aquarius,de
CU01833,2025-06-09,Austria,47.0,Family,Paid Social,False,black,Leo,de
CU01567,2024-05-06,Germany,31.0,Family,Direct,True,white,Aries,de
CU01730,2025-01-10,Germany,22.0,Student,Newsletter,False,blue,Sagittarius,de
CU00022,2023-09-02,Germany,,Senior,Newsletter,False,black,Leo,de
CU01038,2025-09-26,Switzerland,40.0,Professional,Referral,False,black,Virgo,de
CU00727,2025-12-30,Germany,,Family,Paid Social,False,white,Cancer,de
CU00370,2024-09-11,Germany,47.0,Family,Organic Search,True,white,Pisces,de
CU02574,2024-11-17,Germany,38.0,Professional,Newsletter,False,green,Pisces,de
CU01221,2025-11-09,Austria,40.0,Professional,Direct,False,red,Taurus,de
CU03022,2025-07-21,Germany,21.0,Student,Paid Social,True,blue,Gemini,de
CU01483,2026-02-28,Netherlands,22.0,Student,Referral,False,purple,Libra,pl
CU01363,2025-07-18,Netherlands,41.0,Professional,Direct,True,blue,Virgo,pl
CU01515,2025-10-05,Switzerland,26.0,Student,Referral,False,green,Libra,de
CU00105,2025-08-28,Switzerland,37.0,Family,Newsletter,False,blue,Pisces,de
CU01488,2023-10-15,Poland,60.0,Senior,Organic Search,True,red,Taurus,fr
CU01501,2023-11-15,Poland,,Family,Referral,True,black,Capricorn,pl
CU01286,2023-10-17,Germany,35.0,Professional,Referral,False,purple,Aries,de
CU02580,2025-08-10,Germany,63.0,Senior,Paid Social,False,red,Leo,de
CU02157,2025-04-14,Germany,68.0,Senior,Paid Social,False,purple,Aries,de
CU01809,2025-07-22,Germany,30.0,Family,Organic Search,False,black,Taurus,de
CU00576,2023-08-08,Germany,21.0,Student,Referral,True,black,Aries,de
CU02356,2025-02-05,Germany,19.0,Student,Direct,False,red,Sagittarius,de
CU02337,2026-04-29,Netherlands,39.0,Professional,Organic Search,True,white,Cancer,nl
CU02203,2023-10-12,Switzerland,31.0,Professional,Referral,False,red,Gemini,de
CU02237,2024-07-11,Germany,36.0,Family,Referral,True,green,Sagittarius,de
CU01447,2024-11-02,Austria,71.0,Senior,Paid Social,False,black,Gemini,de
CU01883,2025-06-07,Germany,22.0,Student,Organic Search,False,white,Capricorn,de
CU01755,2024-12-13,Austria,49.0,Professional,Organic Search,False,red,Sagittarius,de
CU01355,2025-03-07,Switzerland,,Professional,Paid Social,True,purple,Aries,de
CU03003,2025-08-30,Germany,17.0,Student,Paid Social,False,blue,Aquarius,de
CU01094,2023-08-13,Germany,34.0,Family,Direct,True,red,Sagittarius,de
CU00140,2024-06-25,Germany,45.0,Professional,Organic Search,False,purple,Cancer,de
CU01158,2024-05-25,Austria,35.0,Professional,Referral,False,black,Cancer,de
CU01403,2026-04-22,Germany,46.0,Family,Paid Social,False,green,Capricorn,de
CU01490,2023-08-11,Germany,46.0,Professional,Newsletter,True,white,Libra,de
CU01109,2025-10-15,Germany,31.0,Professional,Paid Social,False,blue,Gemini,de
CU01495,2025-11-06,Germany,44.0,Professional,Paid Social,False,red,Gemini,de
CU00519,2024-01-25,Germany,46.0,Professional,Organic Search,True,red,Gemini,de
CU01919,2026-05-15,Germany,43.0,Professional,Direct,False,black,Sagittarius,de
CU01116,2023-08-16,Austria,21.0,Student,Direct,True,blue,Taurus,de
CU00436,2023-12-28,Poland,45.0,Professional,Referral,True,purple,Capricorn,en
CU01643,2025-02-09,Germany,31.0,Professional,Direct,False,red,Cancer,de
CU01671,2024-09-27,Poland,32.0,Professional,Direct,True,black,Pisces,en
CU02474,2025-06-21,Germany,0.0,Professional,Referral,True,green,Scorpio,de
CU03054,2025-07-06,Germany,24.0,Professional,Paid Social,False,green,Taurus,de
CU02624,2025-07-14,Poland,25.0,Student,Paid Social,False,red,Taurus,pl
CU01036,2023-10-13,Switzerland,49.0,Professional,Direct,False,red,Aries,de
CU00211,2025-01-20,Germany,25.0,Student,Paid Social,False,purple,Capricorn,de
CU00054,2023-12-18,Netherlands,21.0,Student,Referral,False,white,Taurus,nl
CU00780,2025-07-19,Germany,22.0,Student,Paid Social,False,white,Libra,de
CU02737,2025-08-09,Germany,23.0,Student,Paid Social,True,purple,Cancer,de
CU02722,2025-07-03,France,21.0,Student,Paid Social,False,blue,Virgo,en
CU00387,2024-10-16,Germany,23.0,Student,Referral,True,green,Scorpio,de
CU02779,2025-08-14,Germany,25.0,Student,Paid Social,True,black,Pisces,de
CU02350,2023-07-04,Germany,34.0,Family,Referral,True,blue,Virgo,de
CU00147,2026-04-03,Netherlands,22.0,Student,Newsletter,False,white,Capricorn,en
CU00499,2023-11-29,Germany,,Professional,Paid Social,False,green,Pisces,de
CU00620,2023-02-08,Austria,46.0,Professional,Direct,False,green,Cancer,de
CU00996,2026-05-29,Germany,46.0,Professional,Referral,False,red,Cancer,de
CU02244,2024-06-23,Germany,78.0,Senior,Paid Social,False,blue,Cancer,de
CU02054,2024-05-27,Germany,32.0,Family,Direct,False,white,Sagittarius,de
CU00794,2024-04-15,Germany,29.0,Professional,Referral,True,purple,Leo,de
CU00510,2024-05-05,Switzerland,39.0,Family,Organic Search,True,black,Pisces,de
CU01827,2025-03-10,Germany,24.0,Student,Organic Search,False,purple,Sagittarius,de
CU02052,2025-02-25,Germany,25.0,Student,Organic Search,True,green,Cancer,de
CU00168,2024-01-04,,42.0,Family,Direct,True,black,Leo,de
CU01098,2025-05-23,Netherlands,47.0,Professional,Paid Social,True,blue,Aries,nl
CU01783,2026-03-20,Germany,47.0,Professional,Organic Search,False,green,Gemini,de
CU02324,2025-06-17,Germany,20.0,Student,Referral,False,red,Pisces,de
CU02254,2023-08-24,Germany,62.0,Senior,Newsletter,False,blue,Taurus,de
CU02652,2025-06-25,Germany,19.0,Student,Paid Social,False,blue,Taurus,de
CU01954,2026-04-09,Germany,27.0,Professional,Paid Social,True,purple,Sagittarius,de
CU03032,2025-07-01,Netherlands,18.0,Student,Paid Social,False,black,Leo,pl
CU02116,2024-12-19,Germany,48.0,Professional,Direct,True,black,Taurus,de
CU00759,2025-05-12,Switzerland,,Family,Direct,True,purple,Sagittarius,de
CU02224,2026-01-02,Germany,22.0,Student,Organic Search,False,blue,Aquarius,de
CU02430,2024-11-14,Netherlands,31.0,Professional,Paid Social,False,red,Aries,nl
CU02164,2024-10-31,,21.0,Student,Paid Social,True,purple,Sagittarius,de
CU03108,2025-06-30,Germany,22.0,Student,Paid Social,False,purple,Aquarius,de
CU02627,2025-07-22,Germany,17.0,Professional,Paid Social,True,red,Libra,de
CU00662,2024-10-01,Germany,45.0,Family,Paid Social,False,white,Cancer,de
CU02716,2025-08-11,Germany,18.0,Student,Paid Social,False,red,Cancer,de
CU02740,2025-07-25,Germany,24.0,Student,Paid Social,False,red,Virgo,de
CU02264,2026-04-05,Germany,43.0,Professional,Organic Search,False,black,Leo,de
CU02827,2025-07-20,Switzerland,18.0,Student,Paid Social,False,red,Aries,de
CU01294,2025-03-23,France,32.0,Family,Newsletter,False,blue,Libra,nl
CU00663,2025-08-17,Austria,,Professional,Organic Search,True,green,Scorpio,de
CU01847,2024-02-19,Switzerland,,Family,Newsletter,False,black,Pisces,de
CU00530,2024-10-20,Germany,78.0,Senior,Paid Social,False,blue,Pisces,de
CU01273,2024-04-05,Germany,44.0,Professional,Paid Social,False,white,Libra,de
CU02389,2026-03-24,Germany,32.0,Professional,Organic Search,True,black,Aries,de
CU00060,2023-10-10,Germany,25.0,Student,Referral,True,purple,Aquarius,de
CU00949,2024-10-30,Germany,40.0,Family,Newsletter,False,purple,Taurus,de
CU01834,2023-12-12,Germany,72.0,Senior,Direct,False,white,Virgo,de
CU01750,2024-03-12,Germany,46.0,Professional,Newsletter,False,green,Scorpio,de
CU00282,2023-10-12,Austria,26.0,Student,Organic Search,False,red,Leo,de
CU01184,2025-07-30,Germany,34.0,Professional,Direct,False,black,Capricorn,de
CU01630,2025-09-18,Germany,24.0,Student,Referral,False,white,Pisces,de
CU02741,2025-07-01,Germany,21.0,Student,Paid Social,True,green,Leo,de
CU02363,2024-12-30,Netherlands,23.0,Student,Organic Search,True,red,Scorpio,fr
CU02321,2026-01-04,France,25.0,Student,Newsletter,False,black,Sagittarius,pl
CU02510,2024-12-05,Germany,20.0,Student,Organic Search,False,green,Scorpio,de
CU02292,2025-12-17,Germany,75.0,Senior,Organic Search,False,white,Capricorn,de
CU02315,2026-05-02,Germany,36.0,Professional,Direct,False,green,Cancer,de
CU02970,2025-08-08,Germany,23.0,Professional,Paid Social,True,purple,Gemini,de
CU02903,2025-07-06,Switzerland,22.0,Student,Paid Social,True,blue,Cancer,de
CU01327,2023-07-31,Germany,25.0,Student,Organic Search,False,blue,Pisces,de
CU02673,2025-07-15,Germany,22.0,Student,Paid Social,True,green,Leo,de
CU02579,2025-01-30,Germany,34.0,Family,Referral,True,black,Aries,de
CU00854,2025-11-24,Netherlands,22.0,Student,Paid Social,False,purple,Taurus,en
CU01818,2024-03-20,Germany,21.0,Student,Paid Social,False,green,Gemini,de
CU01277,2023-07-11,Germany,26.0,Professional,Paid Social,False,purple,Aquarius,de
CU01284,2025-02-20,Poland,30.0,Professional,Paid Social,False,black,Aquarius,pl
CU01629,2025-06-30,Germany,25.0,Student,Referral,True,blue,Aquarius,de
CU02429,2025-07-30,Germany,63.0,Senior,Direct,False,purple,Sagittarius,de
CU01699,2025-01-23,Poland,48.0,Professional,Paid Social,False,purple,Sagittarius,nl
CU00806,2026-02-05,Austria,20.0,Student,Paid Social,True,blue,Sagittarius,de
CU02821,2025-08-14,Netherlands,,Professional,Paid Social,False,red,Scorpio,fr
CU01530,2025-06-13,Germany,,Student,Organic Search,True,black,Scorpio,de
CU02693,2025-07-15,Poland,24.0,Student,Paid Social,True,black,Leo,en
CU00711,2026-05-03,Netherlands,76.0,Senior,Referral,True,red,Taurus,nl
CU02749,2025-07-02,Germany,20.0,Student,Paid Social,False,red,Cancer,de
CU00050,2024-10-27,Netherlands,31.0,Family,Paid Social,False,blue,Leo,pl
CU01571,2024-05-03,Germany,33.0,Family,Organic Search,False,green,Taurus,de
CU00644,2025-06-20,Germany,25.0,Student,Referral,True,green,Pisces,de
CU01559,2023-11-27,Germany,,Professional,Direct,False,red,Pisces,de
CU01007,2025-04-26,Germany,30.0,Professional,Paid Social,True,black,Pisces,de
CU00802,2026-03-23,Germany,77.0,Senior,Newsletter,True,black,Gemini,de
CU02243,2024-05-12,,44.0,Family,Organic Search,True,red,Cancer,fr
CU02162,2026-01-31,Germany,19.0,Student,Organic Search,True,black,Pisces,de
CU01311,2024-03-18,Germany,67.0,Senior,Organic Search,False,black,Libra,de
CU01989,2024-11-28,Austria,37.0,Family,Paid Social,True,black,Pisces,de
CU00850,2024-06-24,France,37.0,Professional,Paid Social,False,red,Pisces,en
CU00425,2024-09-29,France,30.0,Professional,Organic Search,False,green,Aquarius,fr
CU00417,2023-09-17,Germany,32.0,Professional,Referral,False,purple,Gemini,de
CU03057,2025-08-18,France,21.0,Professional,Paid Social,False,blue,Pisces,nl
CU00001,2025-03-08,Germany,22.0,Student,Referral,False,blue,Leo,de
CU01837,2024-06-26,Switzerland,37.0,Professional,Referral,True,purple,Taurus,de
CU01482,2024-06-20,Netherlands,48.0,Professional,Direct,False,purple,Scorpio,en
CU01410,2024-04-18,Germany,74.0,Senior,Paid Social,True,red,Aquarius,de
CU02398,2026-04-02,Germany,75.0,Senior,Organic Search,False,purple,Aries,de
CU02032,2023-11-16,Netherlands,71.0,Senior,Paid Social,False,purple,Leo,en
CU01270,2023-12-17,Austria,47.0,Professional,Newsletter,False,white,Virgo,de
CU00177,2023-10-02,Netherlands,31.0,Professional,Paid Social,False,black,Taurus,pl
CU02529,2024-10-11,,74.0,Senior,Newsletter,False,white,Capricorn,de
CU02523,2024-12-06,Germany,33.0,Family,Referral,False,green,Cancer,de
CU00513,2024-09-06,Switzerland,26.0,Student,Organic Search,True,green,Taurus,de
CU00537,2025-09-03,Germany,27.0,Professional,Paid Social,False,green,Gemini,de
CU01287,2025-02-12,Germany,68.0,Senior,Referral,False,white,Cancer,de
CU00920,2023-08-14,Germany,41.0,Family,Organic Search,False,green,Pisces,de
CU01463,2025-09-10,Germany,,Professional,Referral,True,green,Leo,de
CU00362,2023-08-20,Germany,,Student,Referral,False,white,Aquarius,de
CU02131,2025-12-21,Switzerland,25.0,Student,Newsletter,True,black,Scorpio,de
CU01140,2023-09-13,Germany,30.0,Professional,Organic Search,False,green,Aquarius,de
CU02708,2025-07-20,Germany,,Student,Paid Social,False,green,Scorpio,de
CU02811,2025-08-07,Netherlands,,Student,Paid Social,False,blue,Pisces,en
CU00337,2025-04-08,Germany,36.0,Family,Organic Search,False,purple,Taurus,de
CU00767,2025-10-05,Netherlands,63.0,Senior,Referral,True,white,Scorpio,nl
CU01349,2025-01-31,Germany,26.0,Student,Direct,True,green,Scorpio,de
CU00435,2024-01-30,Switzerland,23.0,Student,Referral,False,white,Libra,de
CU02112,2025-12-05,Netherlands,71.0,Senior,Referral,False,blue,Virgo,en
CU01055,2025-04-19,Germany,60.0,Senior,Paid Social,True,green,Sagittarius,de
CU03062,2025-06-27,Germany,18.0,Student,Paid Social,True,black,Virgo,de
CU02380,2023-10-12,Austria,66.0,Senior,Organic Search,False,blue,Pisces,de
CU01720,2024-07-27,Netherlands,,Student,Paid Social,False,purple,Leo,pl
CU02374,2024-04-14,Austria,76.0,Senior,Organic Search,False,purple,Capricorn,de
CU00408,2025-08-29,Netherlands,25.0,Student,Paid Social,False,black,Aries,en
CU01263,2025-08-23,Germany,43.0,Family,Paid Social,True,red,Libra,de
CU02512,2026-01-23,France,24.0,Student,Paid Social,True,white,Leo,pl
CU02669,2025-07-01,Austria,,Student,Paid Social,True,white,Taurus,de
CU03049,2025-08-27,France,18.0,Student,Paid Social,False,red,Pisces,pl
CU01318,2023-08-29,Germany,34.0,Family,Organic Search,True,black,Taurus,de
CU01330,2026-01-28,Germany,20.0,Student,Direct,True,white,Gemini,de
CU02498,2024-02-18,Poland,,Family,Direct,False,black,Libra,nl
CU02772,2025-07-02,Germany,17.0,Student,Paid Social,False,red,Aries,de
CU00381,2024-08-21,Germany,36.0,Family,Referral,False,red,Capricorn,de
CU01728,2024-01-19,Germany,42.0,Family,Referral,False,blue,Libra,de
CU02870,2025-08-20,Germany,19.0,Student,Paid Social,True,purple,Capricorn,de
CU01805,2026-02-16,Netherlands,34.0,Professional,Paid Social,True,blue,Cancer,en
CU02106,2024-11-08,Germany,43.0,Professional,Newsletter,False,black,Leo,de
CU02479,2024-02-06,,39.0,Family,Newsletter,False,white,Leo,de
CU00579,2024-03-10,Germany,24.0,Student,Paid Social,False,red,Gemini,de
CU00479,2026-04-08,Germany,75.0,Senior,Organic Search,False,red,Gemini,de
CU01726,2023-11-11,Germany,23.0,Student,Organic Search,True,white,Libra,de
CU03097,2025-06-20,Germany,25.0,Student,Paid Social,False,red,Gemini,de
CU02991,2025-06-18,Netherlands,23.0,Student,Paid Social,False,green,Leo,en
CU03067,2025-07-09,Germany,18.0,Student,Paid Social,True,purple,Capricorn,de
CU00420,2025-05-24,Austria,35.0,Family,Organic Search,False,green,Aries,de
CU00626,2026-05-07,Netherlands,66.0,Senior,Newsletter,True,purple,Aries,nl
CU02787,2025-07-07,Austria,17.0,Professional,Paid Social,False,green,Aries,de
CU00040,2023-10-09,Germany,36.0,Family,Paid Social,False,white,Taurus,de
CU01168,2025-10-28,Netherlands,23.0,Student,Organic Search,False,red,Aries,en
CU01481,2025-07-15,Austria,43.0,Family,Direct,False,blue,Gemini,de
CU02576,2024-09-14,France,77.0,Senior,Direct,False,green,Capricorn,en
CU01060,2024-08-04,France,65.0,Senior,Newsletter,True,red,Virgo,nl
CU00081,2025-01-07,Germany,63.0,Senior,Organic Search,False,purple,Taurus,de
CU00947,2025-03-28,Germany,19.0,Student,Organic Search,True,red,Sagittarius,de
CU00074,2026-05-26,Germany,38.0,Family,Organic Search,True,purple,Capricorn,de
CU01126,2024-06-04,Germany,44.0,Family,Organic Search,True,white,Scorpio,de
CU00557,2026-02-23,Germany,20.0,Student,Paid Social,False,blue,Pisces,de
CU02153,2026-03-29,Germany,37.0,Family,Organic Search,True,red,Virgo,de
CU02943,2025-07-24,Germany,17.0,Student,Paid Social,True,blue,Pisces,de
CU01253,2025-09-04,Germany,41.0,Professional,Direct,False,white,Virgo,de
CU01918,2026-02-10,Poland,22.0,Student,Direct,True,purple,Leo,en
CU01815,2023-09-14,Austria,63.0,Senior,Paid Social,True,red,Leo,de
CU02808,2025-07-15,Germany,22.0,Student,Paid Social,True,black,Gemini,de
CU02685,2025-06-18,France,23.0,Student,Paid Social,False,blue,Pisces,en
CU02411,2024-04-14,Germany,32.0,Professional,Referral,True,purple,Aries,de
CU00542,2024-06-15,Germany,30.0,Family,Direct,True,purple,Sagittarius,de
CU01462,2025-07-14,Germany,21.0,Student,Organic Search,False,black,Sagittarius,de
CU00508,2025-03-29,Germany,34.0,Professional,Paid Social,False,black,Cancer,de
CU01182,2024-11-03,Austria,30.0,Family,Paid Social,False,green,Capricorn,de
CU02590,2024-02-18,France,21.0,Student,Newsletter,False,green,Leo,fr
CU00489,2025-12-23,Germany,,Student,Direct,False,red,Sagittarius,de
CU01125,2024-05-19,Germany,27.0,Professional,Paid Social,False,black,Scorpio,de
CU02361,2024-08-05,Germany,21.0,Student,Organic Search,False,green,Leo,de
CU01542,2025-09-22,Austria,,Student,Organic Search,False,green,Taurus,de
CU00389,2024-01-12,Germany,31.0,Professional,Referral,True,purple,Virgo,de
CU00218,2024-10-27,Switzerland,21.0,Student,Referral,False,white,Taurus,de
CU01018,2025-09-09,Germany,30.0,Family,Organic Search,False,black,Virgo,de
CU01246,2025-03-14,Germany,22.0,Student,Newsletter,True,black,Scorpio,de
CU02428,2024-02-06,Germany,34.0,Professional,Direct,False,black,Sagittarius,de
CU01811,2026-02-22,Germany,31.0,Professional,Organic Search,True,purple,Leo,de
CU01291,2023-07-03,Germany,32.0,Professional,Organic Search,False,black,Pisces,de
CU00463,2023-07-05,Germany,31.0,Professional,Paid Social,False,blue,Pisces,de
CU02647,2025-08-12,Germany,23.0,Student,Paid Social,False,blue,Virgo,de
CU02601,2025-07-12,Austria,22.0,Student,Paid Social,False,red,Gemini,de
CU00862,2025-09-06,Poland,-1.0,Professional,Direct,False,green,Pisces,en
CU00527,2024-03-18,Germany,33.0,Family,Organic Search,True,white,Sagittarius,de
CU01925,2025-11-19,Netherlands,34.0,Family,Newsletter,False,black,Pisces,en
CU02472,2024-01-10,Netherlands,49.0,Professional,Organic Search,True,white,Taurus,nl
CU02473,2026-02-09,Switzerland,45.0,Professional,Newsletter,True,blue,Taurus,de
CU00284,2025-08-08,Poland,45.0,Professional,Organic Search,True,blue,Libra,nl
CU00816,2026-02-05,Austria,30.0,Professional,Paid Social,False,blue,Scorpio,de
CU01471,2024-05-06,Germany,49.0,Professional,Paid Social,True,white,Taurus,de
CU01087,2025-12-20,Austria,48.0,Professional,Organic Search,True,black,Sagittarius,de
CU00873,2024-03-04,Germany,26.0,Professional,Referral,False,white,Pisces,de
CU00591,2024-08-24,Netherlands,47.0,Professional,Paid Social,False,green,Sagittarius,en
CU02439,2026-01-29,Netherlands,63.0,Senior,Direct,False,blue,Virgo,pl
CU01577,2024-07-10,France,34.0,Family,Newsletter,False,purple,Virgo,fr
CU00065,2025-02-10,,44.0,Family,Paid Social,True,black,Aquarius,de
CU01083,2023-10-16,Switzerland,60.0,Senior,Organic Search,False,green,Taurus,de
CU02684,2025-06-20,Germany,18.0,Student,Paid Social,False,red,Pisces,de
CU01280,2026-03-21,France,20.0,Student,Referral,False,black,Aries,nl
CU00605,2025-05-18,France,33.0,Professional,Referral,False,purple,Pisces,pl
CU02000,2024-11-08,France,37.0,Professional,Direct,False,white,Capricorn,en
CU00730,2024-08-27,Germany,33.0,Professional,Paid Social,True,blue,Cancer,de
CU02134,2025-12-26,Germany,28.0,Professional,Paid Social,True,white,Capricorn,de
CU00353,2024-03-15,Germany,74.0,Senior,Organic Search,False,black,Aquarius,de
CU00954,2024-06-16,France,26.0,Student,Organic Search,True,purple,Pisces,en
CU01401,2025-09-04,Germany,40.0,Professional,Paid Social,False,white,Capricorn,de
CU00324,2023-09-18,Germany,73.0,Senior,Paid Social,False,green,Aquarius,de
CU02700,2025-08-25,Germany,19.0,Professional,Paid Social,False,green,Libra,de
CU02298,2023-07-22,Netherlands,45.0,Professional,Referral,False,green,Sagittarius,pl
CU01851,2025-07-22,France,62.0,Senior,Direct,False,purple,Cancer,fr
CU02086,2025-05-24,Austria,41.0,Family,Organic Search,True,green,Cancer,de
CU01380,2025-12-05,Germany,23.0,Student,Paid Social,False,purple,Pisces,de
CU01656,2023-10-15,Poland,67.0,Senior,Paid Social,True,white,Cancer,pl
CU02855,2025-06-16,France,18.0,Professional,Paid Social,False,red,Leo,en
CU00035,2024-10-12,Switzerland,19.0,Student,Newsletter,False,green,Libra,de
CU01948,2023-10-18,France,26.0,Student,Organic Search,True,black,Gemini,nl
CU01406,2025-11-06,Netherlands,69.0,Senior,Paid Social,True,white,Virgo,pl
CU02359,2024-03-08,Austria,48.0,Professional,Organic Search,True,red,Leo,de
CU01700,2023-10-18,Switzerland,25.0,Student,Referral,True,blue,Sagittarius,de
CU01706,2024-08-22,France,24.0,Student,Organic Search,True,white,Leo,nl
CU02317,2024-05-16,Germany,69.0,Senior,Direct,True,blue,Virgo,de
CU02978,2025-07-21,Germany,17.0,Professional,Paid Social,True,green,Aquarius,de
CU00020,2023-12-02,Germany,47.0,Family,Organic Search,True,blue,Cancer,de
CU00623,2024-06-02,Netherlands,,Professional,Direct,False,white,Leo,fr
CU02727,2025-08-20,France,22.0,Student,Paid Social,False,red,Sagittarius,nl
CU02208,2024-09-03,Germany,27.0,Professional,Direct,False,red,Virgo,de
CU02166,2023-07-18,Germany,34.0,Professional,Direct,True,purple,Aries,de
CU02434,2024-01-29,Austria,48.0,Professional,Direct,True,black,Aries,de
CU01275,2024-06-03,Germany,70.0,Senior,Newsletter,True,white,Capricorn,de
CU02677,2025-09-07,Germany,18.0,Student,Paid Social,False,red,Capricorn,de
CU01082,2024-04-24,Germany,62.0,Senior,Direct,True,red,Virgo,de
CU00164,2023-08-26,Austria,47.0,Professional,Referral,False,white,Cancer,de
CU01754,2025-11-16,France,69.0,Senior,Direct,True,black,Aquarius,fr
CU01896,2023-08-27,Germany,,Student,Organic Search,False,white,Virgo,de
CU01177,2025-07-26,,26.0,Professional,Organic Search,False,white,Libra,de
CU02655,2025-08-25,Germany,18.0,Student,Paid Social,True,red,Scorpio,de
CU00199,2023-09-01,France,43.0,Professional,Newsletter,False,purple,Capricorn,pl
CU01233,2025-04-27,Germany,30.0,Family,Organic Search,False,purple,Aries,de
CU03091,2025-02-08,Germany,23.0,Student,Paid Social,False,blue,Aquarius,de
CU01516,2025-08-02,Austria,66.0,Senior,Newsletter,False,green,Sagittarius,de
CU01773,2026-04-02,Netherlands,67.0,Senior,Organic Search,True,red,Capricorn,fr
CU00409,2024-08-27,Austria,35.0,Professional,Paid Social,True,black,Cancer,de
CU00143,2025-02-01,Germany,71.0,Senior,Referral,True,blue,Libra,de
CU00023,2026-03-30,France,20.0,Student,Organic Search,False,white,Virgo,en
CU00205,2024-03-19,Poland,30.0,Family,Direct,True,green,Capricorn,fr
CU01213,2025-05-30,Poland,44.0,Professional,Organic Search,False,blue,Aries,nl
CU01771,2025-05-05,France,47.0,Professional,Referral,False,purple,Aries,fr
CU01365,2026-03-16,Poland,26.0,Student,Direct,True,green,Capricorn,nl
CU01006,2025-11-29,Germany,35.0,Professional,Organic Search,True,purple,Capricorn,de
CU00642,2024-01-15,Netherlands,70.0,Senior,Direct,False,black,Libra,nl
CU01892,2024-05-23,Netherlands,999.0,Family,Paid Social,True,red,Sagittarius,nl
CU02829,2025-07-17,Germany,17.0,Student,Paid Social,False,purple,Aquarius,de
CU01344,2024-10-06,Germany,44.0,Professional,Direct,False,white,Leo,de
CU00385,2023-05-09,Germany,20.0,Student,Organic Search,False,black,Gemini,de
CU00889,2026-01-24,Switzerland,64.0,Senior,Direct,False,black,Capricorn,de
CU02341,2023-11-15,Austria,36.0,Family,Organic Search,False,white,Sagittarius,de
CU01086,2024-06-16,Switzerland,71.0,Senior,Organic Search,True,blue,Taurus,de
CU00173,2026-02-18,,31.0,Family,Organic Search,False,black,Capricorn,de
CU00532,2024-03-25,France,38.0,Family,Organic Search,False,purple,Pisces,en
CU01903,2025-02-24,Germany,19.0,Student,Organic Search,False,blue,Aries,de
CU01340,2024-03-23,Germany,34.0,Professional,Referral,False,purple,Sagittarius,de
CU01106,2024-03-09,Germany,49.0,Professional,Direct,True,purple,Taurus,de
CU02096,2023-10-29,France,49.0,Professional,Paid Social,False,green,Capricorn,nl
CU00400,2024-06-05,Germany,47.0,Family,Direct,True,green,Capricorn,de
CU02876,2025-06-22,Germany,23.0,Student,Paid Social,True,red,Aquarius,de
CU03066,2025-06-29,Germany,20.0,Student,Paid Social,False,white,Scorpio,de
CU00641,2025-02-15,Austria,46.0,Professional,Paid Social,False,black,Taurus,de
CU03030,2025-08-05,Austria,22.0,Student,Paid Social,True,blue,Aries,de
CU00720,2025-01-21,Germany,20.0,Student,Paid Social,False,black,Cancer,de
CU01672,2025-10-05,Germany,,Professional,Organic Search,True,blue,Taurus,de
CU00391,2023-11-04,Germany,41.0,Professional,Paid Social,False,white,Cancer,de
CU00936,2025-10-21,Germany,33.0,Family,Paid Social,False,blue,Libra,de
CU02484,2024-04-11,Germany,23.0,Student,Organic Search,False,purple,Gemini,de
CU00139,2025-05-08,Germany,40.0,Family,Referral,True,white,Gemini,de
CU01149,2023-11-14,Austria,37.0,Professional,Referral,True,purple,Capricorn,de
CU00787,2024-06-11,Austria,20.0,Student,Newsletter,True,white,Capricorn,de
CU01586,2023-03-10,Austria,72.0,Senior,Paid Social,False,blue,Cancer,de
CU01119,2025-06-09,Germany,25.0,Student,Direct,True,black,Aquarius,de
CU03024,2025-07-14,Austria,20.0,Student,Paid Social,False,white,Cancer,de
CU02585,2023-12-01,Germany,33.0,Professional,Referral,True,purple,Capricorn,de
CU02994,2025-07-08,Netherlands,23.0,Student,Paid Social,True,purple,Capricorn,nl
CU01689,2024-04-24,Germany,32.0,Professional,Direct,True,green,Sagittarius,de
CU02497,2025-01-20,Germany,24.0,Student,Paid Social,False,purple,Libra,de
CU02774,2025-08-22,Germany,23.0,Student,Paid Social,False,red,Cancer,de
CU01374,2025-08-30,Germany,20.0,Student,Paid Social,False,blue,Scorpio,de
CU02619,2025-07-26,Austria,,Student,Paid Social,False,white,Pisces,de
CU00953,2026-05-13,Germany,47.0,Family,Direct,False,red,Aquarius,de
CU02775,2025-07-31,France,19.0,Student,Paid Social,True,red,Sagittarius,en
CU03046,2025-07-05,Switzerland,25.0,Student,Paid Social,False,green,Aquarius,de
CU01196,2025-11-28,Austria,39.0,Professional,Paid Social,True,white,Sagittarius,de
CU02683,2025-06-26,Germany,20.0,Professional,Paid Social,True,green,Virgo,de
CU00272,2023-07-08,Germany,33.0,Family,Organic Search,False,black,Capricorn,de
CU01575,2024-12-10,Germany,45.0,Professional,Referral,True,white,Pisces,de
CU02983,2025-07-21,Switzerland,19.0,Student,Paid Social,False,purple,Aries,de
CU01886,2026-04-03,France,27.0,Professional,Newsletter,False,green,Virgo,en
CU01290,2025-11-24,Germany,30.0,Family,Referral,True,green,Taurus,de
CU00129,2023-09-03,Switzerland,69.0,Senior,Organic Search,False,white,Pisces,de
CU02551,2025-09-23,Germany,29.0,Professional,Organic Search,False,blue,Libra,de
CU02814,2025-07-08,Germany,18.0,Student,Paid Social,False,red,Pisces,de
CU01332,2025-02-15,Germany,30.0,Family,Paid Social,False,red,Gemini,de
CU01843,2024-09-30,Germany,41.0,Family,Direct,True,red,Cancer,de
CU00161,2025-04-16,Germany,36.0,Professional,Paid Social,True,black,Scorpio,de
CU00932,2023-11-08,Germany,23.0,Student,Organic Search,False,red,Virgo,de
CU01389,2026-05-18,Germany,38.0,Professional,Direct,False,blue,Cancer,de
CU02287,2025-06-16,Austria,31.0,Family,Paid Social,False,black,Capricorn,de
CU02194,2023-09-08,Netherlands,26.0,Professional,Referral,False,black,Capricorn,fr
CU00755,2024-09-22,Austria,32.0,Professional,Paid Social,True,white,Virgo,de
CU02040,2024-11-24,Germany,68.0,Senior,Paid Social,False,purple,Leo,de
CU01379,2025-06-09,Germany,44.0,Family,Organic Search,False,blue,Taurus,de
CU00421,2025-06-01,Germany,37.0,Family,Referral,False,purple,Libra,de
CU02530,2023-11-22,Germany,44.0,Professional,Paid Social,True,red,Capricorn,de
CU02608,2025-08-30,Switzerland,17.0,Student,Paid Social,True,green,Scorpio,de
CU00287,2023-07-22,Germany,31.0,Family,Organic Search,False,black,Pisces,de
CU02558,2026-05-17,Germany,42.0,Professional,Direct,True,red,Leo,de
CU02055,2026-03-05,France,21.0,Student,Direct,True,black,Leo,fr
CU01041,2024-08-23,Austria,40.0,Family,Organic Search,False,purple,Libra,de
CU00133,2024-06-24,Germany,,Professional,Referral,True,green,Taurus,de
CU02934,2025-07-10,Germany,22.0,Professional,Paid Social,True,blue,Scorpio,de
CU02068,2024-06-06,Netherlands,,Professional,Referral,True,green,Gemini,en
CU02698,2025-07-21,Germany,22.0,Student,Paid Social,False,blue,Pisces,de
CU01080,2026-02-19,Germany,69.0,Senior,Organic Search,True,white,Gemini,de
CU01512,2023-08-27,Austria,37.0,Professional,Paid Social,False,white,Aries,de
CU02309,2024-05-02,Netherlands,75.0,Senior,Paid Social,False,green,Leo,en
CU00136,2024-01-14,Germany,36.0,Professional,Paid Social,True,black,Aries,de
CU01214,2024-08-01,Germany,44.0,Professional,Paid Social,False,red,Virgo,de
CU02038,2025-03-07,Germany,,Senior,Referral,True,purple,Virgo,de
CU02862,2025-08-11,Netherlands,25.0,Student,Paid Social,True,blue,Cancer,pl
CU00212,2024-07-23,Germany,,Family,Organic Search,False,red,Aries,de
CU02416,2026-05-14,Germany,21.0,Student,Direct,False,purple,Aries,de
CU02347,2025-07-01,Germany,35.0,Family,Paid Social,True,green,Libra,de
CU00275,2024-06-02,Germany,35.0,Family,Paid Social,True,black,Cancer,de
CU02079,2025-10-25,,27.0,Professional,Referral,False,black,Gemini,pl
CU00089,2025-03-28,Germany,26.0,Student,Organic Search,False,blue,Capricorn,de
CU00751,2025-11-16,Germany,31.0,Professional,Direct,False,white,Leo,de
CU02515,2024-04-15,Switzerland,,Student,Paid Social,False,black,Leo,de
CU00299,2026-03-24,Austria,26.0,Professional,Paid Social,True,red,Sagittarius,de
CU03105,2025-08-07,Germany,22.0,Student,Paid Social,False,red,Aquarius,de
CU00568,2023-12-25,Netherlands,78.0,Senior,Direct,False,purple,Capricorn,fr
CU02345,2024-03-12,Germany,23.0,Student,Organic Search,True,black,Scorpio,de
CU01627,2024-10-04,Germany,40.0,Professional,Paid Social,False,green,Capricorn,de
CU00262,2024-04-15,Germany,46.0,Professional,Organic Search,False,black,Aries,de
CU01729,2025-05-21,Germany,69.0,Senior,Paid Social,False,blue,Capricorn,de
CU02769,2025-06-27,Austria,18.0,Student,Paid Social,True,blue,Leo,de
CU02435,2023-11-06,Austria,,Professional,Paid Social,True,white,Aries,de
CU00316,2023-10-30,Austria,44.0,Family,Referral,True,purple,Virgo,de
CU02504,2026-01-08,Germany,42.0,Professional,Newsletter,False,black,Virgo,de
CU00104,2023-09-12,Austria,,Professional,Direct,False,red,Gemini,de
CU01615,2025-06-06,France,24.0,Student,Referral,True,white,Aquarius,pl
CU02367,2026-01-05,Switzerland,29.0,Professional,Organic Search,False,purple,Aries,de
CU01070,2024-09-04,Germany,21.0,Student,Direct,False,white,Cancer,de
CU02719,2025-06-15,Germany,23.0,Student,Paid Social,True,red,Virgo,de
CU00927,2024-10-05,France,38.0,Professional,Direct,True,green,Aquarius,en
CU02491,2024-07-09,Germany,37.0,Family,Paid Social,False,red,Virgo,de
CU02582,2026-02-20,Austria,25.0,Student,Organic Search,True,blue,Libra,de
CU00366,2024-04-04,Germany,41.0,Family,Paid Social,True,red,Virgo,de
CU02723,2025-07-03,Netherlands,21.0,Student,Paid Social,False,purple,Pisces,en
CU00529,2026-01-12,Austria,47.0,Professional,Newsletter,False,red,Taurus,de
CU00045,2025-09-17,,35.0,Family,Newsletter,True,blue,Pisces,de
CU00309,2025-10-04,,19.0,Student,Organic Search,True,green,Aquarius,de
CU01506,2025-03-13,Germany,23.0,Student,Organic Search,False,green,Libra,de
CU01551,2025-11-24,Austria,30.0,Professional,Organic Search,True,black,Aries,de
CU00449,2024-07-18,Netherlands,23.0,Student,Organic Search,False,green,Taurus,nl
CU01375,2024-04-21,France,40.0,Professional,Direct,True,green,Sagittarius,en
CU00572,2024-10-14,Germany,61.0,Senior,Organic Search,True,white,Leo,de
CU01135,2024-11-18,Austria,33.0,Professional,Referral,False,purple,Aquarius,de
CU01204,2025-09-18,Germany,36.0,Professional,Newsletter,True,red,Cancer,de
CU02382,2024-10-11,Netherlands,42.0,Professional,Organic Search,False,purple,Leo,nl
CU01173,2024-03-26,Germany,36.0,Family,Paid Social,True,white,Gemini,de
CU01319,2023-08-16,Germany,,Senior,Referral,False,blue,Leo,de
CU00600,2024-07-25,Poland,22.0,Student,Organic Search,False,black,Libra,nl
CU02260,2024-09-09,Germany,22.0,Student,Paid Social,False,red,Scorpio,de
CU02412,2024-05-03,Germany,76.0,Senior,Direct,False,green,Aquarius,de
CU00834,2024-09-26,France,,Family,Organic Search,False,green,Sagittarius,pl
CU00942,2024-08-11,Germany,34.0,Professional,Referral,False,blue,Leo,de
CU00063,2026-01-27,Austria,76.0,Senior,Referral,False,black,Capricorn,de
CU01683,2025-12-30,Netherlands,29.0,Professional,Direct,False,red,Capricorn,pl
CU00987,2024-06-13,Germany,22.0,Student,Direct,False,black,Taurus,de
CU02362,2025-07-20,Germany,21.0,Student,Direct,False,blue,Pisces,de
CU00333,2024-10-10,Netherlands,44.0,Family,Organic Search,True,white,Scorpio,nl
CU02770,2025-07-21,Germany,24.0,Student,Paid Social,True,black,Taurus,de
CU02646,2025-06-25,Poland,24.0,Professional,Paid Social,True,white,Pisces,pl
CU02069,2024-08-26,France,,Senior,Direct,True,white,Aries,nl
CU02355,2024-12-08,Poland,30.0,Professional,Direct,False,green,Cancer,fr
CU01167,2025-03-02,Germany,44.0,Professional,Referral,True,blue,Cancer,de
CU00630,2025-05-07,Germany,40.0,Professional,Organic Search,False,green,Libra,de
CU02695,2025-07-17,Germany,23.0,Professional,Paid Social,False,blue,Sagittarius,de
CU02995,2025-07-17,France,24.0,Student,Paid Social,True,black,Taurus,en
CU02459,2025-09-19,Germany,43.0,Family,Paid Social,False,black,Pisces,de
CU02849,2025-07-26,Austria,999.0,Student,Paid Social,False,blue,Gemini,de
CU02391,2025-08-15,Germany,36.0,Family,Organic Search,False,white,Libra,de
CU02540,2025-03-09,Germany,30.0,Family,Newsletter,True,red,Virgo,de
CU00824,2025-12-18,Germany,35.0,Professional,Paid Social,False,red,Virgo,de
CU01862,2024-10-21,Germany,32.0,Family,Referral,True,red,Libra,de
CU01223,2024-03-17,Poland,21.0,Student,Organic Search,False,black,Leo,pl
CU02973,2025-07-08,Switzerland,19.0,Student,Paid Social,True,green,Taurus,de
CU02297,2025-01-13,Germany,21.0,Student,Paid Social,True,white,Scorpio,de
CU00461,2024-05-10,Germany,43.0,Professional,Organic Search,False,blue,Virgo,de
CU02680,2025-06-29,Switzerland,18.0,Student,Paid Social,False,black,Gemini,de
CU00160,2024-01-02,Germany,36.0,Professional,Organic Search,False,black,Cancer,de
CU00740,2023-08-04,France,,Family,Organic Search,False,purple,Capricorn,pl
CU00008,2025-10-30,Austria,61.0,Senior,Referral,False,red,Sagittarius,de
CU02276,2024-03-28,Germany,26.0,Student,Direct,False,blue,Leo,de
CU02748,2025-07-17,Poland,19.0,Student,Paid Social,False,purple,Virgo,fr
CU00372,2025-02-26,Germany,26.0,Student,Referral,False,purple,Libra,de
CU02939,2025-07-03,Germany,,Student,Paid Social,False,blue,Scorpio,de
CU02189,2025-08-18,Netherlands,46.0,Professional,Referral,True,green,Sagittarius,en
CU00084,2026-03-16,Germany,41.0,Family,Referral,False,red,Sagittarius,de
CU02257,2024-04-03,Switzerland,37.0,Family,Referral,False,white,Virgo,de
CU02542,2024-06-21,Germany,38.0,Family,Newsletter,False,green,Libra,de
CU03058,2025-07-03,Germany,21.0,Professional,Paid Social,True,blue,Taurus,de
CU01507,2025-08-03,France,29.0,Professional,Paid Social,False,black,Taurus,en
CU02965,2025-07-21,Switzerland,25.0,Student,Paid Social,True,black,Libra,de
CU00428,2023-09-20,Germany,41.0,Family,Organic Search,True,white,Aquarius,de
CU00290,2026-04-21,Germany,24.0,Student,Direct,False,black,Scorpio,de
CU02836,2025-07-23,Poland,22.0,Student,Paid Social,False,purple,Cancer,nl
CU01554,2024-09-09,Switzerland,31.0,Professional,Organic Search,False,white,Leo,de
CU00240,2023-07-02,France,22.0,Student,Referral,False,blue,Sagittarius,nl
CU01430,2025-05-07,France,30.0,Professional,Referral,False,white,Sagittarius,en
CU01198,2023-09-26,Netherlands,23.0,Student,Paid Social,True,red,Gemini,pl
CU00770,2024-03-15,Germany,20.0,Student,Newsletter,False,green,Pisces,de
CU01624,2024-08-22,Austria,69.0,Senior,Direct,True,blue,Pisces,de
CU00402,2026-02-22,France,38.0,Family,Paid Social,True,white,Libra,pl
CU01664,2023-11-03,Germany,25.0,Student,Direct,True,white,Taurus,de
CU02074,2025-01-29,Germany,40.0,Family,Referral,False,white,Gemini,de
CU00155,2025-05-10,Austria,21.0,Student,Direct,False,red,Leo,de
CU00619,2026-01-01,Germany,43.0,Family,Paid Social,False,green,Pisces,de
CU02704,2025-07-21,Germany,23.0,Student,Paid Social,False,red,Aquarius,de
CU01091,2024-01-07,Germany,37.0,Professional,Paid Social,True,purple,Aquarius,de
CU00296,2025-07-03,Germany,39.0,Family,Direct,False,purple,Aries,de
CU00431,2024-01-17,Germany,32.0,Professional,Direct,True,red,Aries,de
CU00280,2024-08-09,Germany,24.0,Student,Organic Search,False,green,Scorpio,de
CU02792,2025-06-26,Germany,21.0,Student,Paid Social,False,purple,Cancer,de
CU00582,2024-12-10,Germany,21.0,Student,Organic Search,True,green,Gemini,de
CU03086,2025-07-20,Germany,25.0,Professional,Paid Social,True,purple,Libra,de
CU00028,2026-03-07,Austria,35.0,Professional,Direct,False,red,Taurus,de
CU03008,2025-07-29,Germany,23.0,Student,Paid Social,True,red,Taurus,de
CU02175,2024-06-15,Germany,19.0,Student,Direct,False,black,Leo,de
CU00719,2026-05-19,Germany,23.0,Student,Organic Search,False,white,Cancer,de
CU01848,2024-08-18,Germany,34.0,Family,Direct,False,purple,Libra,de
CU01657,2025-11-02,Germany,71.0,Senior,Organic Search,False,white,Sagittarius,de
CU00723,2023-11-13,Netherlands,,Senior,Direct,False,green,Sagittarius,en
CU03072,2025-07-18,Germany,18.0,Professional,Paid Social,False,white,Capricorn,de
CU00596,2026-04-09,Germany,19.0,Student,Direct,False,red,Scorpio,de
CU00970,2024-10-07,Germany,46.0,Professional,Organic Search,True,white,Taurus,de
CU01600,2024-03-09,Germany,39.0,Family,Organic Search,False,purple,Sagittarius,de
CU02113,2025-05-26,Germany,21.0,Student,Newsletter,True,purple,Virgo,de
CU00699,2026-02-17,Germany,33.0,Professional,Direct,False,green,Virgo,de
CU00977,2023-11-30,,31.0,Professional,Referral,False,white,Libra,de
CU01957,2026-05-11,Germany,75.0,Senior,Newsletter,False,white,Aries,de
CU01104,2024-11-03,Germany,39.0,Family,Referral,True,red,Leo,de
CU02858,2025-08-20,Germany,25.0,Student,Paid Social,False,green,Taurus,de
CU01339,2026-04-07,France,31.0,Professional,Referral,True,purple,Virgo,fr
CU01817,2026-04-08,Germany,65.0,Senior,Newsletter,False,red,Sagittarius,de
CU02399,2025-03-22,Germany,43.0,Family,Paid Social,False,white,Scorpio,de
CU00951,2025-01-07,Germany,,Family,Organic Search,False,black,Taurus,de
CU01212,2025-01-29,Germany,21.0,Student,Direct,False,red,Pisces,de
CU01978,2024-02-15,Germany,37.0,Professional,Organic Search,False,purple,Virgo,de
CU01429,2025-01-19,Germany,,Professional,Organic Search,False,green,Taurus,de
CU01670,2024-07-29,Germany,64.0,Senior,Paid Social,True,red,Aquarius,de
CU00427,2026-03-10,Germany,,Family,Referral,False,white,Aries,de
CU03059,2025-07-26,Germany,21.0,Student,Paid Social,False,blue,Taurus,de
CU00176,2024-04-22,Germany,74.0,Senior,Direct,False,white,Aquarius,de
CU01924,2023-08-31,Germany,,Student,Referral,False,green,Cancer,de
CU00080,2026-01-04,France,28.0,Professional,Organic Search,False,blue,Gemini,en
CU00594,2026-05-09,Poland,31.0,Family,Organic Search,False,black,Pisces,en
CU00405,2025-01-24,France,26.0,Student,Newsletter,False,black,Virgo,fr
CU00492,2025-01-18,Germany,,Professional,Newsletter,True,purple,Sagittarius,de
CU00825,2025-11-04,Germany,19.0,Student,Referral,False,purple,Gemini,de
CU00848,2023-07-05,Germany,40.0,Professional,Paid Social,True,purple,Libra,de
CU02182,2024-10-02,Austria,76.0,Senior,Paid Social,False,blue,Taurus,de
CU02976,2025-08-17,Germany,19.0,Student,Paid Social,True,black,Pisces,de
CU01712,2024-06-14,Germany,65.0,Senior,Paid Social,True,green,Scorpio,de
CU03026,2025-07-17,Germany,24.0,Professional,Paid Social,True,blue,Scorpio,de
CU01789,2025-09-10,Germany,20.0,Student,Direct,False,white,Leo,de
CU01371,2023-09-17,Germany,20.0,Student,Direct,True,white,Aquarius,de
CU00410,2024-02-02,Netherlands,25.0,Student,Organic Search,False,black,Sagittarius,fr
CU02061,2025-08-26,Austria,24.0,Student,Newsletter,False,purple,Leo,de
CU02136,2024-08-09,Netherlands,33.0,Family,Organic Search,True,red,Sagittarius,pl
CU01842,2024-10-20,France,38.0,Professional,Paid Social,True,blue,Sagittarius,fr
CU00952,2024-02-25,Germany,30.0,Family,Organic Search,False,white,Cancer,de
CU01305,2024-03-09,Germany,38.0,Professional,Paid Social,False,blue,Aquarius,de
CU01210,2025-10-24,France,33.0,Professional,Direct,False,black,Virgo,nl
CU00975,2025-08-02,Germany,26.0,Student,Newsletter,False,blue,Aquarius,de
CU00475,2024-02-12,,,Student,Organic Search,False,white,Aquarius,de
CU00216,2024-11-04,Germany,66.0,Senior,Organic Search,True,white,Leo,de
CU02972,2025-06-20,Austria,20.0,Student,Paid Social,True,purple,Aquarius,de
CU00501,2025-10-01,Switzerland,37.0,Professional,Direct,False,black,Gemini,de
CU01584,2025-10-03,Switzerland,19.0,Student,Paid Social,False,purple,Sagittarius,de
CU01635,2025-11-30,France,46.0,Family,Referral,True,black,Libra,pl
CU02037,2026-04-16,Germany,44.0,Family,Direct,False,white,Gemini,de
CU00539,2025-04-15,Switzerland,21.0,Student,Organic Search,True,green,Capricorn,de
CU02251,2026-04-20,Austria,,Family,Organic Search,False,green,Virgo,de
CU01131,2025-09-24,Germany,39.0,Professional,Newsletter,False,blue,Scorpio,de
CU02064,2025-02-25,Germany,21.0,Student,Newsletter,False,green,Scorpio,de
CU03045,2025-07-20,Germany,,Student,Paid Social,False,green,Pisces,de
CU00497,2025-10-14,Germany,27.0,Professional,Organic Search,True,purple,Sagittarius,de
CU00312,2023-10-27,Germany,34.0,Family,Referral,False,blue,Aries,de
CU00132,2025-06-05,Netherlands,22.0,Student,Direct,False,red,Sagittarius,nl
CU00252,2025-11-30,Austria,27.0,Professional,Organic Search,True,black,Aquarius,de
CU02408,2024-09-28,Poland,31.0,Professional,Paid Social,False,purple,Aquarius,fr
CU01315,2023-08-14,Germany,22.0,Student,Direct,False,red,Leo,de
CU02282,2025-06-16,Germany,24.0,Student,Organic Search,True,white,Virgo,de
CU00648,2026-04-01,Netherlands,20.0,Student,Newsletter,False,white,Virgo,en
CU00595,2026-02-13,Germany,39.0,Family,Direct,False,green,Scorpio,de
CU02692,2025-07-25,Germany,22.0,Student,Paid Social,True,blue,Aquarius,de
CU00811,2024-11-09,Poland,26.0,Student,Referral,True,green,Taurus,nl
CU02762,2025-08-03,Netherlands,19.0,Professional,Paid Social,True,red,Gemini,fr
CU02199,2026-02-14,Germany,45.0,Professional,Referral,False,blue,Scorpio,de
CU00279,2025-06-20,Germany,25.0,Student,Paid Social,False,black,Virgo,de
CU00030,2025-04-25,Germany,39.0,Family,Paid Social,True,purple,Virgo,de
CU02488,2024-10-07,Netherlands,25.0,Student,Direct,False,purple,Cancer,pl
CU01732,2023-11-19,Austria,45.0,Professional,Organic Search,False,blue,Cancer,de
CU02229,2024-08-04,Netherlands,67.0,Senior,Paid Social,True,black,Taurus,nl
CU02076,2025-02-24,Austria,,Student,Paid Social,False,blue,Pisces,de
CU01878,2023-11-23,Germany,32.0,Family,Paid Social,False,white,Aquarius,de
CU00148,2024-09-06,Poland,,Student,Direct,False,white,Cancer,fr
CU00660,2025-10-23,Germany,43.0,Professional,Organic Search,False,white,Aries,de
CU02577,2026-03-06,Germany,35.0,Family,Paid Social,True,green,Capricorn,de
CU01975,2025-06-15,Germany,32.0,Family,Referral,True,white,Libra,de
CU02274,2024-05-16,Germany,36.0,Family,Referral,False,purple,Capricorn,de
CU00571,2024-05-08,Germany,33.0,Family,Paid Social,False,white,Aries,de
CU02140,2026-01-29,Germany,40.0,Family,Referral,True,red,Scorpio,de
CU00047,2023-11-02,Netherlands,64.0,Senior,Paid Social,True,black,Sagittarius,fr
CU00650,2023-07-18,Germany,48.0,Professional,Referral,True,blue,Taurus,de
CU01887,2026-01-20,Netherlands,22.0,Student,Organic Search,True,black,Libra,pl
CU00869,2026-01-01,Netherlands,46.0,Professional,Newsletter,False,white,Taurus,nl
CU00891,2024-07-08,Austria,26.0,Professional,Organic Search,False,blue,Leo,de
CU01321,2024-06-27,Poland,70.0,Senior,Referral,False,red,Aquarius,en
CU03009,2025-06-29,Poland,23.0,Professional,Paid Social,True,white,Leo,fr
CU02460,2024-09-23,Germany,,Professional,Direct,False,red,Cancer,de
CU00828,2025-02-12,Austria,74.0,Senior,Newsletter,False,blue,Libra,de
CU02280,2024-01-14,Germany,23.0,Student,Direct,True,purple,Aquarius,de
CU02423,2024-11-04,Netherlands,45.0,Professional,Referral,False,purple,Taurus,nl
CU01663,2024-03-09,Germany,49.0,Professional,Direct,False,purple,Aries,de
CU02024,2025-01-28,Germany,34.0,Professional,Direct,False,purple,Taurus,de
CU00034,2024-08-27,Germany,,Senior,Paid Social,False,white,Libra,de
CU01844,2023-07-06,Switzerland,46.0,Professional,Organic Search,True,white,Gemini,de
CU01417,2024-08-10,Netherlands,43.0,Professional,Referral,False,white,Sagittarius,fr
CU01058,2026-02-03,Germany,71.0,Senior,Referral,False,green,Cancer,de
CU00598,2025-07-31,Germany,45.0,Professional,Referral,False,black,Capricorn,de
CU00861,2023-07-11,Austria,24.0,Student,Direct,False,blue,Gemini,de
CU00010,2023-08-25,Switzerland,37.0,Professional,Paid Social,False,red,Virgo,de
CU01985,2025-07-06,Poland,69.0,Senior,Newsletter,False,black,Capricorn,fr
CU00790,2024-12-08,Netherlands,41.0,Family,Organic Search,True,black,Scorpio,en
CU02790,2025-08-07,Germany,24.0,Student,Paid Social,False,green,Aries,de
CU01244,2024-12-07,Austria,34.0,Family,Paid Social,False,blue,Pisces,de
CU02884,2025-07-18,Germany,,Student,Paid Social,False,green,Scorpio,de
CU00079,2024-06-09,Germany,33.0,Professional,Referral,False,white,Pisces,de
CU02824,2025-08-06,Netherlands,25.0,Professional,Paid Social,True,white,Libra,pl
CU02158,2024-04-13,Austria,78.0,Senior,Organic Search,False,white,Gemini,de
CU02084,2024-11-11,Germany,78.0,Senior,Organic Search,False,purple,Libra,de
CU02230,2023-08-07,Germany,24.0,Student,Direct,False,white,Gemini,de
CU00235,2024-03-05,Germany,32.0,Family,Organic Search,False,black,Pisces,de
CU00003,2024-04-20,Germany,,Student,Paid Social,False,black,Aries,de
CU03115,2025-08-19,Poland,24.0,Student,Paid Social,True,white,Aries,nl
CU01756,2025-11-23,Austria,34.0,Family,Newsletter,False,blue,Aries,de
CU01477,2025-12-17,Switzerland,23.0,Student,Direct,False,black,Sagittarius,de
CU01049,2023-08-18,Germany,31.0,Family,Organic Search,True,black,Gemini,de
CU01241,2025-06-11,France,28.0,Professional,Paid Social,False,white,Capricorn,en
CU01419,2024-09-28,Germany,76.0,Senior,Organic Search,True,red,Libra,de
CU00939,2024-11-08,Germany,48.0,Professional,Organic Search,False,green,Aquarius,de
CU00396,2024-02-05,Germany,24.0,Student,Newsletter,False,green,Cancer,de
CU00863,2024-06-18,Germany,45.0,Family,Organic Search,True,purple,Cancer,de
CU02908,2025-07-22,Netherlands,23.0,Student,Paid Social,False,purple,Aquarius,nl
CU02603,2025-08-08,Germany,22.0,Student,Paid Social,True,white,Gemini,de
CU00311,2024-09-24,Germany,26.0,Student,Paid Social,False,blue,Aries,de
CU01619,2025-05-21,Germany,72.0,Senior,Direct,False,purple,Taurus,de
CU02360,2024-08-03,Germany,34.0,Family,Paid Social,False,red,Aquarius,de
CU01941,2026-01-18,Germany,44.0,Family,Organic Search,False,purple,Capricorn,de
CU02265,2024-09-03,Austria,60.0,Senior,Referral,False,blue,Libra,de
CU01780,2025-02-28,Germany,60.0,Senior,Referral,False,blue,Aquarius,de
CU02471,2024-06-19,Austria,41.0,Professional,Newsletter,False,purple,Gemini,de
CU01230,2025-12-20,Germany,40.0,Professional,Direct,True,red,Scorpio,de
CU00760,2025-01-17,Germany,65.0,Senior,Paid Social,True,white,Leo,de
CU01812,2025-01-20,Germany,43.0,Professional,Direct,True,white,Leo,de
CU02815,2025-06-18,Germany,19.0,Student,Paid Social,False,black,Scorpio,de
CU01368,2025-10-23,Germany,21.0,Student,Organic Search,False,black,Aries,de
CU01734,2023-11-26,Poland,32.0,Professional,Organic Search,False,black,Capricorn,fr
CU00664,2024-11-12,Netherlands,27.0,Professional,Direct,False,green,Taurus,en
CU02742,2025-07-30,Germany,20.0,Student,Paid Social,True,black,Aquarius,de
CU03068,2025-08-09,Germany,19.0,Student,Paid Social,False,black,Virgo,de
CU00743,2026-03-10,Poland,36.0,Professional,Organic Search,False,purple,Scorpio,en
CU02344,2024-12-02,Germany,41.0,Family,Newsletter,False,blue,Scorpio,de
CU02630,2025-06-28,Austria,17.0,Student,Paid Social,False,red,Virgo,de
CU01513,2024-09-15,Germany,45.0,Professional,Organic Search,False,black,Cancer,de
CU00027,2026-04-28,Germany,33.0,Family,Referral,False,red,Capricorn,de
CU02721,2025-07-02,Germany,17.0,Student,Paid Social,False,green,Virgo,de
CU01015,2025-01-17,Netherlands,36.0,Family,Referral,False,red,Libra,pl
CU00967,2024-02-26,Germany,26.0,Professional,Newsletter,False,white,Cancer,de
CU01601,2025-12-14,Germany,-1.0,Professional,Organic Search,False,green,Scorpio,de
CU01973,2025-12-30,Germany,33.0,Professional,Paid Social,True,white,Gemini,de
CU00683,2025-03-29,Germany,21.0,Student,Paid Social,False,white,Leo,de
CU02713,2025-07-24,Austria,,Student,Paid Social,False,white,Cancer,de
CU00864,2025-02-01,Germany,34.0,Professional,Organic Search,True,blue,Scorpio,de
CU02090,2024-09-03,Germany,36.0,Professional,Newsletter,True,red,Aquarius,de
CU00992,2023-12-16,Germany,48.0,Professional,Direct,True,red,Sagittarius,de
CU00915,2026-01-15,France,32.0,Professional,Organic Search,False,blue,Cancer,en
CU02514,2025-04-21,Germany,31.0,Family,Organic Search,True,black,Aquarius,de
CU02650,2025-07-21,Germany,17.0,Student,Paid Social,True,green,Gemini,de
CU02148,2024-04-06,Austria,69.0,Senior,Direct,False,green,Aries,de
CU00186,2025-02-15,Austria,25.0,Student,Organic Search,True,green,Aquarius,de
CU01765,2025-10-25,Austria,25.0,Student,Newsletter,False,purple,Taurus,de
CU00923,2023-10-05,Switzerland,25.0,Student,Organic Search,True,purple,Aquarius,de
CU00075,2023-08-06,Germany,36.0,Family,Organic Search,False,blue,Scorpio,de
CU02342,2023-08-23,Austria,47.0,Family,Newsletter,True,white,Aries,de
CU02958,2025-08-23,Germany,17.0,Professional,Paid Social,True,blue,Gemini,de
CU02895,2025-09-08,Germany,22.0,Student,Paid Social,True,green,Gemini,de
CU00741,2024-07-23,Germany,49.0,Professional,Paid Social,False,green,Aquarius,de
CU02454,2024-01-25,Germany,35.0,Family,Direct,False,green,Taurus,de
CU02745,2025-07-02,Germany,22.0,Student,Paid Social,True,blue,Sagittarius,de
CU01744,2025-11-21,Germany,,Professional,Referral,True,blue,Aquarius,de
CU00820,2026-11-04,Germany,62.0,Senior,Referral,False,purple,Aquarius,de
CU02308,2023-08-07,France,42.0,Family,Referral,False,green,Sagittarius,nl
CU01117,2025-08-22,Switzerland,22.0,Student,Referral,True,white,Capricorn,de
CU01710,2025-08-31,Austria,19.0,Student,Direct,False,purple,Pisces,de
CU00157,2025-03-13,Germany,32.0,Professional,Organic Search,False,red,Sagittarius,de
CU00832,2024-09-02,Germany,39.0,Professional,Paid Social,False,white,Aries,de
CU01359,2026-01-23,Germany,41.0,Professional,Referral,False,blue,Scorpio,de
CU02657,2025-08-09,Netherlands,19.0,Student,Paid Social,False,white,Capricorn,fr
CU00503,2025-09-12,Germany,,Professional,Direct,True,blue,Libra,de
CU02747,2025-08-26,Poland,21.0,Student,Paid Social,False,white,Leo,en
CU02648,2025-07-13,Germany,24.0,Student,Paid Social,False,green,Cancer,de
CU02893,2025-06-19,Germany,18.0,Student,Paid Social,False,white,Capricorn,de
CU02045,2024-10-23,Germany,33.0,Professional,Direct,True,green,Taurus,de
CU01981,2024-06-15,Germany,45.0,Professional,Organic Search,False,white,Cancer,de
CU02502,2023-10-19,Germany,48.0,Professional,Paid Social,True,white,Aries,de
CU01057,2024-12-13,Germany,22.0,Student,Paid Social,True,red,Cancer,de
CU01347,2024-06-09,Germany,60.0,Senior,Referral,True,red,Sagittarius,de
CU02634,2025-07-27,Germany,22.0,Student,Paid Social,True,blue,Pisces,de
CU00356,2025-11-08,Germany,,Student,Paid Social,True,black,Virgo,de
CU02481,2023-12-17,Austria,24.0,Student,Referral,False,purple,Taurus,de
CU02559,2024-12-14,Netherlands,,Student,Newsletter,True,blue,Gemini,fr
CU00724,2025-11-15,Germany,25.0,Student,Organic Search,False,white,Pisces,de
CU01977,2024-04-18,Germany,26.0,Student,Newsletter,False,white,Leo,de
CU00245,2024-09-21,Germany,74.0,Senior,Organic Search,True,green,Gemini,de
CU02915,2025-07-19,Poland,20.0,Professional,Paid Social,True,green,Aquarius,nl
CU01299,2024-01-09,Germany,45.0,Family,Paid Social,False,black,Leo,de
CU02863,2025-07-23,Poland,18.0,Student,Paid Social,False,purple,Libra,en
CU00393,2025-05-21,Germany,45.0,Family,Newsletter,False,red,Pisces,de
CU01747,2023-12-24,Germany,41.0,Professional,Organic Search,False,green,Taurus,de
CU03052,2025-07-23,Germany,17.0,Student,Paid Social,False,blue,Libra,de
CU00086,2025-10-14,Germany,,Family,Direct,True,white,Cancer,de
CU00747,2023-08-21,Germany,79.0,Senior,Paid Social,False,white,Aquarius,de
CU01181,2024-12-22,Germany,26.0,Student,Direct,False,black,Aquarius,de
CU02316,2023-08-11,Germany,60.0,Senior,Paid Social,True,purple,Sagittarius,de
CU01316,2025-07-21,Austria,40.0,Professional,Direct,False,purple,Aries,de
CU02091,2024-01-14,Germany,,Student,Newsletter,False,green,Capricorn,de
CU01102,2024-05-12,Netherlands,45.0,Family,Paid Social,False,purple,Taurus,fr
CU00913,2025-01-22,Germany,61.0,Senior,Paid Social,True,purple,Aquarius,de
CU00963,2025-11-15,Germany,46.0,Professional,Organic Search,True,black,Pisces,de
CU00555,2026-01-24,Germany,,Professional,Direct,False,blue,Taurus,de
CU02468,2023-12-25,Germany,40.0,Family,Newsletter,True,black,Aquarius,de
CU03012,2025-08-06,Germany,21.0,Student,Paid Social,False,white,Scorpio,de
CU03084,2025-07-07,Germany,21.0,Student,Paid Social,False,blue,Aries,de
CU00107,2024-06-15,Germany,37.0,Professional,Organic Search,False,white,Pisces,de
CU02008,2025-12-17,Netherlands,26.0,Student,Direct,False,red,Aquarius,fr
CU00438,2025-05-25,Austria,78.0,Senior,Paid Social,True,black,Sagittarius,de
CU01801,2025-10-07,France,30.0,Family,Paid Social,False,blue,Scorpio,nl
CU02236,2024-04-01,Germany,24.0,Student,Newsletter,True,black,Gemini,de
CU02213,2023-10-24,Germany,42.0,Professional,Paid Social,False,white,Gemini,de
CU00171,2025-05-02,Poland,40.0,Professional,Direct,False,white,Virgo,nl
CU02793,2025-08-11,Germany,20.0,Student,Paid Social,False,purple,Virgo,de
CU01986,2025-04-10,Germany,24.0,Student,Direct,True,green,Cancer,de
CU01372,2024-07-19,Germany,19.0,Student,Paid Social,False,white,Aries,de
CU02123,2023-08-14,Germany,26.0,Student,Organic Search,False,black,Taurus,de
CU01677,2024-05-28,Germany,28.0,Professional,Organic Search,False,white,Gemini,de
CU01159,2025-11-16,France,22.0,Student,Direct,False,purple,Gemini,fr
CU01128,2024-10-11,Germany,39.0,Family,Paid Social,False,black,Aries,de
CU02058,2024-01-28,Germany,25.0,Student,Direct,False,green,Taurus,de
CU02925,2025-07-30,Germany,18.0,Student,Paid Social,False,white,Sagittarius,de
CU02059,2025-03-18,Germany,30.0,Professional,Direct,True,white,Sagittarius,de
CU00827,2023-11-27,Germany,26.0,Professional,Paid Social,True,red,Sagittarius,de
CU02541,2026-02-13,Netherlands,72.0,Senior,Paid Social,False,purple,Aquarius,pl
CU00285,2025-08-01,Netherlands,21.0,Student,Newsletter,True,blue,Gemini,pl
CU02615,2025-08-02,Germany,17.0,Student,Paid Social,False,green,Aries,de
CU02867,2025-06-22,Germany,22.0,Student,Paid Social,True,white,Virgo,de
CU02986,2025-07-09,Germany,21.0,Professional,Paid Social,False,purple,Aries,de
CU02726,2025-06-20,Germany,19.0,Student,Paid Social,True,blue,Sagittarius,de
CU01441,2026-04-01,Germany,37.0,Professional,Newsletter,True,purple,Cancer,de
CU02304,2026-05-18,France,32.0,Family,Paid Social,False,black,Cancer,nl
CU02188,2026-01-08,France,27.0,Professional,Newsletter,True,white,Capricorn,nl
CU02394,2023-10-18,France,36.0,Family,Referral,True,green,Aries,en
CU02703,2025-01-07,Germany,17.0,Professional,Paid Social,True,red,Leo,de
CU02004,2025-07-21,Germany,44.0,Family,Referral,False,red,Libra,de
CU01251,2025-06-22,France,-1.0,Professional,Direct,True,green,Capricorn,nl
CU01955,2024-05-25,Austria,,Family,Referral,False,red,Aquarius,de
CU02154,2025-01-17,Switzerland,36.0,Professional,Organic Search,True,black,Cancer,de
CU02240,2026-03-08,France,19.0,Student,Organic Search,False,black,Aquarius,fr
CU01257,2023-11-25,Germany,,Student,Organic Search,True,green,Aries,de
CU00056,2024-07-24,Switzerland,26.0,Student,Organic Search,True,blue,Sagittarius,de
CU00483,2023-11-10,Germany,44.0,Professional,Newsletter,False,white,Leo,de
CU00044,2026-03-28,Germany,42.0,Family,Referral,True,white,Pisces,de
CU01822,2025-09-03,France,35.0,Professional,Paid Social,True,black,Leo,en
CU01544,2024-09-22,France,,Family,Paid Social,True,white,Aquarius,nl
CU00321,2026-05-17,Austria,24.0,Student,Organic Search,False,black,Aquarius,de
CU01342,2024-08-23,Germany,,Professional,Direct,True,black,Sagittarius,de
CU02135,2024-09-26,Germany,20.0,Student,Paid Social,False,green,Taurus,de
CU01185,2026-01-13,Austria,78.0,Senior,Referral,True,white,Scorpio,de
CU03120,2025-08-24,Poland,21.0,Professional,Paid Social,False,blue,Scorpio,en
CU01438,2023-10-25,Switzerland,25.0,Student,Organic Search,False,green,Pisces,de
CU02256,2023-12-13,Switzerland,33.0,Family,Referral,False,blue,Aries,de
CU00238,2024-03-08,Germany,36.0,Family,Direct,False,green,Taurus,de
CU01798,2024-12-14,Austria,45.0,Family,Referral,True,white,Libra,de
CU01810,2024-06-17,Netherlands,49.0,Professional,Organic Search,False,green,Taurus,pl
CU01004,2025-06-24,Austria,43.0,Family,Referral,False,black,Cancer,de
CU02951,2025-08-15,Germany,23.0,Student,Paid Social,False,purple,Aquarius,de
CU02643,2025-06-15,Germany,18.0,Professional,Paid Social,False,red,Capricorn,de
CU02410,2023-11-20,Germany,25.0,Student,Organic Search,False,red,Virgo,de
CU01200,2024-10-23,Germany,23.0,Student,Paid Social,False,blue,Gemini,de
CU00301,2023-08-18,Germany,39.0,Professional,Paid Social,False,black,Gemini,de
CU00943,2024-10-09,Germany,77.0,Senior,Newsletter,False,purple,Cancer,de
CU02384,2023-08-19,,70.0,Senior,Organic Search,False,red,Taurus,de
CU01260,2025-09-19,Germany,26.0,Student,Direct,False,red,Taurus,de
CU02386,2024-09-12,Netherlands,74.0,Senior,Paid Social,False,purple,Scorpio,pl
CU00464,2025-03-16,Poland,,Senior,Organic Search,False,green,Virgo,pl
CU00006,2025-04-22,Germany,,Student,Paid Social,True,blue,Virgo,de
CU00842,2024-12-27,Germany,39.0,Family,Paid Social,False,white,Libra,de
CU01869,2025-11-11,Germany,42.0,Family,Direct,True,red,Capricorn,de
CU00327,2026-01-30,Austria,68.0,Senior,Newsletter,False,white,Sagittarius,de
CU02402,2024-10-29,Germany,42.0,Professional,Direct,False,white,Pisces,de
CU02709,2025-07-17,Poland,19.0,Student,Paid Social,False,black,Capricorn,nl
CU01465,2024-01-28,Netherlands,62.0,Senior,Referral,True,blue,Gemini,nl
CU00893,2024-12-03,Germany,31.0,Family,Paid Social,False,white,Capricorn,de
CU02062,2024-01-16,Germany,36.0,Family,Direct,False,purple,Sagittarius,de
CU00695,2024-04-22,Germany,71.0,Senior,Organic Search,True,blue,Sagittarius,de
CU00388,2025-01-24,Austria,34.0,Professional,Organic Search,True,green,Sagittarius,de
CU00604,2024-02-10,Austria,42.0,Professional,Direct,True,red,Pisces,de
CU00843,2024-07-14,Germany,22.0,Student,Direct,False,white,Taurus,de
CU00323,2025-09-27,Germany,42.0,Family,Referral,False,blue,Scorpio,de
CU01868,2025-09-25,Switzerland,24.0,Student,Referral,True,purple,Virgo,de
CU03029,2025-02-07,Germany,17.0,Professional,Paid Social,False,purple,Aries,de
CU02631,2025-08-22,Germany,22.0,Student,Paid Social,True,white,Aquarius,de
CU02660,2025-06-25,Germany,20.0,Professional,Paid Social,False,blue,Leo,de
CU02596,2023-07-23,Germany,41.0,Family,Paid Social,False,green,Gemini,de
CU02810,2025-08-10,Germany,20.0,Student,Paid Social,True,white,Pisces,de
CU01281,2025-11-10,Germany,,Student,Direct,True,red,Libra,de
CU00831,2023-02-08,Germany,20.0,Student,Paid Social,True,blue,Taurus,de
CU01905,2023-10-05,Switzerland,37.0,Family,Paid Social,True,white,Libra,de
CU00456,2024-02-08,Austria,23.0,Student,Paid Social,False,purple,Virgo,de
CU00308,2023-07-21,Germany,66.0,Senior,Referral,True,green,Sagittarius,de
CU02121,2024-09-28,Germany,42.0,Professional,Paid Social,True,purple,Aquarius,de
CU02306,2024-06-16,Germany,25.0,Student,Paid Social,False,green,Scorpio,de
CU02263,2025-04-19,Germany,74.0,Senior,Organic Search,False,green,Pisces,de
CU02051,2025-05-16,Germany,24.0,Student,Direct,False,green,Aquarius,de
CU01303,2024-09-29,Germany,41.0,Professional,Direct,True,white,Capricorn,de
CU00329,2026-02-12,Austria,22.0,Student,Referral,True,black,Scorpio,de
CU01705,2025-05-03,Germany,,Professional,Direct,True,blue,Taurus,de
CU01719,2025-07-07,Germany,22.0,Student,Organic Search,False,green,Aquarius,de
CU00480,2024-05-14,Germany,25.0,Student,Paid Social,False,white,Scorpio,de
CU03071,2025-06-30,Austria,17.0,Student,Paid Social,True,black,Capricorn,de
CU02711,2025-07-05,Germany,21.0,Student,Paid Social,False,red,Sagittarius,de
CU00118,2025-10-17,Switzerland,19.0,Student,Referral,True,black,Aquarius,de
CU01972,2025-01-23,Germany,,Professional,Newsletter,False,blue,Gemini,de
CU01558,2023-09-16,Netherlands,33.0,Family,Paid Social,False,red,Leo,pl
CU02875,2025-06-27,Germany,24.0,Student,Paid Social,True,red,Taurus,de
CU01030,2025-03-22,Germany,19.0,Student,Paid Social,True,black,Cancer,de
CU00467,2023-11-22,Germany,38.0,Family,Organic Search,True,black,Taurus,de
CU02777,2025-08-14,Germany,24.0,Professional,Paid Social,True,blue,Libra,de
CU02758,2025-07-31,Germany,24.0,Student,Paid Social,False,white,Taurus,de
CU02368,2023-11-16,Austria,31.0,Professional,Referral,False,red,Capricorn,de
CU02729,2025-07-03,,20.0,Professional,Paid Social,True,purple,Capricorn,de
CU01970,2025-03-05,Germany,22.0,Student,Newsletter,False,green,Aquarius,de
CU01199,2024-10-22,Germany,23.0,Student,Paid Social,True,white,Cancer,de
CU01357,2024-01-29,Switzerland,44.0,Family,Organic Search,False,white,Sagittarius,de
CU01902,2023-11-15,Germany,24.0,Student,Paid Social,True,purple,Gemini,de
CU01976,2025-11-10,Germany,37.0,Professional,Referral,True,blue,Sagittarius,de
CU00777,2025-08-03,Austria,42.0,Family,Organic Search,True,purple,Cancer,de
CU00569,2026-05-16,Germany,69.0,Senior,Direct,False,purple,Taurus,de
CU01787,2025-09-27,France,32.0,Professional,Organic Search,False,blue,Capricorn,fr
CU02531,2025-05-03,Germany,76.0,Senior,Paid Social,True,green,Leo,de
CU02397,2023-10-27,France,42.0,Family,Organic Search,True,red,Sagittarius,nl
CU03095,2025-08-04,Germany,23.0,Professional,Paid Social,False,purple,Gemini,de
CU01093,2024-10-09,Germany,36.0,Professional,Paid Social,True,purple,Pisces,de
CU01258,2023-11-28,Germany,49.0,Professional,Direct,False,white,Libra,de
CU01999,2024-02-03,Poland,33.0,Professional,Paid Social,True,blue,Sagittarius,nl
CU00085,2025-07-12,Germany,23.0,Student,Direct,True,purple,Cancer,de
CU01666,2026-02-24,Germany,29.0,Professional,Direct,True,red,Sagittarius,de
CU02826,2025-07-29,Germany,18.0,Student,Paid Social,False,purple,Libra,de
CU00756,2025-07-27,Germany,47.0,Family,Newsletter,False,blue,Gemini,de
CU02144,2023-09-11,Germany,,Student,Referral,True,red,Scorpio,de
CU02200,2025-08-17,Switzerland,47.0,Professional,Organic Search,False,red,Sagittarius,de
CU00512,2026-05-29,Germany,33.0,Professional,Paid Social,True,black,Virgo,de
CU03053,2025-07-20,Germany,19.0,Professional,Paid Social,False,blue,Gemini,de
CU00732,2025-03-29,Austria,37.0,Professional,Organic Search,True,purple,Taurus,de
CU02221,2025-02-15,Germany,,Professional,Paid Social,True,blue,Gemini,de
CU02492,2025-03-31,France,46.0,Professional,Referral,False,red,Cancer,pl
CU00531,2024-04-22,Germany,29.0,Professional,Direct,False,blue,Sagittarius,de
CU02910,2025-07-04,Germany,24.0,Student,Paid Social,True,black,Sagittarius,de
CU00766,2024-10-19,Germany,21.0,Student,Organic Search,False,purple,Aquarius,de
CU01480,2025-05-18,Poland,21.0,Student,Organic Search,False,black,Capricorn,fr
CU02003,2025-03-25,Netherlands,44.0,Family,Newsletter,True,purple,Virgo,fr
CU01362,2025-03-01,,44.0,Professional,Organic Search,False,purple,Taurus,de
CU02620,2025-07-19,Germany,21.0,Student,Paid Social,True,white,Gemini,de
CU00375,2024-09-02,Germany,23.0,Student,Direct,True,blue,Libra,de
CU01634,2023-08-09,Switzerland,20.0,Student,Newsletter,True,red,Libra,de
CU02404,2024-04-19,Switzerland,35.0,Family,Organic Search,False,purple,Virgo,de
CU01715,2025-04-23,Germany,42.0,Family,Paid Social,False,white,Aries,de
CU02666,2025-08-19,France,,Student,Paid Social,False,black,Virgo,fr
CU02081,2023-11-19,Germany,25.0,Student,Newsletter,False,green,Taurus,de
CU01794,2024-05-04,Germany,43.0,Professional,Paid Social,False,red,Virgo,de
CU00239,2023-10-10,Germany,45.0,Family,Direct,True,white,Aries,de
CU00128,2024-08-20,Germany,30.0,Family,Paid Social,True,black,Aquarius,de
CU00355,2023-09-23,Poland,33.0,Professional,Paid Social,False,blue,Gemini,pl
CU00165,2024-11-01,Germany,36.0,Professional,Paid Social,True,black,Taurus,de
CU01511,2024-08-17,Germany,30.0,Professional,Organic Search,False,white,Aquarius,de
CU02320,2025-07-22,Germany,29.0,Professional,Organic Search,False,white,Virgo,de
CU03025,2025-07-03,Germany,23.0,Student,Paid Social,False,black,Virgo,de
CU01320,2025-10-06,France,38.0,Family,Organic Search,False,purple,Pisces,fr
CU02605,2025-08-02,Germany,20.0,Student,Paid Social,False,green,Libra,de
CU00473,2024-09-14,Austria,40.0,Family,Referral,False,blue,Gemini,de
CU01998,2024-08-18,Austria,24.0,Student,Organic Search,True,green,Capricorn,de
CU02609,2025-08-12,Austria,,Professional,Paid Social,True,white,Libra,de
CU02043,2024-04-01,Switzerland,24.0,Student,Paid Social,False,black,Gemini,de
CU02533,2024-03-15,Germany,47.0,Professional,Direct,True,green,Libra,de
CU02138,2023-08-14,Germany,38.0,Professional,Referral,False,red,Cancer,de
CU02536,2026-03-31,Germany,25.0,Student,Paid Social,True,green,Libra,de
CU00098,2024-03-05,Germany,-1.0,Senior,Organic Search,False,blue,Taurus,de
CU01840,2024-01-18,Netherlands,37.0,Family,Direct,False,black,Capricorn,nl
CU01024,2024-02-04,Germany,30.0,Family,Newsletter,True,blue,Aquarius,de
CU02015,2025-07-20,Germany,46.0,Family,Direct,True,black,Capricorn,de
CU03102,2025-08-10,Germany,20.0,Student,Paid Social,False,black,Sagittarius,de
CU00450,2024-08-17,France,29.0,Professional,Paid Social,True,green,Sagittarius,fr
CU00551,2025-03-13,Germany,35.0,Family,Organic Search,False,blue,Aries,de
CU02835,2025-08-20,Austria,24.0,Student,Paid Social,True,blue,Scorpio,de
CU00277,2023-07-04,Germany,34.0,Professional,Direct,True,white,Virgo,de
CU02267,2023-10-19,Netherlands,42.0,Family,Paid Social,True,white,Libra,pl
CU00179,2024-06-03,Germany,41.0,Family,Paid Social,False,green,Scorpio,de
CU00434,2024-06-18,Germany,61.0,Senior,Referral,False,black,Aquarius,de
CU01341,2025-12-15,Austria,,Student,Direct,True,red,Cancer,de
CU02853,2025-08-01,Poland,,Professional,Paid Social,False,black,Virgo,en
CU01592,2023-10-14,Germany,22.0,Student,Newsletter,False,red,Libra,de
CU01644,2024-02-28,Germany,,Professional,Organic Search,False,black,Leo,de
CU01517,2025-09-30,Germany,20.0,Student,Paid Social,True,black,Aquarius,de
CU00742,2025-07-23,Germany,31.0,Family,Organic Search,True,red,Aquarius,de
CU00868,2024-04-11,Germany,23.0,Student,Direct,True,purple,Virgo,de
CU01770,2024-03-21,Germany,35.0,Family,Referral,True,black,Capricorn,de
CU00484,2025-01-27,Austria,73.0,Senior,Paid Social,True,purple,Taurus,de
CU02022,2024-09-21,Germany,,Student,Paid Social,False,black,Sagittarius,de
CU03092,2025-06-23,Austria,23.0,Student,Paid Social,True,blue,Sagittarius,de
CU02444,2025-01-20,Switzerland,47.0,Professional,Newsletter,False,green,Taurus,de
CU02480,2024-03-09,Germany,35.0,Professional,Direct,True,white,Aries,de
CU00781,2023-10-24,Germany,40.0,Family,Organic Search,True,black,Capricorn,de
CU00549,2024-07-12,Germany,21.0,Student,Organic Search,False,red,Taurus,de
CU01964,2025-06-12,Germany,63.0,Senior,Newsletter,False,blue,Aquarius,de
CU02981,2025-08-22,Netherlands,19.0,Student,Paid Social,False,black,Aquarius,nl
CU00783,2026-03-28,Germany,,Professional,Referral,False,purple,Virgo,de
CU01890,2026-01-25,Germany,36.0,Professional,Referral,True,white,Leo,de
CU01008,2025-04-30,Netherlands,31.0,Professional,Referral,False,green,Aquarius,nl
CU03020,2025-08-29,Austria,23.0,Professional,Paid Social,True,green,Aquarius,de
CU00674,2024-08-04,Germany,41.0,Family,Direct,False,blue,Sagittarius,de
CU02204,2023-12-27,Germany,43.0,Family,Organic Search,False,blue,Sagittarius,de
CU00687,2026-09-05,France,67.0,Senior,Paid Social,False,blue,Leo,pl
CU00876,2024-03-08,Germany,43.0,Professional,Referral,False,white,Aquarius,de
CU00459,2025-07-29,Switzerland,25.0,Student,Referral,True,blue,Aquarius,de
CU01990,2024-09-18,Germany,44.0,Family,Direct,True,green,Scorpio,de
CU01911,2026-05-03,Germany,22.0,Student,Direct,False,white,Cancer,de
CU01268,2024-07-09,Germany,44.0,Professional,Newsletter,False,white,Aries,de
CU00753,2025-09-16,France,,Student,Referral,False,white,Libra,pl
CU00122,2024-06-04,Austria,22.0,Student,Direct,False,red,Virgo,de
CU00700,2025-12-13,Austria,22.0,Student,Organic Search,True,white,Gemini,de
CU02959,2025-06-17,Austria,23.0,Student,Paid Social,False,green,Gemini,de
CU01445,2025-04-27,Germany,30.0,Family,Organic Search,False,black,Scorpio,de
CU01949,2023-08-21,Germany,69.0,Senior,Referral,False,black,Capricorn,de
CU02233,2024-05-29,Germany,,Professional,Organic Search,True,purple,Capricorn,de
CU02087,2025-11-04,France,,Senior,Paid Social,True,blue,Virgo,nl
CU00032,2024-11-02,Germany,71.0,Senior,Organic Search,True,green,Pisces,de
CU02155,2025-05-26,France,24.0,Student,Paid Social,True,red,Capricorn,fr
CU01751,2026-02-06,Netherlands,36.0,Family,Paid Social,False,purple,Capricorn,nl
CU02072,2025-10-07,Germany,78.0,Senior,Direct,False,blue,Aquarius,de
CU00070,2023-11-11,Germany,30.0,Professional,Paid Social,True,blue,Taurus,de
CU02784,2025-08-24,Germany,20.0,Student,Paid Social,False,white,Scorpio,de
CU01120,2025-03-20,,,Senior,Direct,False,red,Capricorn,en
CU02961,2025-06-15,Switzerland,21.0,Student,Paid Social,False,blue,Pisces,de
CU01191,2025-02-26,France,30.0,Family,Direct,True,green,Leo,en
CU01532,2025-05-12,Germany,63.0,Senior,Paid Social,True,green,Sagittarius,de
CU03000,2025-07-18,Germany,18.0,Student,Paid Social,False,black,Cancer,de
CU01243,2024-11-02,Switzerland,38.0,Family,Newsletter,True,white,Libra,de
CU02968,2025-08-14,Germany,22.0,Student,Paid Social,True,white,Aries,de
CU00266,2025-01-31,Germany,46.0,Family,Organic Search,False,blue,Taurus,de
CU02547,2024-10-30,Austria,43.0,Professional,Paid Social,True,red,Leo,de
CU01459,2024-03-11,Germany,43.0,Family,Direct,False,black,Aquarius,de
CU01913,2024-05-27,Netherlands,38.0,Family,Referral,True,black,Virgo,fr
CU00505,2023-07-17,Germany,,Professional,Organic Search,True,red,Virgo,de
CU02325,2025-08-05,Netherlands,26.0,Student,Organic Search,False,red,Virgo,en
CU00340,2025-11-03,Germany,68.0,Senior,Referral,False,purple,Libra,de
CU02739,2025-07-24,Germany,23.0,Student,Paid Social,False,black,Taurus,de
CU02757,2025-08-06,,20.0,Student,Paid Social,True,white,Virgo,de
CU02234,2025-07-12,Poland,25.0,Student,Referral,False,purple,Capricorn,nl
CU00799,2025-11-08,Switzerland,46.0,Family,Organic Search,False,white,Libra,de
CU00931,2024-09-19,Poland,26.0,Student,Newsletter,False,green,Pisces,fr
CU02672,2025-07-06,Germany,23.0,Student,Paid Social,False,green,Scorpio,de
CU00745,2023-10-25,Austria,45.0,Professional,Direct,True,red,Libra,de
CU00979,2024-10-10,Germany,62.0,Senior,Direct,True,red,Pisces,de
CU02679,2025-07-02,Germany,24.0,Professional,Paid Social,True,white,Cancer,de
CU00062,2024-02-28,Germany,24.0,Student,Newsletter,True,red,Taurus,de
CU01776,2025-12-16,Switzerland,39.0,Family,Paid Social,True,white,Scorpio,de
CU01603,2025-08-04,Germany,35.0,Family,Paid Social,False,purple,Pisces,de
CU03079,2025-07-11,Austria,20.0,Student,Paid Social,True,white,Aries,de
CU02461,2025-09-14,Germany,20.0,Student,Paid Social,False,blue,Virgo,de
CU03111,2025-06-27,Germany,22.0,Student,Paid Social,False,blue,Aries,de
CU00142,2023-11-20,Germany,46.0,Family,Organic Search,False,white,Sagittarius,de
CU02933,2025-06-18,Netherlands,25.0,Student,Paid Social,True,blue,Aries,pl
CU02440,2024-08-25,Netherlands,19.0,Student,Organic Search,False,red,Gemini,en
CU01568,2025-08-10,Germany,29.0,Professional,Newsletter,True,green,Aries,de
CU00194,2023-09-21,Austria,24.0,Student,Paid Social,False,red,Virgo,de
CU00647,2026-02-11,Germany,34.0,Family,Direct,False,blue,Cancer,de
CU02082,2024-01-29,Germany,23.0,Student,Organic Search,False,blue,Virgo,de
CU00361,2024-10-20,Germany,22.0,Student,Direct,True,white,Sagittarius,de
CU02890,2025-08-05,Germany,21.0,Professional,Paid Social,False,red,Pisces,de
CU00058,2025-07-02,Germany,27.0,Professional,Organic Search,False,purple,Capricorn,de
CU02583,2024-04-04,Germany,78.0,Senior,Direct,False,purple,Sagittarius,de
CU00359,2024-07-14,France,48.0,Professional,Direct,False,black,Leo,pl
CU02813,2025-07-03,Germany,21.0,Student,Paid Social,False,black,Virgo,de
CU01569,2026-04-14,Germany,25.0,Student,Paid Social,False,green,Scorpio,de
CU02117,2025-08-10,Germany,37.0,Family,Paid Social,True,purple,Aries,de
CU02340,2023-11-27,Germany,,Senior,Paid Social,False,blue,Leo,de
CU02095,2024-09-15,Poland,60.0,Senior,Organic Search,True,green,Scorpio,fr
CU00924,2025-12-24,Germany,40.0,Family,Newsletter,False,white,Libra,de
CU02042,2025-01-14,Switzerland,24.0,Student,Direct,True,green,Capricorn,de
CU00278,2024-02-25,Germany,19.0,Student,Direct,True,red,Aquarius,de
CU02201,2023-08-15,Netherlands,20.0,Student,Newsletter,False,blue,Capricorn,en
CU03098,2025-08-29,Germany,22.0,Student,Paid Social,True,purple,Scorpio,de
CU02273,2025-03-25,Germany,21.0,Student,Referral,False,green,Pisces,de
CU00382,2026-05-24,Netherlands,30.0,Family,Direct,False,red,Capricorn,nl
CU02193,2025-07-11,Netherlands,30.0,Professional,Direct,True,black,Sagittarius,en
CU02413,2023-10-15,Germany,48.0,Professional,Newsletter,True,purple,Aries,de
CU01452,2023-07-09,Germany,47.0,Family,Newsletter,False,blue,Gemini,de
CU01391,2024-01-03,Germany,60.0,Senior,Organic Search,True,white,Scorpio,de
CU01025,2025-03-01,Germany,19.0,Student,Organic Search,False,blue,Capricorn,de
CU02569,2025-07-01,,39.0,Family,Organic Search,True,purple,Scorpio,de
CU01953,2025-06-13,France,26.0,Student,Direct,True,purple,Libra,nl
CU00067,2026-05-22,Germany,77.0,Senior,Paid Social,True,purple,Taurus,de
CU01056,2024-03-24,Germany,39.0,Family,Referral,False,white,Scorpio,de
CU01740,2023-08-03,Germany,33.0,Professional,Organic Search,False,blue,Gemini,de
CU02077,2026-05-03,Poland,30.0,Family,Organic Search,True,red,Leo,nl
CU02343,2025-11-02,Poland,72.0,Senior,Direct,True,black,Aquarius,en
CU00114,2024-12-29,Austria,46.0,Family,Paid Social,True,red,Taurus,de
CU00246,2024-07-03,Germany,43.0,Family,Organic Search,True,green,Leo,de
CU01440,2025-01-18,Germany,79.0,Senior,Organic Search,False,white,Libra,de
CU01023,2026-02-04,Austria,32.0,Family,Direct,True,green,Virgo,de
CU00981,2024-09-22,Austria,40.0,Professional,Paid Social,False,black,Virgo,de
CU00412,2026-01-05,Poland,32.0,Professional,Paid Social,False,red,Gemini,nl
CU02262,2025-02-10,Switzerland,,Senior,Organic Search,False,white,Sagittarius,de
CU01063,2023-10-31,Germany,37.0,Professional,Organic Search,False,purple,Capricorn,de
CU00117,2024-06-11,Austria,22.0,Student,Paid Social,False,black,Sagittarius,de
CU03041,2025-06-17,Austria,21.0,Student,Paid Social,False,blue,Scorpio,de
CU02831,2025-08-14,Germany,21.0,Student,Paid Social,True,green,Scorpio,de
CU00248,2026-02-24,Netherlands,33.0,Professional,Organic Search,False,green,Sagittarius,nl
CU00666,2025-12-29,Germany,79.0,Senior,Paid Social,False,blue,Virgo,de
CU02724,2025-08-24,Switzerland,17.0,Student,Paid Social,False,red,Aquarius,de
CU00093,2023-12-16,Austria,32.0,Professional,Referral,True,blue,Libra,de
CU00115,2024-09-24,Germany,,Family,Organic Search,True,purple,Pisces,de
CU01377,2025-02-11,Germany,26.0,Professional,Direct,False,white,Libra,de
CU02303,2024-08-16,Austria,20.0,Student,Newsletter,False,green,Gemini,de
CU02478,2024-01-27,Germany,,Senior,Paid Social,False,blue,Pisces,de
CU00119,2025-09-19,Switzerland,35.0,Family,Organic Search,False,green,Virgo,de
CU01982,2024-09-17,Germany,25.0,Student,Paid Social,False,blue,Scorpio,de
CU02181,2025-02-07,France,20.0,Student,Paid Social,True,green,Gemini,fr
CU00163,2025-01-15,Germany,77.0,Senior,Referral,True,blue,Pisces,de
CU00264,2024-05-18,Poland,38.0,Family,Referral,False,green,Aries,en
CU01314,2025-12-15,France,23.0,Student,Paid Social,True,red,Capricorn,pl
CU00247,2026-02-19,Netherlands,21.0,Student,Direct,False,green,Sagittarius,en
CU02554,2023-08-08,Germany,65.0,Senior,Paid Social,False,white,Aries,de
CU00776,2023-10-09,Germany,26.0,Student,Paid Social,False,blue,Gemini,de
CU00553,2025-03-19,Germany,25.0,Student,Paid Social,False,red,Sagittarius,de
CU01114,2025-07-29,,33.0,Professional,Referral,True,purple,Taurus,pl
CU02602,2025-08-06,Germany,20.0,Student,Paid Social,False,blue,Aquarius,de
CU00581,2025-08-28,Germany,78.0,Senior,Organic Search,True,black,Capricorn,de
CU00845,2025-11-18,Netherlands,37.0,Family,Paid Social,False,green,Sagittarius,pl
CU01461,2023-12-20,Austria,40.0,Family,Organic Search,True,red,Pisces,de
CU02604,2025-08-09,Germany,23.0,Student,Paid Social,True,black,Capricorn,de
CU00652,2026-01-07,France,,Senior,Organic Search,True,red,Sagittarius,fr
CU01171,2025-07-28,Germany,45.0,Professional,Direct,False,blue,Cancer,de
CU03096,2025-07-09,Germany,20.0,Student,Paid Social,True,blue,Libra,de
CU03090,2025-08-09,Austria,21.0,Student,Paid Social,True,black,Pisces,de
CU03100,2025-12-08,Switzerland,,Student,Paid Social,True,black,Aquarius,de
CU01369,2024-09-07,Germany,34.0,Family,Newsletter,False,purple,Leo,de
CU00898,2026-11-03,Germany,-1.0,Family,Organic Search,True,white,Pisces,de
CU03073,2025-06-25,France,22.0,Student,Paid Social,False,white,Virgo,fr
CU00677,2024-11-25,Germany,60.0,Senior,Newsletter,False,purple,Leo,de
CU00015,2025-12-21,Germany,37.0,Professional,Newsletter,True,green,Pisces,de
CU02549,2026-05-06,Switzerland,47.0,Family,Paid Social,False,blue,Libra,de
CU00968,2024-12-09,Germany,40.0,Family,Organic Search,False,green,Leo,de
CU01107,2024-01-20,Poland,26.0,Professional,Organic Search,False,blue,Leo,fr
CU00241,2024-05-20,France,36.0,Family,Organic Search,False,purple,Cancer,nl
CU01255,2024-01-13,Germany,41.0,Family,Newsletter,False,green,Gemini,de
CU02322,2025-10-12,Poland,21.0,Student,Organic Search,False,black,Aries,fr
CU01937,2026-05-15,Germany,25.0,Student,Paid Social,False,white,Aries,de
CU00685,2025-12-23,Germany,66.0,Senior,Direct,False,red,Libra,de
CU00169,2023-10-13,France,32.0,Family,Direct,True,white,Capricorn,pl
CU01640,2025-10-26,Germany,27.0,Professional,Direct,False,purple,Pisces,de
CU01134,2025-07-25,Germany,30.0,Professional,Direct,False,red,Aries,de
CU02420,2025-07-25,Germany,33.0,Professional,Paid Social,False,black,Cancer,de
CU01879,2024-10-31,Germany,44.0,Professional,Paid Social,False,black,Leo,de
CU01716,2023-03-10,Germany,36.0,Family,Paid Social,False,white,Virgo,de
CU01474,2026-07-02,Germany,74.0,Senior,Paid Social,True,blue,Virgo,de
CU01254,2025-12-07,France,25.0,Student,Referral,False,black,Gemini,nl
CU01548,2025-08-04,Germany,19.0,Student,Newsletter,False,white,Gemini,de
CU00215,2023-09-10,Austria,39.0,Family,Paid Social,False,purple,Libra,de
CU02732,2025-06-17,Germany,17.0,Student,Paid Social,False,white,Pisces,de
CU00345,2023-09-10,Switzerland,40.0,Family,Paid Social,False,green,Libra,de
CU00839,2023-09-29,Germany,31.0,Family,Paid Social,False,purple,Scorpio,de
CU01616,2023-08-23,France,67.0,Senior,Direct,True,white,Capricorn,pl
CU02196,2024-06-18,Germany,20.0,Student,Organic Search,False,purple,Gemini,de
CU01836,2025-06-07,France,44.0,Professional,Paid Social,False,green,Virgo,en
CU00796,2025-11-14,Germany,,Professional,Referral,False,white,Gemini,de
CU00413,2025-12-17,France,,Senior,Paid Social,False,blue,Pisces,fr
CU01713,2025-09-06,Germany,38.0,Family,Organic Search,False,red,Cancer,de
CU00343,2023-07-06,Netherlands,32.0,Family,Paid Social,True,black,Aquarius,pl
CU00948,2024-07-28,Germany,20.0,Student,Paid Social,False,purple,Capricorn,de
CU02222,2024-02-07,France,24.0,Student,Organic Search,False,black,Scorpio,fr
CU01758,2024-08-23,Austria,37.0,Family,Organic Search,False,white,Aquarius,de
CU00378,2023-04-12,Austria,41.0,Professional,Organic Search,True,red,Aries,de
CU01492,2025-12-08,Germany,34.0,Professional,Organic Search,False,green,Sagittarius,de
CU00739,2024-03-11,Germany,22.0,Student,Organic Search,False,white,Pisces,de
CU02674,2025-03-07,Germany,24.0,Student,Paid Social,False,purple,Aquarius,de
CU00053,2026-03-21,Germany,31.0,Family,Paid Social,False,green,Capricorn,de
CU00019,2024-03-18,Germany,49.0,Professional,Organic Search,False,blue,Pisces,de
CU01310,2025-08-21,Germany,21.0,Student,Paid Social,True,purple,Aries,de
CU02270,2024-02-08,Switzerland,23.0,Student,Organic Search,True,white,Gemini,de
CU02451,2025-08-05,Germany,42.0,Family,Organic Search,True,white,Cancer,de
CU00999,2025-08-22,Germany,31.0,Professional,Paid Social,True,red,Scorpio,de
CU01390,2023-10-31,Poland,44.0,Professional,Paid Social,False,green,Aries,en
CU00096,2024-11-01,Germany,42.0,Family,Paid Social,False,red,Sagittarius,de
CU01500,2025-11-04,,43.0,Family,Organic Search,False,white,Virgo,de
CU02310,2024-10-14,Germany,36.0,Family,Direct,False,green,Pisces,de
CU02591,2025-10-11,Germany,66.0,Senior,Paid Social,True,purple,Scorpio,de
CU02688,2025-08-06,France,24.0,Student,Paid Social,True,purple,Cancer,nl
CU00180,2024-11-11,Germany,43.0,Family,Newsletter,True,purple,Cancer,de
CU01599,2025-10-08,Poland,67.0,Senior,Organic Search,False,purple,Pisces,nl
CU00717,2025-10-09,Poland,40.0,Professional,Direct,False,black,Libra,fr
CU00185,2024-01-04,France,43.0,Family,Organic Search,True,purple,Virgo,fr
CU00468,2025-07-06,Germany,,Student,Paid Social,True,blue,Aquarius,de
CU00904,2026-02-10,Germany,37.0,Family,Newsletter,True,black,Aquarius,de
CU02843,2025-08-28,Germany,25.0,Student,Paid Social,True,blue,Libra,de
CU00072,2025-01-22,Germany,22.0,Student,Organic Search,False,blue,Sagittarius,de
CU02905,2025-08-15,Germany,19.0,Student,Paid Social,True,green,Scorpio,de
CU01899,2023-10-27,Germany,48.0,Professional,Organic Search,False,white,Taurus,de
CU02687,2025-07-21,Germany,18.0,Student,Paid Social,True,red,Sagittarius,de
CU02395,2025-12-15,France,70.0,Senior,Newsletter,True,red,Cancer,nl
CU02645,2025-07-22,Germany,20.0,Student,Paid Social,True,black,Aquarius,de
CU01208,2024-10-13,Germany,22.0,Student,Direct,True,purple,Libra,de
CU02078,2023-08-17,France,26.0,Student,Direct,False,black,Libra,pl
CU03016,2025-06-29,Austria,24.0,Student,Paid Social,False,green,Aquarius,de
CU01064,2026-01-30,Germany,25.0,Student,Paid Social,False,purple,Virgo,de
CU01529,2024-11-28,Germany,38.0,Family,Newsletter,True,green,Aquarius,de
CU02206,2025-05-31,France,22.0,Student,Direct,False,black,Cancer,nl
CU00659,2024-04-27,Germany,69.0,Senior,Newsletter,False,red,Leo,de
CU02966,2025-07-03,Germany,25.0,Student,Paid Social,True,white,Taurus,de
CU01839,2024-11-02,Germany,25.0,Student,Referral,True,green,Sagittarius,de
CU02443,2026-05-15,Germany,45.0,Professional,Organic Search,True,white,Sagittarius,de
CU01077,2026-01-22,Germany,,Family,Organic Search,True,blue,Virgo,de
CU00455,2024-12-15,Switzerland,19.0,Student,Direct,False,white,Aries,de
CU01384,2024-04-23,Germany,60.0,Senior,Organic Search,False,red,Scorpio,de
CU02383,2024-04-17,Switzerland,,Professional,Paid Social,True,black,Gemini,de
CU00403,2026-03-10,Netherlands,21.0,Student,Paid Social,True,blue,Capricorn,fr
CU00990,2025-08-12,Germany,43.0,Family,Paid Social,False,white,Leo,de
CU01446,2024-01-19,Germany,63.0,Senior,Direct,True,green,Pisces,de
CU01473,2025-09-12,Netherlands,46.0,Professional,Referral,True,blue,Capricorn,nl
CU00678,2026-05-31,Germany,22.0,Student,Referral,True,blue,Scorpio,de
CU01617,2026-04-07,Germany,45.0,Family,Organic Search,False,white,Capricorn,de
CU01252,2024-09-10,Switzerland,38.0,Professional,Paid Social,True,green,Aquarius,de
CU01984,2025-09-29,Germany,48.0,Professional,Referral,True,blue,Virgo,de
CU00823,2023-05-12,Germany,23.0,Student,Referral,False,purple,Pisces,de
CU00964,2023-09-17,Germany,72.0,Senior,Organic Search,False,blue,Libra,de
CU00836,2023-12-14,Germany,70.0,Senior,Paid Social,False,purple,Leo,de
CU01034,2026-03-08,Germany,43.0,Family,Organic Search,False,black,Virgo,de
CU00175,2026-04-15,France,37.0,Professional,Paid Social,False,purple,Pisces,pl
CU00940,2025-03-01,Germany,20.0,Student,Referral,True,black,Sagittarius,de
CU00692,2025-05-12,Poland,46.0,Professional,Paid Social,True,purple,Sagittarius,en
CU02588,2026-04-05,France,66.0,Senior,Direct,False,red,Aquarius,pl
CU00335,2025-09-21,Germany,70.0,Senior,Direct,True,black,Capricorn,de
CU00874,2024-06-26,Germany,66.0,Senior,Referral,False,purple,Aries,de
CU02975,2025-07-14,Switzerland,18.0,Student,Paid Social,True,purple,Virgo,de
CU02056,2024-03-16,Netherlands,32.0,Family,Paid Social,True,white,Sagittarius,fr
CU02566,2024-09-02,Switzerland,41.0,Family,Direct,True,black,Scorpio,de
CU00198,2024-02-21,Germany,41.0,Professional,Newsletter,False,blue,Sagittarius,de
CU00297,2023-09-20,Austria,27.0,Professional,Organic Search,True,blue,Virgo,de
CU02707,2025-07-25,Germany,20.0,Professional,Paid Social,True,red,Pisces,de
CU02980,2025-06-07,Switzerland,18.0,Professional,Paid Social,True,white,Sagittarius,de
CU01531,2024-09-29,Germany,22.0,Student,Direct,False,purple,Libra,de
CU01746,2024-10-14,Germany,32.0,Professional,Organic Search,False,white,Sagittarius,de
CU00123,2024-02-23,Poland,22.0,Student,Direct,False,black,Scorpio,en
CU00379,2024-08-12,Germany,30.0,Professional,Direct,True,green,Leo,de
CU02932,2025-08-12,Netherlands,18.0,Student,Paid Social,True,purple,Pisces,nl
CU02211,2024-05-04,France,31.0,Professional,Organic Search,False,red,Gemini,fr
CU02173,2025-09-02,Switzerland,20.0,Student,Newsletter,False,purple,Scorpio,de
CU02600,2023-07-11,Netherlands,46.0,Professional,Organic Search,True,black,Aries,nl
CU02053,2026-02-20,Germany,63.0,Senior,Direct,False,purple,Taurus,de
CU00916,2024-06-21,Germany,40.0,Family,Newsletter,False,red,Pisces,de
CU01872,2024-07-04,Germany,,Student,Paid Social,False,purple,Taurus,de
CU02885,2025-08-07,Germany,17.0,Student,Paid Social,False,blue,Libra,de
CU00612,2026-02-27,Germany,40.0,Professional,Paid Social,True,blue,Aquarius,de
CU01772,2023-10-22,Austria,24.0,Student,Newsletter,True,white,Gemini,de
CU02336,2025-07-31,Germany,28.0,Professional,Organic Search,False,purple,Taurus,de
CU00957,2024-04-18,Germany,63.0,Senior,Organic Search,True,white,Scorpio,de
CU01633,2023-11-20,Switzerland,42.0,Professional,Organic Search,True,blue,Taurus,de
CU01888,2023-07-18,Germany,76.0,Senior,Direct,False,blue,Cancer,de
CU02799,2025-06-26,Germany,24.0,Student,Paid Social,True,white,Libra,de
CU00909,2026-05-22,Germany,32.0,Family,Direct,True,purple,Aquarius,de
CU00507,2024-05-24,Germany,37.0,Professional,Organic Search,False,blue,Virgo,de
CU00357,2024-07-10,Germany,26.0,Student,Direct,True,green,Capricorn,de
CU01424,2025-04-10,Germany,62.0,Senior,Referral,False,black,Libra,de
CU03023,2025-06-23,Germany,23.0,Student,Paid Social,True,purple,Scorpio,de
CU02401,2023-08-21,Germany,24.0,Student,Referral,True,black,Cancer,de
CU01155,2026-04-04,Austria,76.0,Senior,Paid Social,True,green,Libra,de
CU01723,2025-10-19,Germany,24.0,Student,Organic Search,True,green,Virgo,de
CU02823,2025-08-05,Austria,19.0,Professional,Paid Social,True,red,Aquarius,de
CU00668,2026-04-03,Germany,39.0,Family,Paid Social,False,black,Capricorn,de
CU00887,2023-11-26,Netherlands,26.0,Student,Direct,True,white,Gemini,pl
CU01285,2026-03-14,Netherlands,31.0,Professional,Direct,True,green,Aries,en
CU00334,2025-10-22,Germany,73.0,Senior,Organic Search,False,black,Gemini,de
CU00154,2023-12-30,Germany,37.0,Family,Newsletter,False,black,Scorpio,de
CU01421,2025-02-16,Poland,23.0,Student,Direct,False,green,Libra,fr
CU02550,2025-08-02,France,,Professional,Organic Search,True,purple,Gemini,pl
CU01841,2025-05-01,France,36.0,Professional,Organic Search,False,white,Gemini,fr
CU00722,2025-07-09,Germany,35.0,Professional,Organic Search,False,black,Sagittarius,de
CU00374,2025-07-25,Netherlands,38.0,Professional,Organic Search,False,black,Aquarius,en
CU02639,2025-07-06,Germany,17.0,Student,Paid Social,True,white,Capricorn,de
CU00313,2024-03-28,Germany,41.0,Professional,Organic Search,True,purple,Virgo,de
CU01850,2025-11-25,Austria,48.0,Professional,Newsletter,True,black,Leo,de
CU01623,2026-03-28,Germany,,Student,Direct,False,red,Pisces,de
CU00043,2023-11-17,Germany,,Family,Direct,False,purple,Aquarius,de
CU02694,2025-08-24,Germany,19.0,Student,Paid Social,False,purple,Taurus,de
CU00972,2024-11-24,Germany,43.0,Professional,Referral,False,blue,Taurus,de
CU02670,2025-06-21,Germany,21.0,Student,Paid Social,False,white,Capricorn,de
CU00523,2024-03-28,Switzerland,35.0,Family,Organic Search,False,red,Sagittarius,de
CU00418,2024-07-13,Austria,27.0,Professional,Paid Social,True,blue,Capricorn,de
CU00763,2024-06-30,France,32.0,Professional,Organic Search,False,white,Leo,pl
CU00658,2023-12-23,Germany,40.0,Family,Organic Search,True,purple,Virgo,de
CU00705,2025-09-07,Austria,26.0,Professional,Newsletter,False,purple,Gemini,de
CU00733,2024-10-11,Netherlands,19.0,Student,Newsletter,True,white,Leo,fr
CU02499,2026-05-18,Germany,37.0,Professional,Direct,True,black,Sagittarius,de
CU02871,2025-07-08,Austria,23.0,Student,Paid Social,True,black,Aries,de
CU00945,2026-11-02,Switzerland,30.0,Professional,Organic Search,True,white,Leo,de
CU02217,2023-07-24,France,42.0,Family,Paid Social,True,red,Scorpio,en
CU02949,2025-08-28,Netherlands,18.0,Professional,Paid Social,False,green,Sagittarius,fr
CU02409,2026-05-29,Germany,23.0,Student,Direct,True,blue,Pisces,de
CU01807,2026-02-18,Netherlands,62.0,Senior,Newsletter,True,purple,Leo,fr
CU01019,2025-06-07,Netherlands,23.0,Student,Direct,False,purple,Gemini,en
CU01470,2025-06-28,Germany,72.0,Senior,Paid Social,False,white,Virgo,de
CU00908,2025-05-11,Austria,36.0,Family,Paid Social,False,white,Taurus,de
CU01694,2025-04-16,Austria,42.0,Family,Organic Search,True,red,Leo,de
CU00273,2024-11-09,France,20.0,Student,Referral,False,white,Libra,pl
CU01494,2025-08-11,Netherlands,25.0,Student,Newsletter,False,black,Gemini,nl
CU00520,2025-07-01,France,47.0,Family,Direct,False,blue,Sagittarius,nl
CU00815,2025-10-28,Germany,79.0,Senior,Referral,False,red,Pisces,de
CU00819,2024-07-31,Germany,20.0,Student,Newsletter,True,black,Aquarius,de
CU00735,2023-10-07,Austria,44.0,Family,Organic Search,False,blue,Pisces,de
CU01523,2024-07-17,France,32.0,Family,Direct,False,red,Scorpio,nl
CU01639,2024-11-25,Austria,41.0,Professional,Paid Social,False,blue,Aquarius,de
CU03061,2025-06-30,Poland,20.0,Student,Paid Social,False,red,Taurus,fr
CU02717,2025-08-06,Germany,21.0,Student,Paid Social,False,blue,Taurus,de
CU01701,2026-01-15,Germany,78.0,Senior,Paid Social,False,white,Virgo,de
CU01122,2024-05-11,Switzerland,62.0,Senior,Organic Search,True,green,Virgo,de
CU02177,2023-08-24,Germany,37.0,Family,Paid Social,True,purple,Capricorn,de
CU01915,2024-10-20,Netherlands,38.0,Family,Organic Search,False,green,Aquarius,fr
CU02979,2025-07-10,France,23.0,Professional,Paid Social,False,red,Sagittarius,en
CU01884,2023-08-17,Germany,22.0,Student,Paid Social,True,purple,Sagittarius,de
CU02593,2024-05-10,Germany,30.0,Family,Direct,True,black,Gemini,de
CU00380,2025-12-13,Netherlands,19.0,Student,Direct,False,green,Scorpio,fr
CU02252,2025-09-17,Netherlands,22.0,Student,Newsletter,False,green,Aquarius,nl
CU00344,2026-04-05,Germany,40.0,Professional,Organic Search,True,green,Sagittarius,de
CU02149,2026-03-01,Germany,38.0,Professional,Direct,False,black,Sagittarius,de
CU02145,2023-10-26,Germany,,Professional,Referral,True,green,Pisces,de
CU02567,2025-06-20,Netherlands,43.0,Family,Direct,False,red,Sagittarius,fr
CU01943,2025-01-08,Germany,49.0,Professional,Paid Social,False,black,Virgo,de
CU01804,2025-08-30,Austria,,Student,Paid Social,False,black,Aries,de
CU02971,2025-07-16,Netherlands,17.0,Student,Paid Social,False,green,Cancer,nl
CU02537,2024-12-26,Poland,23.0,Student,Organic Search,True,white,Aries,nl
CU01262,2023-12-19,Germany,26.0,Student,Referral,False,white,Taurus,de
CU02013,2024-02-22,Germany,33.0,Professional,Paid Social,False,red,Sagittarius,de
CU01425,2026-02-17,Germany,22.0,Student,Paid Social,False,purple,Sagittarius,de
CU01595,2025-10-25,Germany,22.0,Student,Referral,False,black,Scorpio,de
CU00233,2025-06-01,Germany,75.0,Senior,Direct,False,black,Sagittarius,de
CU00795,2024-07-22,France,39.0,Professional,Referral,False,green,Aries,en
CU01707,2025-05-22,Germany,60.0,Senior,Organic Search,True,purple,Cancer,de
CU03055,2025-08-04,Germany,25.0,Student,Paid Social,False,green,Aquarius,de
CU01821,2024-01-19,Germany,45.0,Family,Organic Search,True,green,Cancer,de
CU02563,2024-01-15,Austria,20.0,Student,Paid Social,False,blue,Leo,de
CU02406,2023-10-30,France,19.0,Student,Referral,False,green,Scorpio,fr
CU02560,2025-03-28,Germany,46.0,Professional,Direct,False,red,Cancer,de
CU00113,2025-01-27,Switzerland,38.0,Professional,Direct,True,green,Capricorn,de
CU01000,2023-10-09,Poland,31.0,Professional,Newsletter,True,white,Libra,fr
CU02266,2025-04-25,Germany,,Student,Direct,True,green,Capricorn,de
CU01583,2026-11-03,France,41.0,Professional,Organic Search,False,white,Virgo,nl
CU02548,2023-11-04,France,62.0,Senior,Referral,False,green,Virgo,en
CU00226,2025-03-18,Germany,67.0,Senior,Newsletter,False,white,Cancer,de
CU01043,2026-03-24,Germany,71.0,Senior,Paid Social,True,purple,Capricorn,de
CU01193,2026-02-19,Germany,26.0,Professional,Direct,False,blue,Leo,de
CU01450,2026-03-24,Poland,69.0,Senior,Paid Social,True,white,Pisces,pl
CU02446,2026-05-10,Germany,34.0,Professional,Organic Search,False,purple,Capricorn,de
CU01764,2023-10-22,Germany,31.0,Professional,Direct,True,green,Aquarius,de
CU01667,2025-12-23,Austria,76.0,Senior,Referral,True,red,Aries,de
CU02589,2024-12-11,Germany,47.0,Professional,Paid Social,False,blue,Pisces,de
CU02377,2025-08-06,Germany,40.0,Professional,Direct,False,white,Scorpio,de
CU00849,2024-06-01,Germany,70.0,Senior,Direct,False,black,Aries,de
CU00622,2025-04-15,Germany,31.0,Professional,Direct,False,blue,Taurus,de
CU02142,2024-01-25,Germany,46.0,Professional,Paid Social,False,green,Virgo,de
CU00214,2023-07-19,Germany,28.0,Professional,Organic Search,False,green,Aquarius,de
CU00771,2024-06-18,Germany,33.0,Family,Paid Social,True,white,Cancer,de
CU00338,2025-11-26,Germany,47.0,Professional,Organic Search,False,white,Aries,de
CU00804,2025-03-12,Germany,67.0,Senior,Referral,True,red,Aquarius,de
CU02261,2024-02-20,Austria,22.0,Student,Organic Search,False,purple,Sagittarius,de
CU02667,2025-08-26,Austria,20.0,Student,Paid Social,True,red,Taurus,de
CU01183,2023-12-13,France,29.0,Professional,Newsletter,True,black,Cancer,pl
CU01169,2024-07-04,Netherlands,42.0,Family,Direct,True,green,Aries,fr
CU00037,2025-10-25,Switzerland,19.0,Student,Paid Social,True,black,Aries,de
CU00106,2026-04-22,France,29.0,Professional,Referral,False,white,Scorpio,pl
CU00363,2025-05-08,Austria,,Professional,Paid Social,False,black,Sagittarius,de
CU00851,2025-02-09,Germany,33.0,Family,Direct,False,blue,Pisces,de
CU01741,2025-06-18,Germany,46.0,Professional,Organic Search,True,black,Aries,de
CU02805,2025-07-28,Switzerland,17.0,Professional,Paid Social,False,blue,Cancer,de
CU02807,2025-07-17,Poland,,Professional,Paid Social,True,white,Capricorn,nl
CU02414,2025-05-12,Germany,26.0,Student,Paid Social,True,red,Virgo,de
CU00857,2026-01-26,Netherlands,34.0,Professional,Organic Search,False,red,Sagittarius,fr
CU01466,2024-11-25,Poland,26.0,Professional,Referral,True,blue,Cancer,fr
CU02894,2025-06-17,Netherlands,21.0,Student,Paid Social,False,red,Capricorn,fr
CU00566,2024-10-28,Poland,44.0,Professional,Direct,False,red,Gemini,fr
CU00250,2024-12-17,France,20.0,Student,Organic Search,True,red,Aries,fr
CU02525,2025-02-04,Germany,29.0,Professional,Paid Social,False,blue,Libra,de
CU01475,2025-01-15,Germany,28.0,Professional,Paid Social,False,red,Taurus,de
CU02503,2024-04-20,Switzerland,23.0,Student,Referral,True,white,Sagittarius,de
CU00318,2024-05-14,,66.0,Senior,Paid Social,False,white,Gemini,fr
CU01201,2026-05-18,France,45.0,Family,Direct,True,white,Cancer,fr
CU01108,2025-11-12,Netherlands,41.0,Family,Paid Social,False,white,Virgo,fr
CU02279,2025-08-27,Germany,28.0,Professional,Direct,True,black,Virgo,de
CU00653,2025-10-20,Germany,43.0,Professional,Organic Search,False,red,Gemini,de
CU00071,2024-06-04,Netherlands,28.0,Professional,Organic Search,False,red,Cancer,en
CU01668,2026-01-05,Germany,27.0,Professional,Organic Search,False,blue,Libra,de
CU02659,2025-06-28,Germany,25.0,Student,Paid Social,False,purple,Aries,de
CU01175,2025-04-25,Poland,26.0,Professional,Organic Search,True,white,Pisces,pl
CU01089,2025-06-15,France,37.0,Professional,Paid Social,True,purple,Virgo,fr
CU03113,2025-06-19,Germany,17.0,Student,Paid Social,False,green,Gemini,de
CU00411,2025-05-31,Switzerland,36.0,Family,Referral,True,green,Aquarius,de
CU03033,2025-07-27,Switzerland,18.0,Student,Paid Social,True,black,Capricorn,de
CU02387,2025-11-22,Switzerland,22.0,Student,Organic Search,True,green,Gemini,de
CU01026,2025-07-22,Germany,45.0,Professional,Organic Search,True,purple,Aries,de
CU02092,2024-02-29,France,45.0,Family,Direct,True,green,Taurus,nl
CU00540,2023-07-07,Germany,29.0,Professional,Referral,False,green,Virgo,de
CU00602,2026-03-29,Germany,37.0,Professional,Direct,True,white,Cancer,de
CU01333,2025-10-02,Netherlands,38.0,Professional,Organic Search,False,purple,Taurus,fr
CU02992,2025-07-16,Netherlands,25.0,Student,Paid Social,False,black,Taurus,en
CU01435,2023-07-14,Germany,34.0,Professional,Paid Social,True,purple,Leo,de
CU02220,2025-03-28,Germany,48.0,Professional,Referral,True,blue,Pisces,de
CU02466,2024-09-09,Germany,,Senior,Direct,True,purple,Libra,de
CU02906,2025-08-05,Netherlands,20.0,Student,Paid Social,False,blue,Sagittarius,en
CU00838,2023-10-07,Germany,23.0,Student,Paid Social,False,purple,Taurus,de
CU01628,2025-12-13,Germany,49.0,Professional,Organic Search,False,purple,Aquarius,de
CU00807,2024-12-31,Poland,43.0,Family,Newsletter,True,blue,Scorpio,pl
CU00883,2025-02-09,Poland,37.0,Family,Newsletter,True,white,Virgo,fr
CU01485,2025-08-24,Germany,42.0,Professional,Direct,False,green,Pisces,de
CU00638,2025-06-17,Switzerland,45.0,Professional,Direct,True,white,Leo,de
CU00424,2026-03-31,Germany,29.0,Professional,Organic Search,False,purple,Leo,de
CU00728,2024-08-07,Austria,37.0,Family,Direct,False,red,Aquarius,de
CU01997,2025-10-24,France,45.0,Family,Paid Social,True,purple,Taurus,nl
CU00377,2025-07-12,Germany,62.0,Senior,Organic Search,False,blue,Libra,de
CU00525,2023-12-30,Germany,32.0,Professional,Organic Search,False,red,Capricorn,de
CU02487,2025-10-16,Germany,,Professional,Organic Search,True,black,Scorpio,de
CU02524,2023-12-30,Poland,42.0,Family,Referral,False,green,Pisces,en
CU00151,2025-12-22,Austria,28.0,Professional,Direct,False,blue,Leo,de
CU01581,2024-08-18,Germany,44.0,Family,Newsletter,False,purple,Gemini,de
CU01950,2024-05-02,Poland,26.0,Student,Direct,True,purple,Pisces,en
CU01775,2025-02-21,Germany,42.0,Professional,Organic Search,False,purple,Capricorn,de
CU00627,2024-04-22,France,23.0,Student,Referral,False,blue,Aries,pl
CU02999,2025-07-28,Germany,18.0,Student,Paid Social,True,blue,Sagittarius,de
CU01846,2025-06-25,Poland,43.0,Professional,Paid Social,False,black,Libra,fr
CU00144,2025-03-19,Netherlands,73.0,Senior,Paid Social,False,black,Libra,pl
CU00718,2025-11-25,Netherlands,20.0,Student,Paid Social,True,red,Sagittarius,pl
CU02575,2023-03-08,Germany,45.0,Family,Newsletter,True,white,Taurus,de
CU00567,2024-03-14,Germany,22.0,Student,Newsletter,True,blue,Gemini,de
CU01881,2024-05-18,Poland,22.0,Student,Paid Social,True,blue,Gemini,fr
CU02489,2023-11-26,Austria,21.0,Student,Organic Search,True,blue,Leo,de
CU01156,2024-12-11,,65.0,Senior,Paid Social,False,green,Capricorn,de
CU02223,2025-10-25,Germany,48.0,Professional,Direct,False,purple,Libra,de
CU01432,2026-05-13,Austria,71.0,Senior,Organic Search,False,blue,Aries,de
CU02904,2025-07-08,Germany,20.0,Student,Paid Social,True,red,Cancer,de
CU02172,2026-01-19,,26.0,Professional,Referral,True,white,Leo,de
CU02187,2023-10-02,Germany,28.0,Professional,Organic Search,False,purple,Taurus,de
CU00880,2024-09-20,Germany,21.0,Student,Referral,False,black,Leo,de
CU01076,2026-03-20,Germany,40.0,Family,Direct,False,red,Cancer,de
CU02781,2025-06-27,Germany,17.0,Student,Paid Social,True,green,Aries,de
CU00625,2025-03-08,Netherlands,24.0,Student,Newsletter,True,white,Capricorn,nl
CU03089,2025-07-15,Germany,19.0,Student,Paid Social,True,red,Leo,de
CU02833,2025-08-24,Germany,19.0,Student,Paid Social,False,white,Scorpio,de
CU01367,2024-03-28,Austria,46.0,Professional,Paid Social,True,purple,Aries,de
CU02231,2025-09-19,France,77.0,Senior,Newsletter,False,red,Aquarius,fr
CU00618,2023-09-04,Netherlands,20.0,Student,Organic Search,True,blue,Leo,nl
CU01325,2025-12-26,Germany,35.0,Professional,Paid Social,False,green,Pisces,de
CU01983,2025-06-02,Germany,26.0,Professional,Organic Search,True,white,Aries,de
CU00691,2024-10-11,Germany,64.0,Senior,Direct,False,green,Aries,de
CU02957,2025-08-01,Poland,24.0,Student,Paid Social,True,purple,Scorpio,en
CU02289,2024-04-06,Germany,19.0,Student,Organic Search,False,white,Aries,de
CU01690,2024-09-29,Germany,28.0,Professional,Referral,True,red,Leo,de
CU01351,2026-02-04,Germany,46.0,Professional,Direct,False,white,Cancer,de
CU02993,2025-06-26,Germany,23.0,Student,Paid Social,False,green,Gemini,de
CU02507,2025-03-26,Germany,45.0,Family,Organic Search,True,green,Pisces,de
CU02730,2025-07-29,Germany,23.0,Student,Paid Social,False,white,Libra,de
CU01831,2025-04-30,Austria,61.0,Senior,Organic Search,False,green,Scorpio,de
CU01687,2025-03-21,Germany,40.0,Family,Paid Social,False,red,Aquarius,de
CU01693,2025-10-22,Germany,45.0,Professional,Newsletter,False,black,Virgo,de
CU00466,2024-11-20,France,48.0,Professional,Organic Search,True,red,Sagittarius,pl
CU01188,2026-03-30,Poland,61.0,Senior,Referral,False,black,Aquarius,nl
CU01192,2024-12-20,Germany,68.0,Senior,Paid Social,False,red,Gemini,de
CU00146,2024-11-28,Germany,,Student,Paid Social,False,black,Aquarius,de
CU02255,2026-04-27,Austria,22.0,Student,Direct,True,purple,Virgo,de
CU02881,2025-07-07,France,19.0,Student,Paid Social,False,blue,Cancer,pl
CU00325,2023-12-27,Switzerland,31.0,Professional,Paid Social,True,red,Gemini,de
CU02706,2025-06-27,Switzerland,25.0,Student,Paid Social,False,black,Taurus,de
CU01763,2024-10-06,Austria,46.0,Family,Paid Social,True,blue,Gemini,de
CU00707,2026-05-14,Netherlands,19.0,Student,Organic Search,True,green,Sagittarius,fr
CU00715,2024-01-26,Germany,,Professional,Organic Search,False,white,Sagittarius,de
CU01835,2026-05-06,Germany,23.0,Student,Direct,True,green,Libra,de
CU03034,2025-08-26,,20.0,Student,Paid Social,False,purple,Aries,de
CU01112,2026-02-15,Austria,26.0,Student,Organic Search,True,white,Virgo,de
CU02128,2025-01-02,Germany,36.0,Professional,Paid Social,False,purple,Sagittarius,de
CU00902,2023-11-11,Switzerland,25.0,Student,Direct,False,blue,Virgo,de
CU00688,2025-11-19,Germany,23.0,Student,Organic Search,True,red,Pisces,de
CU02215,2024-02-19,Germany,23.0,Student,Referral,False,black,Taurus,de
CU01631,2024-07-04,Austria,74.0,Senior,Direct,False,green,Taurus,de
CU02278,2025-06-15,Germany,20.0,Student,Direct,False,white,Cancer,de
CU03106,2025-07-25,Austria,18.0,Student,Paid Social,True,red,Aquarius,de
CU02500,2025-06-13,Germany,31.0,Family,Direct,False,purple,Cancer,de
CU01940,2024-02-04,Germany,25.0,Student,Paid Social,False,red,Libra,de
CU01825,2023-09-21,Netherlands,70.0,Senior,Organic Search,False,blue,Virgo,pl
CU02789,2025-06-22,Netherlands,21.0,Professional,Paid Social,True,purple,Leo,fr
CU00101,2026-05-21,Austria,34.0,Family,Paid Social,True,white,Capricorn,de
CU00291,2023-10-03,Austria,36.0,Family,Paid Social,True,white,Leo,de
CU02493,2025-09-24,Germany,26.0,Student,Organic Search,False,black,Sagittarius,de
CU00879,2023-11-23,Germany,28.0,Professional,Newsletter,False,black,Aries,de
CU01456,2026-02-16,Germany,19.0,Student,Organic Search,False,blue,Leo,de
CU02788,2025-08-18,Germany,19.0,Student,Paid Social,True,red,Cancer,de
CU00392,2023-11-27,France,42.0,Professional,Referral,False,white,Leo,pl
CU00087,2026-01-03,Poland,43.0,Professional,Direct,False,white,Libra,fr
CU02284,2025-08-13,Switzerland,28.0,Professional,Paid Social,True,blue,Pisces,de
CU02715,2025-06-23,Germany,25.0,Student,Paid Social,False,black,Gemini,de
CU01276,2023-03-08,Germany,35.0,Family,Referral,False,white,Capricorn,de
CU01524,2023-10-10,Netherlands,67.0,Senior,Referral,False,white,Capricorn,fr
CU00476,2024-11-29,France,,Family,Paid Social,True,purple,Cancer,nl
CU01695,2024-03-25,Switzerland,,Professional,Organic Search,True,black,Sagittarius,de
CU01296,2024-03-31,Austria,22.0,Student,Direct,False,white,Taurus,de
CU02093,2025-12-20,Austria,38.0,Family,Organic Search,True,black,Virgo,de
CU02837,2025-06-22,Germany,,Student,Paid Social,False,white,Sagittarius,de
CU01138,2024-05-09,Germany,30.0,Professional,Paid Social,False,white,Leo,de
CU02073,2026-02-09,France,45.0,Family,Direct,False,blue,Capricorn,en
CU01236,2024-04-03,France,21.0,Student,Organic Search,False,white,Leo,fr
CU00833,2025-10-19,Germany,45.0,Family,Direct,True,white,Leo,de
CU00592,2025-01-29,Germany,74.0,Senior,Direct,False,purple,Virgo,de
CU01621,2025-09-25,Germany,38.0,Family,Organic Search,False,green,Scorpio,de
CU01636,2025-08-25,Germany,26.0,Student,Organic Search,True,green,Sagittarius,de
CU00110,2024-04-17,France,43.0,Professional,Referral,False,white,Leo,pl
CU01161,2023-12-20,Germany,39.0,Professional,Newsletter,False,blue,Sagittarius,de
CU00223,2025-12-24,Poland,21.0,Student,Paid Social,False,blue,Virgo,fr
CU01053,2024-11-12,Germany,47.0,Family,Direct,True,green,Capricorn,de
CU01312,2025-08-25,Germany,49.0,Professional,Referral,False,green,Capricorn,de
CU02771,2025-08-17,Austria,,Student,Paid Social,True,green,Virgo,de
CU02104,2025-01-01,Germany,23.0,Student,Paid Social,False,green,Libra,de
CU00254,2024-02-27,Germany,44.0,Family,Paid Social,True,purple,Capricorn,de
CU01073,2023-11-15,Switzerland,43.0,Family,Referral,False,black,Cancer,de
CU01620,2024-04-03,Germany,,Family,Direct,True,black,Cancer,de
CU01493,2023-10-07,France,36.0,Family,Paid Social,False,red,Capricorn,en
CU02691,2025-07-21,Germany,17.0,Professional,Paid Social,False,white,Virgo,de
CU00546,2024-04-05,Netherlands,46.0,Family,Organic Search,True,white,Aquarius,nl
CU02526,2025-08-21,Germany,48.0,Professional,Paid Social,True,white,Taurus,de
CU00950,2024-06-08,Germany,47.0,Professional,Direct,False,purple,Gemini,de
CU01572,2025-01-30,France,36.0,Professional,Direct,True,white,Aquarius,fr
CU00844,2026-02-22,Germany,32.0,Professional,Paid Social,False,black,Libra,de
CU00064,2023-11-18,Germany,48.0,Professional,Organic Search,False,white,Aries,de
CU00414,2024-11-20,Germany,24.0,Student,Newsletter,True,white,Aquarius,de
CU02433,2025-02-19,France,20.0,Student,Paid Social,True,green,Cancer,en
CU00885,2024-08-14,Switzerland,,Senior,Paid Social,False,purple,Aquarius,de
CU00452,2024-10-26,Germany,44.0,Professional,Organic Search,False,purple,Capricorn,de
CU01259,2026-04-15,France,30.0,Professional,Paid Social,False,green,Aquarius,en
CU00657,2024-03-24,Germany,49.0,Professional,Direct,False,red,Libra,de
CU01880,2025-10-20,Netherlands,26.0,Professional,Referral,True,red,Pisces,nl
CU01582,2024-01-15,Germany,35.0,Professional,Newsletter,False,black,Libra,de
CU01487,2025-05-03,Germany,44.0,Professional,Organic Search,False,red,Libra,de
CU01486,2023-09-29,Germany,43.0,Family,Organic Search,False,blue,Aries,de
CU01328,2024-09-11,Germany,44.0,Professional,Organic Search,True,white,Gemini,de
CU02418,2026-02-11,Germany,48.0,Professional,Organic Search,True,green,Gemini,de
CU02738,2025-07-31,France,17.0,Professional,Paid Social,True,blue,Sagittarius,pl
CU02268,2024-11-22,Germany,43.0,Professional,Paid Social,False,green,Sagittarius,de
CU00078,2023-11-05,France,20.0,Student,Organic Search,False,white,Pisces,en
CU02070,2024-04-17,Germany,,Student,Referral,False,red,Taurus,de
CU02809,2025-06-27,Germany,24.0,Student,Paid Social,True,blue,Virgo,de
CU00870,2025-11-02,Switzerland,,Family,Paid Social,False,green,Aries,de
CU02469,2026-04-26,Germany,39.0,Family,Referral,True,purple,Capricorn,de
CU02248,2023-07-21,Poland,22.0,Student,Paid Social,False,blue,Scorpio,pl
CU00451,2025-04-07,Germany,64.0,Senior,Paid Social,True,red,Pisces,de
CU01020,2025-09-23,Germany,26.0,Student,Direct,False,white,Gemini,de
CU01561,2024-08-24,Netherlands,26.0,Student,Direct,False,blue,Leo,pl
CU02960,2025-08-30,Poland,21.0,Student,Paid Social,False,white,Cancer,en
CU01980,2024-04-15,Germany,47.0,Family,Referral,False,green,Cancer,de
CU00697,2025-10-03,Germany,30.0,Professional,Direct,False,red,Pisces,de
CU01742,2025-08-24,Netherlands,39.0,Family,Paid Social,False,green,Capricorn,fr
CU00812,2024-05-11,Germany,39.0,Professional,Newsletter,False,white,Gemini,de
CU00911,2026-03-14,Germany,40.0,Family,Organic Search,False,blue,Libra,de
CU01522,2024-03-01,Germany,28.0,Professional,Organic Search,False,purple,Cancer,de
CU01050,2025-03-13,Germany,19.0,Student,Organic Search,False,purple,Taurus,de
CU00506,2026-09-03,Netherlands,63.0,Senior,Newsletter,True,green,Aquarius,fr
CU00406,2024-11-14,Germany,21.0,Student,Referral,False,white,Taurus,de
CU02366,2026-03-18,Germany,38.0,Professional,Direct,True,purple,Sagittarius,de
CU00184,2023-11-22,Germany,26.0,Student,Direct,True,blue,Scorpio,de
CU01877,2025-10-07,Austria,39.0,Family,Direct,False,white,Virgo,de
CU01718,2024-02-15,Germany,33.0,Professional,Direct,False,red,Aquarius,de
CU00610,2025-03-29,Germany,34.0,Professional,Organic Search,True,green,Leo,de
CU02675,2025-07-27,Austria,17.0,Student,Paid Social,False,black,Aries,de
CU02034,2025-05-19,Austria,42.0,Professional,Organic Search,False,red,Gemini,de
CU02534,2025-07-21,Switzerland,31.0,Family,Organic Search,True,black,Gemini,de
CU02327,2024-05-19,Germany,32.0,Family,Paid Social,False,green,Sagittarius,de
CU01969,2026-04-02,Poland,23.0,Student,Direct,True,blue,Aquarius,nl
CU00021,2026-02-19,Switzerland,38.0,Professional,Organic Search,False,blue,Leo,de
CU02219,2025-03-25,Germany,40.0,Professional,Organic Search,True,black,Capricorn,de
CU01426,2023-07-21,,25.0,Student,Organic Search,False,blue,Gemini,de
CU02950,2025-08-08,Germany,22.0,Student,Paid Social,False,black,Sagittarius,de
CU01591,2023-11-26,Germany,35.0,Professional,Referral,False,blue,Pisces,de
CU02225,2024-03-07,Germany,37.0,Professional,Newsletter,False,white,Sagittarius,de
CU00328,2024-11-26,Germany,36.0,Family,Direct,True,red,Libra,de
CU02755,2025-08-16,France,,Professional,Paid Social,True,blue,Pisces,fr
CU02519,2023-07-28,Germany,47.0,Family,Paid Social,False,green,Taurus,de
CU01875,2024-02-13,Germany,35.0,Professional,Newsletter,False,black,Cancer,de
CU02538,2023-09-21,Austria,31.0,Professional,Organic Search,False,black,Pisces,de
CU00267,2023-10-20,Netherlands,36.0,Family,Referral,True,green,Pisces,fr
CU01891,2025-01-19,Germany,22.0,Student,Organic Search,True,green,Leo,de
CU02664,2025-03-07,Germany,17.0,Professional,Paid Social,False,purple,Sagittarius,de
CU01757,2023-12-18,Germany,39.0,Family,Referral,True,blue,Pisces,de
CU02179,2025-04-17,Germany,66.0,Senior,Paid Social,False,white,Scorpio,de
CU00866,2025-03-02,Germany,23.0,Student,Newsletter,False,white,Leo,de
CU03103,2025-07-16,Germany,25.0,Student,Paid Social,True,blue,Taurus,de
CU03036,2025-02-08,Germany,17.0,Student,Paid Social,False,purple,Libra,de
CU00490,2024-11-30,Netherlands,,Family,Organic Search,True,red,Aquarius,en
CU00607,2024-12-21,Netherlands,35.0,Family,Direct,False,red,Capricorn,pl
CU02465,2024-11-11,Netherlands,38.0,Professional,Paid Social,True,white,Gemini,nl
CU01739,2023-08-23,France,37.0,Family,Direct,True,white,Pisces,nl
CU00153,2025-10-10,Poland,22.0,Student,Paid Social,False,green,Libra,nl
CU00890,2025-04-26,Germany,34.0,Family,Organic Search,False,purple,Sagittarius,de
CU03093,2025-07-17,Germany,23.0,Student,Paid Social,False,black,Sagittarius,de
CU02898,2025-08-23,Germany,17.0,Student,Paid Social,True,red,Aquarius,de
CU02328,2025-07-26,Austria,60.0,Senior,Referral,False,black,Capricorn,de
CU00270,2025-04-30,Austria,73.0,Senior,Referral,True,purple,Sagittarius,de
CU00097,2023-12-04,Germany,32.0,Family,Direct,False,red,Virgo,de
CU02259,2024-09-23,Germany,26.0,Student,Direct,False,blue,Gemini,de
CU02618,2025-06-23,Germany,19.0,Student,Paid Social,True,blue,Virgo,de
CU00965,2024-06-10,Germany,76.0,Senior,Organic Search,True,red,Pisces,de
CU01800,2026-06-05,Switzerland,43.0,Family,Direct,False,blue,Pisces,de
CU00872,2026-02-15,Germany,30.0,Family,Organic Search,False,green,Cancer,de
CU01573,2024-09-07,Germany,33.0,Family,Paid Social,False,purple,Aries,de
CU00533,2023-07-08,Poland,46.0,Professional,Organic Search,False,purple,Cancer,en
CU01068,2024-08-14,Germany,79.0,Senior,Paid Social,False,black,Taurus,de
CU01100,2024-12-26,Austria,71.0,Senior,Referral,False,black,Aries,de
CU02761,2025-08-27,Germany,19.0,Student,Paid Social,True,black,Leo,de
CU02126,2025-11-11,Germany,46.0,Professional,Organic Search,False,purple,Capricorn,de
CU02312,2023-11-08,Germany,43.0,Professional,Direct,True,green,Pisces,de
CU00716,2025-09-21,Germany,21.0,Student,Referral,True,blue,Aquarius,de
CU02198,2024-04-20,Germany,43.0,Professional,Referral,True,red,Libra,de
CU03104,2025-08-23,Germany,22.0,Student,Paid Social,False,blue,Gemini,de
CU01539,2025-05-14,Switzerland,42.0,Family,Paid Social,False,green,Aquarius,de
CU03110,2025-08-18,Netherlands,19.0,Professional,Paid Social,False,green,Pisces,pl
CU00470,2025-11-18,Germany,38.0,Professional,Paid Social,True,green,Aquarius,de
CU00565,2024-01-27,Germany,45.0,Family,Newsletter,False,black,Scorpio,de
CU01799,2025-11-09,Netherlands,23.0,Student,Direct,False,black,Scorpio,nl
CU00462,2026-03-01,Austria,37.0,Family,Organic Search,False,blue,Aries,de
CU01278,2025-12-15,Austria,,Professional,Organic Search,True,green,Aries,de
CU02945,2025-07-02,Netherlands,25.0,Student,Paid Social,False,red,Scorpio,nl
CU01796,2025-09-28,Germany,35.0,Professional,Direct,False,purple,Gemini,de
CU01870,2025-10-05,Switzerland,30.0,Family,Referral,False,black,Cancer,de
CU01394,2023-07-04,Germany,23.0,Student,Organic Search,False,black,Sagittarius,de
CU01346,2025-09-03,Germany,19.0,Student,Organic Search,False,blue,Gemini,de
CU01176,2023-09-27,Austria,,Student,Organic Search,True,green,Libra,de
CU01753,2024-04-19,Poland,46.0,Professional,Direct,True,black,Libra,en
CU00929,2025-08-23,Germany,25.0,Student,Organic Search,True,red,Sagittarius,de
CU01215,2023-07-06,Germany,40.0,Professional,Organic Search,False,red,Scorpio,de
CU02635,2025-08-23,Germany,25.0,Student,Paid Social,False,green,Capricorn,de
CU01373,2024-11-19,Germany,45.0,Professional,Paid Social,True,red,Aries,de
CU00244,2024-08-01,Netherlands,61.0,Senior,Organic Search,False,blue,Libra,pl
CU02800,2025-07-22,Germany,25.0,Student,Paid Social,True,green,Aquarius,de
CU01680,2026-04-02,Germany,46.0,Professional,Newsletter,True,black,Gemini,de
CU01313,2025-06-04,Germany,34.0,Professional,Newsletter,False,blue,Aries,de
CU00649,2023-09-10,Poland,39.0,Family,Direct,False,green,Taurus,pl
CU02644,2025-07-22,Germany,23.0,Student,Paid Social,False,black,Gemini,de
CU00314,2024-01-14,Germany,26.0,Student,Newsletter,False,purple,Sagittarius,de
CU02982,2025-08-30,France,21.0,Student,Paid Social,False,red,Aries,nl
CU00156,2025-09-11,Germany,24.0,Student,Newsletter,False,red,Pisces,de
CU01304,2025-12-07,Germany,74.0,Senior,Direct,False,red,Cancer,de
CU01151,2025-05-06,Poland,24.0,Student,Organic Search,False,purple,Leo,en
CU03048,2025-07-15,Switzerland,24.0,Professional,Paid Social,True,green,Aries,de
CU01802,2023-10-08,France,35.0,Family,Direct,True,green,Pisces,pl
CU01047,2023-11-06,Germany,33.0,Family,Organic Search,True,white,Virgo,de
CU01641,2025-10-27,Switzerland,,Student,Organic Search,True,red,Virgo,de
CU01307,2024-11-28,Germany,-1.0,Professional,Direct,True,black,Sagittarius,de
CU01928,2023-07-05,Austria,46.0,Professional,Organic Search,False,black,Scorpio,de
CU01496,2026-06-05,France,30.0,Professional,Organic Search,False,red,Aries,nl
CU00026,2026-01-26,Germany,43.0,Family,Organic Search,False,white,Pisces,de
CU02245,2024-08-17,Switzerland,,Student,Paid Social,False,purple,Capricorn,de
CU00016,2025-01-14,Germany,34.0,Family,Organic Search,False,black,Leo,de
CU01322,2023-12-16,Germany,29.0,Professional,Paid Social,False,green,Taurus,de
CU00884,2025-07-06,Germany,38.0,Family,Direct,False,white,Aquarius,de
CU01361,2026-03-29,Germany,45.0,Professional,Paid Social,True,blue,Capricorn,de
CU01845,2024-12-13,Poland,37.0,Professional,Direct,False,black,Aries,en
CU03099,2025-08-20,Germany,23.0,Student,Paid Social,True,red,Scorpio,de
CU01613,2023-12-28,Germany,43.0,Family,Organic Search,True,white,Aquarius,de
CU00498,2026-04-20,Austria,39.0,Professional,Newsletter,True,green,Taurus,de
CU02841,2025-07-21,Germany,17.0,Student,Paid Social,False,blue,Scorpio,de
CU03013,2025-06-26,Germany,18.0,Student,Paid Social,False,green,Capricorn,de
CU00516,2026-11-05,Switzerland,36.0,Professional,Direct,False,white,Pisces,de
CU01479,2024-05-28,Germany,48.0,Professional,Newsletter,False,black,Scorpio,de
CU01412,2024-09-11,Poland,35.0,Professional,Paid Social,False,black,Cancer,fr
CU01096,2026-03-18,France,46.0,Professional,Paid Social,False,black,Sagittarius,nl
CU00543,2026-04-26,Netherlands,30.0,Family,Referral,False,black,Cancer,fr
CU02505,2024-01-10,Netherlands,31.0,Professional,Referral,False,blue,Cancer,en
CU00634,2025-04-01,Germany,25.0,Student,Direct,False,green,Taurus,de
CU00432,2025-02-08,France,23.0,Student,Referral,True,black,Virgo,fr
CU02676,2025-08-19,Germany,21.0,Student,Paid Social,True,purple,Cancer,de
CU00729,2024-09-14,Germany,45.0,Professional,Direct,False,purple,Taurus,de
CU01289,2025-01-27,Germany,27.0,Professional,Paid Social,True,white,Sagittarius,de
CU02258,2024-05-17,Germany,35.0,Professional,Direct,False,purple,Virgo,de
CU00317,2026-05-29,Germany,19.0,Student,Organic Search,False,black,Gemini,de
CU01921,2025-11-07,Switzerland,24.0,Student,Direct,True,green,Scorpio,de
CU02562,2025-04-22,Germany,32.0,Family,Paid Social,False,blue,Virgo,de
CU01338,2023-07-21,Germany,19.0,Student,Referral,False,green,Libra,de
CU02878,2025-07-24,Germany,21.0,Student,Paid Social,False,blue,Capricorn,de
CU00320,2025-03-25,Germany,23.0,Student,Referral,False,green,Virgo,de
CU01032,2025-04-02,Germany,35.0,Professional,Direct,False,purple,Sagittarius,de
CU02026,2025-06-17,Austria,76.0,Senior,Paid Social,False,green,Taurus,de
CU02190,2025-07-03,Germany,23.0,Student,Referral,True,green,Leo,de
CU01111,2024-06-29,Germany,23.0,Student,Referral,False,red,Taurus,de
CU01889,2025-11-20,Germany,19.0,Student,Referral,True,blue,Aries,de
CU01528,2025-11-26,Germany,43.0,Family,Newsletter,False,green,Capricorn,de
CU00754,2025-06-23,,24.0,Student,Organic Search,True,white,Cancer,de
CU03050,2025-06-23,Austria,17.0,Professional,Paid Social,True,purple,Taurus,de
CU02629,2025-08-23,Austria,18.0,Student,Paid Social,False,blue,Leo,de
CU00563,2024-05-01,Germany,33.0,Professional,Paid Social,False,purple,Sagittarius,de
CU02447,2025-03-05,Germany,74.0,Senior,Direct,False,black,Sagittarius,de
CU00669,2024-12-17,Germany,79.0,Senior,Newsletter,True,green,Taurus,de
CU00253,2026-03-13,Netherlands,44.0,Professional,Paid Social,False,red,Sagittarius,en
CU02956,2025-07-31,Poland,17.0,Student,Paid Social,False,green,Gemini,fr
CU02517,2024-07-26,Netherlands,39.0,Professional,Referral,False,blue,Aquarius,fr
CU02963,2025-08-08,Germany,24.0,Student,Paid Social,True,blue,Gemini,de
CU00358,2023-11-25,Germany,21.0,Student,Organic Search,False,blue,Libra,de
CU01279,2025-10-03,Germany,46.0,Professional,Direct,False,red,Virgo,de
CU01301,2025-06-29,Germany,37.0,Professional,Organic Search,False,purple,Scorpio,de
CU01203,2025-01-30,Germany,20.0,Student,Paid Social,False,red,Cancer,de
CU02557,2026-03-06,Austria,47.0,Family,Organic Search,True,blue,Aquarius,de
CU02798,2025-07-18,Germany,17.0,Student,Paid Social,False,blue,Aquarius,de
CU00130,2025-10-16,Poland,40.0,Family,Paid Social,False,black,Capricorn,fr
CU00145,2026-03-12,Germany,77.0,Senior,Referral,True,black,Libra,de
CU00961,2025-07-06,Germany,19.0,Student,Paid Social,False,red,Libra,de
CU02896,2025-08-04,Germany,25.0,Student,Paid Social,False,blue,Aries,de
CU02764,2025-06-28,Germany,23.0,Student,Paid Social,False,purple,Pisces,de
CU00906,2024-10-03,France,43.0,Family,Paid Social,False,red,Gemini,en
CU01097,2026-02-10,Austria,36.0,Family,Paid Social,False,blue,Cancer,de
CU00236,2024-09-14,Germany,33.0,Professional,Paid Social,True,green,Libra,de
CU01062,2024-10-05,Austria,40.0,Professional,Newsletter,True,purple,Sagittarius,de
