order_id,product_id,quantity,unit_price_eur,discount_pct
O000001,P0089,1,75.8,0
O000002,P0020,1,48.67,0
O000003,P0043,2,15.93,0
O000004,P0019,3,225.54,0
O000004,P0110,1,231.1,0
O000005,P0083,2,45.29,0
O000005,P0139,3,117.86,0
O000005,P0047,3,22.6,0
O000005,P0092,2,9.46,0
O000006,P0004,1,203.73,0
O000006,P0013,2,237.97,0
O000007,P0022,1,535.5,0
O000007,P0019,1,225.54,0
O000008,P0055,1,21.55,0
O000009,P0106,1,93.16,0
O000010,P0014,2,280.69,10
O000010,P0073,3,99.68,10
O000011,P0105,3,192.4,0
O000011,P0023,1,234.72,0
O000012,P0020,3,48.67,0
O000013,P0019,3,225.54,0
O000013,P0006,2,317.9,0
O000014,P0047,3,22.6,0
O000015,P0149,1,21.0,0
O000016,P0009,3,879.03,0
O000016,P0074,3,26.63,0
O000016,P0051,1,37.8,0
O000017,P0093,1,36.5,40
O000018,P0033,3,58.2,0
O000018,P0008,1,47.86,0
O000018,P0124,1,16.63,0
O000018,P0081,1,38.74,0
O000019,P0031,1,100.42,15
O000020,P0027,3,261.66,0
O000020,P0016,1,490.88,0
O000021,P0074,3,26.63,0
O000022,P0024,1,70.63,0
O000023,P0072,2,22.81,0
O000023,P0024,1,70.63,0
O000024,P0053,1,79.81,0
O000024,P0033,2,58.2,0
O000025,P0012,2,202.16,0
O000025,P0039,1,35.85,0
O000026,P0042,2,94.19,0
O000027,P0085,2,72.91,0
O000028,P0120,3,233.46,0
O000028,P0093,3,36.5,0
O000028,P0041,1,240.17,0
O000028,P0044,3,96.71,0
O000029,P0044,2,96.71,0
O000029,P0136,2,64.01,0
O000030,P0040,1,12.05,0
O000031,P0068,2,23.84,40
O000031,P0021,2,103.85,40
O000031,P0112,1,121.72,40
O000032,P0079,1,21.76,10
O000032,P0054,1,22.5,10
O000033,P0094,1,42.24,0
O000034,P0134,1,14.57,0
O000034,P0077,3,86.48,0
O000034,P0051,2,37.8,0
O000034,P0038,1,11.96,0
O000035,P0150,3,28.39,0
O000035,P0047,1,22.6,0
O000036,P0037,3,46.51,0
O000037,P0079,1,21.76,0
O000037,P0010,2,261.54,0
O000038,P0136,2,64.01,0
O000038,P0018,2,103.25,0
O000039,P0067,3,20.79,0
O000040,P0012,1,202.16,0
O000041,P0146,3,36.39,0
O000041,P0030,1,111.36,0
O000042,P0114,3,30.32,0
O000043,P0005,2,105.05,0
O000043,P0094,1,42.24,0
O000043,P0080,1,52.81,0
O000043,P0093,1,36.5,0
O000044,P0071,1,88.96,0
O000045,P0069,1,25.15,10
O000045,P0082,3,69.13,10
O000046,P0055,3,21.55,0
O000046,P0104,1,56.02,0
O000046,P0065,1,128.91,0
O000047,P0105,1,192.4,0
O000048,P0086,1,7.88,0
O000049,P0032,-1,28.68,0
O000049,P0094,3,42.24,0
O000049,P0022,3,535.5,0
O000050,P0027,2,261.66,0
O000050,P0012,1,202.16,0
O000051,P0099,3,42.13,0
O000051,P0145,2,10.1,0
O000051,P0040,1,12.05,0
O000051,P0033,1,58.2,0
O000052,P0008,2,47.86,0
O000052,P0022,3,535.5,0
O000052,P0064,1,101.18,0
O000053,P0062,1,109.93,0
O000054,P0146,2,36.39,0
O000054,P0047,1,22.6,0
O000054,P0140,1,95.27,0
O000055,P0094,2,42.24,0
O000055,P0097,1,39.47,0
O000056,P0010,1,261.54,0
O000056,P0058,3,96.6,0
O000057,P0072,3,22.81,0
O000058,P0077,2,86.48,0
O000058,P0115,1,65.77,0
O000059,P0023,1,234.72,0
O000060,P0067,1,20.79,0
O000060,P0031,2,100.42,0
O000061,P0024,3,70.63,0
O000062,P0036,1,80.43,0
O000062,P0001,2,59.15,0
O000063,P0034,3,12.47,0
O000064,P0141,3,32.3,0
O000064,P0021,1,103.85,0
O000064,P0077,1,86.48,0
O000064,P0114,1,30.32,0
O000065,P0041,2,240.17,10
O000065,P0011,3,746.1,10
O000066,P0015,3,54.36,5
O000067,P0109,1,191.49,0
O000067,P0061,3,30.11,0
O000067,P0037,3,46.51,0
O000068,P0036,1,80.43,0
O000068,P0120,1,233.46,0
O000069,P0007,1,566.07,0
O000069,P0028,1,456.12,0
O000070,P0024,1,70.63,0
O000071,P0004,1,203.73,0
O000072,P0070,3,144.85,0
O000072,P0012,1,202.16,0
O000072,P0104,1,56.02,0
O000073,P0015,1,54.36,0
O000073,P0017,1,45.26,0
O000074,P0066,3,29.64,0
O000075,P0139,1,117.86,0
O000075,P0010,1,261.54,0
O000076,P0044,3,96.71,10
O000076,P0136,3,64.01,10
O000076,P0149,1,21.0,10
O000077,P0030,2,111.36,10
O000078,P0133,1,68.25,0
O000078,P0036,1,80.43,0
O000078,P0027,3,261.66,0
O000078,P0062,3,109.93,0
O000079,P0145,3,10.1,0
O000080,P0049,2,192.27,0
O000080,P0027,3,261.66,0
O000081,P0056,2,54.99,0
O000082,P0010,1,261.54,0
O000082,P0037,1,46.51,0
O000083,P0049,2,192.27,0
O000083,P0113,3,52.25,0
O000084,P0094,1,42.24,0
O000084,P0081,1,38.74,0
O000084,P0029,3,612.77,0
O000084,P0007,1,566.07,0
O000085,P0021,1,103.85,0
O000085,P0089,1,75.8,0
O000086,P0075,3,50.52,20
O000086,P0044,1,96.71,20
O000086,P0041,1,240.17,20
O000087,P0009,1,879.03,0
O000088,P0085,1,72.91,0
O000089,P0011,2,746.1,0
O000089,P0040,2,12.05,0
O000089,P0045,1,36.65,0
O000089,P0022,2,535.5,0
O000090,P0051,1,37.8,0
O000091,P0017,2,45.26,0
O000092,P0009,2,879.03,0
O000093,P0141,2,32.3,0
O000094,P0040,2,12.05,0
O000094,P0073,1,99.68,0
O000094,P0040,2,12.05,0
O000094,P0135,1,61.66,0
O000095,P0107,2,42.73,0
O000096,P0122,1,44.07,0
O000096,P0142,2,46.23,0
O000096,P0134,1,14.57,0
O000096,P0043,3,15.93,0
O000097,P0095,2,45.19,40
O000097,P0145,1,10.1,40
O000097,P0147,1,8.3,40
O000098,P0060,1,131.68,0
O000098,P0107,1,42.73,0
O000098,P0136,2,64.01,0
O000099,P0136,3,64.01,0
O000099,P0135,3,61.66,0
O000100,P0037,1,46.51,0
O000101,P0039,2,35.85,0
O000102,P0047,2,22.6,0
O000103,P0034,1,12.47,0
O000104,P0023,1,234.72,0
O000104,P0109,3,191.49,0
O000104,P0122,1,44.07,0
O000105,P0062,1,109.93,0
O000105,P0055,1,21.55,0
O000105,P0089,3,75.8,0
O000106,P0098,2,5.21,0
O000107,P0148,1,74.21,0
O000108,P0052,3,96.7,0
O000108,P0147,1,8.3,0
O000109,P0014,2,280.69,15
O000109,P0044,1,96.71,15
O000110,P0014,1,280.69,0
O000111,P0143,3,10.62,0
O000111,P0054,1,22.5,0
O000112,P0146,1,36.39,0
O000113,P0091,2,55.44,0
O000113,P0146,3,36.39,0
O000113,P0144,3,10.61,0
O000113,P0069,3,25.15,0
O000114,P0096,1,62.39,0
O000114,P0007,1,566.07,0
O000115,P0103,1,43.56,0
O000116,P0033,1,58.2,0
O000117,P0125,3,231.1,0
O000117,P0005,1,105.05,0
O000117,P0047,1,22.6,0
O000118,P0065,1,128.91,0
O000118,P0035,1,228.97,0
O000118,P0005,1,105.05,0
O000118,P0038,1,11.96,0
O000119,P0090,-1,74.94,0
O000119,P0084,1,13.25,0
O000120,P0059,2,46.72,0
O000120,P0098,2,5.21,0
O000120,P0147,1,8.3,0
O000120,P0131,3,10.19,0
O000121,P0131,1,10.19,0
O000121,P0135,1,61.66,0
O000122,P0136,2,64.01,10
O000122,P0040,3,12.05,10
O000123,P0079,1,21.76,0
O000124,P0036,1,80.43,0
O000125,P0032,2,28.68,0
O000125,P0138,2,119.25,0
O000126,P0047,1,22.6,0
O000126,P0033,2,58.2,0
O000127,P0025,1,63.7,0
O000128,P0010,3,261.54,0
O000128,P0047,1,22.6,0
O000129,P0053,2,79.81,0
O000130,P0002,3,428.99,0
O000130,P0100,3,14.85,0
O000131,P0122,1,44.07,0
O000132,P0010,3,261.54,0
O000132,P0031,1,100.42,0
O000133,P0063,1,95.57,10
O000134,P0098,3,5.21,40
O000135,P0141,2,32.3,0
O000136,P0021,1,103.85,0
O000137,P0106,1,93.16,0
O000137,P0046,3,93.34,0
O000137,P0135,1,61.66,0
O000137,P0008,3,47.86,0
O000138,P0007,2,566.07,0
O000138,P0110,1,231.1,0
O000138,P0072,2,22.81,0
O000138,P0017,2,45.26,0
O000139,P0091,2,55.44,0
O000139,P0038,1,11.96,0
O000139,P0043,2,15.93,0
O000139,P0016,1,490.88,0
O000140,P0086,3,7.88,0
O000141,P0060,1,131.68,0
O000142,P0098,1,5.21,5
O000143,P0100,1,14.85,0
O000144,P0016,1,490.88,0
O000145,P0125,3,231.1,10
O000145,P0049,3,192.27,10
O000145,P0043,1,15.93,10
O000146,P0036,1,80.43,0
O000146,P0050,1,23.7,0
O000147,P0067,2,20.79,0
O000147,P0124,1,16.63,0
O000148,P0019,1,225.54,0
O000149,P0134,1,14.57,0
O000149,P0056,1,54.99,0
O000149,P0070,3,144.85,0
O000149,P0129,1,10.47,0
O000150,P0103,1,43.56,10
O000151,P0022,1,535.5,10
O000152,P0013,2,237.97,0
O000152,P0127,3,69.7,0
O000153,P0100,1,14.85,0
O000154,P0106,1,93.16,0
O000155,P0042,2,94.19,0
O000155,P0007,3,566.07,0
O000156,P0052,1,96.7,0
O000156,P0068,1,23.84,0
O000156,P0113,1,52.25,0
O000157,P0049,1,192.27,0
O000158,P0031,1,100.42,0
O000159,P0057,1,62.31,0
O000159,P0147,3,8.3,0
O000160,P0024,2,70.63,0
O000160,P0130,1,22.25,0
O000160,P0021,1,103.85,0
O000160,P0078,1,46.55,0
O000161,P0136,1,64.01,0
O000161,P0039,3,35.85,0
O000162,P0072,1,22.81,0
O000163,P0129,3,10.47,0
O000163,P0053,3,79.81,0
O000163,P0043,2,15.93,0
O000164,P0120,1,233.46,0
O000165,P0088,2,12.2,10
O000166,P0052,3,96.7,0
O000166,P0083,1,45.29,0
O000166,P0050,2,23.7,0
O000166,P0033,2,58.2,0
O000167,P0069,1,25.15,0
O000167,P0109,1,191.49,0
O000167,P0104,3,56.02,0
O000167,P0077,1,86.48,0
O000168,P0107,1,42.73,0
O000169,P0083,1,45.29,0
O000169,P0043,3,15.93,0
O000169,P0048,1,80.09,0
O000170,P0034,1,12.47,0
O000171,P0138,1,119.25,0
O000171,P0034,1,12.47,0
O000171,P0028,3,456.12,0
O000171,P0146,1,36.39,0
O000172,P0129,1,10.47,0
O000173,P0054,2,22.5,0
O000173,P0059,1,46.72,0
O000174,P0007,1,566.07,0
O000175,P0023,1,234.72,0
O000176,P0072,1,22.81,0
O000176,P0075,1,50.52,0
O000177,P0010,3,261.54,0
O000178,P0056,1,54.99,20
O000179,P0044,2,96.71,0
O000180,P0134,1,14.57,0
O000181,P0014,1,280.69,0
O000181,P0089,2,75.8,0
O000182,P0011,1,746.1,0
O000183,P0116,1,64.62,0
O000184,P0009,3,879.03,0
O000185,P0026,1,143.66,0
O000186,P0020,3,48.67,0
O000187,P0077,1,86.48,0
O000188,P0064,1,101.18,0
O000189,P0129,1,10.47,0
O000189,P0004,1,203.73,0
O000189,P0004,1,203.73,0
O000189,P0008,2,47.86,0
O000190,P0055,2,21.55,0
O000191,P0062,2,109.93,0
O000191,P0138,3,119.25,0
O000191,P0064,3,101.18,0
O000192,P0064,3,101.18,0
O000193,P0053,3,79.81,0
O000194,P0005,2,105.05,0
O000194,P0145,1,10.1,0
O000195,P0073,1,99.68,0
O000195,P0041,2,240.17,0
O000195,P0037,1,46.51,0
O000195,P0061,1,30.11,0
O000196,P0045,1,36.65,0
O000197,P0104,1,56.02,0
O000198,P0060,1,131.68,0
O000198,P0071,3,88.96,0
O000198,P0045,3,36.65,0
O000198,P0117,1,37.62,0
O000199,P0030,1,111.36,0
O000199,P0103,2,43.56,0
O000200,P0091,1,55.44,0
O000200,P0005,2,105.05,0
O000201,P0023,2,234.72,0
O000202,P0148,3,74.21,0
O000202,P0068,1,23.84,0
O000202,P0044,1,96.71,0
O000203,P0106,2,93.16,0
O000203,P0113,1,52.25,0
O000203,P0041,2,240.17,0
O000203,P0081,3,38.74,0
O000204,P0072,3,22.81,0
O000204,P0101,0,12.63,0
O000204,P0099,1,42.13,0
O000204,P0064,1,101.18,0
O000205,P0071,1,88.96,0
O000205,P0140,1,95.27,0
O000205,P0111,1,68.84,0
O000206,P0052,2,96.7,0
O000206,P0032,3,28.68,0
O000207,P0145,1,10.1,0
O000207,P0134,3,14.57,0
O000207,P0034,1,12.47,0
O000208,P0072,3,22.81,10
O000208,P0041,1,240.17,10
O000209,P0123,1,13.17,0
O000210,P0001,1,59.15,0
O000211,P0044,2,96.71,0
O000211,P0109,2,191.49,0
O000212,P0039,2,35.85,10
O000213,P0068,1,23.84,0
O000213,P0108,3,153.58,0
O000213,P0031,1,100.42,0
O000214,P0138,1,119.25,0
O000215,P0148,2,74.21,0
O000216,P0050,1,23.7,0
O000216,P0128,1,40.97,0
O000217,P0040,1,12.05,0
O000217,P0148,1,74.21,0
O000217,P0138,3,119.25,0
O000217,P0052,2,96.7,0
O000218,P0028,1,456.12,0
O000218,P0132,1,9.56,0
O000218,P0075,1,50.52,0
O000218,P0149,1,21.0,0
O000219,P0071,2,88.96,0
O000220,P0075,1,50.52,0
O000220,P0011,3,746.1,0
O000221,P0036,1,80.43,0
O000222,P0075,3,50.52,0
O000222,P0090,1,74.94,0
O000222,P0013,1,237.97,0
O000223,P0036,3,80.43,0
O000224,P0113,3,52.25,0
O000225,P0093,1,36.5,0
O000225,P0112,1,121.72,0
O000226,P0072,1,22.81,0
O000226,P0108,1,153.58,0
O000226,P0021,1,103.85,0
O000226,P0049,2,192.27,0
O000227,P0062,1,109.93,0
O000227,P0078,1,46.55,0
O000228,P0004,1,203.73,0
O000229,P0004,2,203.73,0
O000229,P0107,1,42.73,0
O000230,P0072,3,22.81,0
O000231,P0057,1,62.31,0
O000231,P0063,2,95.57,0
O000232,P0107,1,42.73,0
O000232,P0094,1,42.24,0
O000232,P0024,1,70.63,0
O000232,P0050,2,23.7,0
O000233,P0056,1,54.99,0
O000234,P0016,2,490.88,0
O000235,P0041,1,240.17,0
O000236,P0007,1,566.07,0
O000237,P0145,1,10.1,0
O000237,P0016,1,490.88,0
O000238,P0128,1,40.97,0
O000238,P0129,1,10.47,0
O000239,P0144,3,10.61,0
O000240,P0052,3,96.7,0
O000241,P0134,1,14.57,0
O000241,P0086,1,7.88,0
O000242,P0089,3,75.8,10
O000242,P0124,1,16.63,10
O000243,P0141,3,32.3,0
O000243,P0137,1,9.05,0
O000243,P0081,1,38.74,0
O000243,P0064,2,101.18,0
O000244,P0042,3,94.19,0
O000244,P0124,3,16.63,0
O000245,P0048,1,80.09,0
O000245,P0134,3,14.57,0
O000246,P0145,1,10.1,0
O000246,P0097,2,39.47,0
O000247,P0150,1,28.39,0
O000248,P0049,1,192.27,0
O000248,P0046,1,93.34,0
O000249,P0134,2,14.57,5
O000249,P0061,3,30.11,5
O000249,P0132,1,9.56,5
O000249,P0088,1,12.2,5
O000250,P0039,2,35.85,0
O000250,P0028,1,456.12,0
O000250,P0141,3,32.3,0
O000250,P0028,1,456.12,0
O000251,P0049,1,192.27,0
O000251,P0034,1,12.47,0
O000251,P0150,3,28.39,0
O000251,P0125,3,231.1,0
O000252,P0006,2,317.9,0
O000252,P0039,1,35.85,0
O000253,P0130,1,22.25,0
O000254,P0049,3,192.27,0
O000254,P0072,3,22.81,0
O000254,P0140,3,95.27,0
O000255,P0115,3,65.77,0
O000256,P0121,1,35.48,0
O000256,P0145,1,10.1,0
O000257,P0093,3,36.5,0
O000258,P0108,1,153.58,0
O000258,P0111,1,68.84,0
O000258,P0061,1,30.11,0
O000259,P0054,3,22.5,0
O000259,P0063,1,95.57,0
O000260,P0122,1,44.07,0
O000260,P0044,1,96.71,0
O000261,P0130,2,22.25,0
O000262,P0114,1,30.32,0
O000262,P0119,1,111.41,0
O000263,P0039,1,35.85,0
O000263,P0132,3,9.56,0
O000263,P0069,1,25.15,0
O000263,P0064,1,101.18,0
O000264,P0033,1,58.2,0
O000264,P0057,1,62.31,0
O000264,P0130,1,22.25,0
O000264,P0116,3,64.62,0
O000265,P0120,2,233.46,0
O000265,P0045,3,36.65,0
O000265,P0042,2,94.19,0
O000266,P0048,1,80.09,40
O000267,P0115,3,65.77,0
O000268,P0039,1,35.85,0
O000269,P0126,1,119.65,0
O000270,P0044,1,96.71,5
O000270,P0122,1,44.07,5
O000271,P0068,2,23.84,5
O000271,P0070,3,144.85,5
O000272,P0122,1,44.07,0
O000272,P0133,2,68.25,0
O000273,P0090,2,74.94,0
O000274,P0111,1,68.84,0
O000274,P0113,2,52.25,0
O000275,P0053,2,79.81,0
O000275,P0082,1,69.13,0
O000276,P0019,1,225.54,0
O000276,P0139,3,117.86,0
O000277,P0065,1,128.91,0
O000277,P0132,1,9.56,0
O000278,P0131,3,10.19,10
O000279,P0138,1,119.25,0
O000280,P0100,2,14.85,0
O000280,P0141,1,32.3,0
O000281,P0059,1,46.72,0
O000281,P0059,1,46.72,0
O000282,P0074,1,26.63,10
O000283,P0132,1,9.56,0
O000283,P0049,2,192.27,0
O000283,P0068,1,23.84,0
O000284,P0128,1,40.97,0
O000285,P0131,3,10.19,0
O000285,P0016,3,490.88,0
O000286,P0005,1,105.05,0
O000286,P0073,1,99.68,0
O000286,P0063,1,95.57,0
O000287,P0002,3,428.99,0
O000287,P0074,1,26.63,0
O000287,P0076,1,53.1,0
O000287,P0064,1,101.18,0
O000288,P0084,3,13.25,0
O000288,P0004,1,203.73,0
O000289,P0115,3,65.77,0
O000290,P0063,3,95.57,0
O000290,P0041,2,240.17,0
O000291,P0130,1,22.25,0
O000291,P0087,3,72.97,0
O000291,P0007,2,566.07,0
O000292,P0087,3,72.97,0
O000293,P0063,1,95.57,0
O000294,P0144,2,10.61,0
O000294,P0052,1,96.7,0
O000295,P0066,1,29.64,0
O000296,P0090,3,74.94,0
O000297,P0047,1,22.6,0
O000297,P0019,3,225.54,0
O000298,P0032,1,28.68,0
O000299,P0051,1,37.8,0
O000300,P0071,1,88.96,0
O000300,P0145,1,10.1,0
O000300,P0099,1,42.13,0
O000301,P0049,1,192.27,0
O000301,P0014,1,280.69,0
O000302,P0013,3,237.97,0
O000303,P0035,2,228.97,0
O000304,P0070,2,144.85,0
O000305,P0005,1,105.05,0
O000306,P0043,1,15.93,0
O000307,P0024,3,70.63,0
O000307,P0058,1,96.6,0
O000307,P0057,1,62.31,0
O000308,P0147,1,8.3,0
O000308,P0013,1,237.97,0
O000309,P0116,2,64.62,0
O000309,P0055,3,21.55,0
O000309,P0092,3,9.46,0
O000310,P0111,1,68.84,0
O000310,P0059,3,46.72,0
O000310,P0001,1,59.15,0
O000311,P0015,1,54.36,0
O000311,P0026,1,143.66,0
O000311,P0010,2,261.54,0
O000311,P0014,2,280.69,0
O000312,P0066,1,29.64,0
O000312,P0058,2,96.6,0
O000313,P0140,1,95.27,0
O000313,P0028,1,456.12,0
O000313,P0090,1,74.94,0
O000314,P0070,3,144.85,40
O000315,P0047,3,22.6,0
O000315,P0007,3,566.07,0
O000315,P0013,1,237.97,0
O000315,P0061,1,30.11,0
O000316,P0053,3,79.81,0
O000317,P0105,2,192.4,0
O000318,P0025,1,63.7,0
O000319,P0063,2,95.57,0
O000319,P0045,1,36.65,0
O000319,P0134,3,14.57,0
O000320,P0035,1,228.97,0
O000320,P0014,1,280.69,0
O000321,P0024,1,70.63,0
O000322,P0023,1,234.72,0
O000323,P0110,2,231.1,0
O000324,P0014,1,280.69,0
O000324,P0080,1,52.81,0
O000325,P0127,3,69.7,0
O000326,P0023,3,234.72,0
O000327,P0077,1,86.48,0
O000328,P0127,1,69.7,10
O000329,P0016,1,490.88,0
O000330,P0023,1,234.72,0
O000330,P0039,1,35.85,0
O000331,P0089,1,75.8,0
O000331,P0126,1,119.65,0
O000332,P0049,1,192.27,0
O000332,P0105,1,192.4,0
O000332,P0125,1,231.1,0
O000332,P0035,1,228.97,0
O000333,P0028,1,456.12,0
O000334,P0134,1,14.57,0
O000335,P0092,1,9.46,0
O000335,P0089,1,75.8,0
O000336,P0016,1,490.88,0
O000336,P0068,1,23.84,0
O000337,P0043,2,15.93,0
O000337,P0099,1,42.13,0
O000338,P0140,3,95.27,0
O000338,P0056,3,54.99,0
O000339,P0018,1,103.25,10
O000339,P0062,2,109.93,10
O000339,P0056,2,54.99,10
O000340,P0112,1,121.72,0
O000340,P0136,1,64.01,0
O000340,P0051,1,37.8,0
O000341,P0140,1,95.27,10
O000341,P0139,1,117.86,10
O000342,P0136,1,64.01,0
O000342,P0074,2,26.63,0
O000342,P0058,2,96.6,0
O000342,P0021,3,103.85,0
O000343,P0036,1,80.43,0
O000344,P0077,1,86.48,0
O000345,P0061,1,30.11,0
O000346,P0109,2,191.49,15
O000347,P0024,3,70.63,0
O000347,P0056,0,54.99,0
O000348,P0075,1,50.52,40
O000349,P0007,3,566.07,0
O000349,P0123,1,13.17,0
O000349,P0030,3,111.36,0
O000350,P0078,3,46.55,0
O000350,P0077,2,86.48,0
O000351,P0064,2,101.18,0
O000351,P0071,3,88.96,0
O000352,P0055,1,21.55,0
O000352,P0047,1,22.6,0
O000352,P0033,1,58.2,0
O000352,P0004,1,203.73,0
O000353,P0106,3,93.16,0
O000353,P0031,3,100.42,0
O000353,P0026,3,143.66,0
O000353,P0115,1,65.77,0
O000354,P0033,1,58.2,0
O000354,P0077,1,86.48,0
O000355,P0019,1,225.54,0
O000356,P0068,1,23.84,0
O000356,P0070,1,144.85,0
O000356,P0117,2,37.62,0
O000356,P0033,2,58.2,0
O000357,P0112,3,121.72,0
O000357,P0036,3,80.43,0
O000358,P0041,1,240.17,0
O000359,P0067,1,20.79,0
O000359,P0144,1,10.61,0
O000359,P0012,1,202.16,0
O000359,P0120,1,233.46,0
O000360,P0088,1,12.2,0
O000361,P0016,1,490.88,0
O000361,P0027,3,261.66,0
O000361,P0068,1,23.84,0
O000362,P0099,1,42.13,0
O000362,P0112,1,121.72,0
O000363,P0048,2,80.09,0
O000364,P0121,1,35.48,0
O000365,P0131,1,10.19,0
O000365,P0018,2,103.25,0
O000365,P0009,1,879.03,0
O000366,P0131,2,10.19,0
O000366,P0023,3,234.72,0
O000366,P0074,1,26.63,0
O000366,P0139,3,117.86,0
O000367,P0038,1,11.96,0
O000367,P0092,3,9.46,0
O000368,P0009,2,879.03,0
O000368,P0004,2,203.73,0
O000368,P0024,3,70.63,0
O000368,P0052,1,96.7,0
O000369,P0042,1,94.19,0
O000370,P0019,1,225.54,0
O000371,P0012,2,202.16,0
O000372,P0124,3,16.63,0
O000373,P0071,1,88.96,0
O000373,P0003,1,70.0,0
O000373,P0043,1,15.93,0
O000374,P0012,2,202.16,0
O000374,P0056,1,54.99,0
O000374,P0092,1,9.46,0
O000375,P0095,1,45.19,0
O000375,P0053,1,79.81,0
O000376,P0068,1,23.84,15
O000376,P0031,1,100.42,15
O000376,P0014,1,280.69,15
O000376,P0107,1,42.73,15
O000377,P0034,2,12.47,0
O000377,P0054,3,22.5,0
O000378,P0080,3,52.81,0
O000379,P0037,3,46.51,0
O000380,P0011,1,746.1,0
O000380,P0068,1,23.84,0
O000380,P0021,1,103.85,0
O000381,P0069,1,25.15,10
O000382,P0099,1,42.13,0
O000383,P0077,1,86.48,20
O000383,P0019,1,225.54,20
O000383,P0021,2,103.85,20
O000384,P0119,1,111.41,0
O000384,P0060,3,131.68,0
O000385,P0140,1,95.27,10
O000386,P0060,3,131.68,0
O000386,P0033,1,58.2,0
O000387,P0046,3,93.34,0
O000388,P0063,1,95.57,0
O000388,P0065,1,128.91,0
O000388,P0122,1,44.07,0
O000388,P0010,1,261.54,0
O000389,P0053,1,79.81,0
O000389,P0065,3,128.91,0
O000390,P0006,1,317.9,0
O000390,P0040,1,12.05,0
O000391,P0098,1,5.21,0
O000392,P0078,1,46.55,0
O000392,P0060,1,131.68,0
O000392,P0005,1,105.05,0
O000393,P0094,1,42.24,0
O000394,P0119,2,111.41,0
O000394,P0106,3,93.16,0
O000395,P0063,2,95.57,0
O000396,P0034,3,12.47,10
O000397,P0148,3,74.21,0
O000397,P0064,2,101.18,0
O000398,P0064,1,101.18,0
O000398,P0086,1,7.88,0
O000399,P0133,2,68.25,0
O000399,P0064,1,101.18,0
O000399,P0138,1,119.25,0
O000399,P0034,2,12.47,0
O000400,P0139,2,117.86,0
O000400,P0076,1,53.1,0
O000400,P0060,1,131.68,0
O000400,P0128,3,40.97,0
O000401,P0137,1,9.05,0
O000401,P0035,1,228.97,0
O000402,P0038,1,11.96,0
O000402,P0121,1,35.48,0
O000403,P0002,1,428.99,0
O000404,P0128,3,40.97,0
O000404,P0137,1,9.05,0
O000404,P0117,1,37.62,0
O000405,P0052,1,96.7,0
O000405,P0074,2,26.63,0
O000406,P0081,1,38.74,0
O000406,P0062,3,109.93,0
O000406,P0052,1,96.7,0
O000407,P0076,3,53.1,0
O000407,P0048,1,80.09,0
O000408,P0039,2,35.85,0
O000409,P0060,1,131.68,20
O000409,P0149,1,21.0,20
O000409,P0114,1,30.32,20
O000410,P0106,3,93.16,0
O000410,P0073,2,99.68,0
O000410,P0148,1,74.21,0
O000410,P0052,3,96.7,0
O000411,P0138,1,119.25,0
O000412,P0062,3,109.93,0
O000413,P0143,2,10.62,0
O000414,P0038,2,11.96,0
O000415,P0046,1,93.34,0
O000415,P0018,1,103.25,0
O000415,P0050,1,23.7,0
O000416,P0043,1,15.93,0
O000417,P0093,1,36.5,0
O000417,P0097,1,39.47,0
O000417,P0057,1,62.31,0
O000418,P0052,1,96.7,0
O000418,P0037,3,46.51,0
O000418,P0034,1,12.47,0
O000418,P0040,2,12.05,0
O000419,P0118,2,60.49,0
O000420,P0026,3,143.66,0
O000421,P0005,3,105.05,0
O000422,P0098,1,5.21,0
O000422,P0114,1,30.32,0
O000422,P0030,1,111.36,0
O000422,P0126,1,119.65,0
O000423,P0020,1,48.67,0
O000424,P0114,1,30.32,0
O000424,P0088,1,12.2,0
O000425,P0021,1,103.85,0
O000426,P0021,2,103.85,0
O000427,P0048,1,80.09,0
O000428,P0012,2,202.16,10
O000428,P0047,1,22.6,10
O000428,P0024,1,70.63,10
O000428,P0079,1,21.76,10
O000429,P0145,3,10.1,0
O000430,P0048,2,80.09,15
O000430,P0088,1,12.2,15
O000431,P0074,1,26.63,0
O000432,P0014,1,280.69,0
O000432,P0017,1,45.26,0
O000433,P0064,1,101.18,0
O000433,P0041,2,240.17,0
O000433,P0041,2,240.17,0
O000433,P0062,1,109.93,0
O000434,P0035,1,228.97,0
O000435,P0111,2,68.84,0
O000435,P0121,1,35.48,0
O000435,P0003,1,70.0,0
O000435,P0127,2,69.7,0
O000436,P0016,2,490.88,0
O000437,P0028,1,456.12,0
O000437,P0045,1,36.65,0
O000437,P0104,2,56.02,0
O000438,P0118,1,60.49,0
O000438,P0060,3,131.68,0
O000438,P0059,3,46.72,0
O000439,P0022,2,535.5,0
O000440,P0027,2,261.66,0
O000440,P0124,1,16.63,0
O000440,P0085,2,72.91,0
O000441,P0089,3,75.8,0
O000441,P0110,1,231.1,0
O000442,P0025,1,63.7,0
O000442,P0068,3,23.84,0
O000442,P0054,3,22.5,0
O000443,P0057,1,62.31,0
O000443,P0102,1,6.1,0
O000444,P0097,1,39.47,0
O000445,P0116,1,64.62,0
O000446,P0051,1,37.8,0
O000446,P0027,2,261.66,0
O000446,P0067,1,20.79,0
O000446,P0053,1,79.81,0
O000447,P0012,2,202.16,0
O000448,P0024,1,70.63,0
O000448,P0042,3,94.19,0
O000449,P0032,2,28.68,0
O000449,P0045,3,36.65,0
O000449,P0038,2,11.96,0
O000450,P0086,3,7.88,0
O000450,P0126,2,119.65,0
O000451,P0031,2,100.42,0
O000451,P0118,1,60.49,0
O000451,P0109,1,191.49,0
O000451,P0116,0,64.62,0
O000452,P0026,3,143.66,0
O000452,P0039,1,35.85,0
O000453,P0128,1,40.97,0
O000453,P0136,1,64.01,0
O000453,P0138,1,119.25,0
O000453,P0135,1,61.66,0
O000454,P0144,1,10.61,0
O000454,P0050,1,23.7,0
O000455,P0071,1,88.96,0
O000455,P0041,1,240.17,0
O000455,P0058,2,96.6,0
O000456,P0053,2,79.81,0
O000457,P0131,2,10.19,0
O000457,P0032,1,28.68,0
O000457,P0069,3,25.15,0
O000457,P0050,1,23.7,0
O000458,P0138,2,119.25,0
O000459,P0057,1,62.31,0
O000459,P0007,2,566.07,0
O000459,P0139,1,117.86,0
O000460,P0147,2,8.3,0
O000460,P0034,2,12.47,0
O000461,P0130,2,22.25,0
O000461,P0137,3,9.05,0
O000461,P0144,1,10.61,0
O000462,P0044,1,96.71,0
O000462,P0037,1,46.51,0
O000462,P0073,1,99.68,0
O000463,P0037,3,46.51,0
O000463,P0134,1,14.57,0
O000463,P0061,3,30.11,0
O000464,P0071,1,88.96,0
O000464,P0026,2,143.66,0
O000465,P0011,3,746.1,0
O000465,P0149,1,21.0,0
O000466,P0084,2,13.25,0
O000467,P0021,2,103.85,0
O000467,P0075,1,50.52,0
O000467,P0018,1,103.25,0
O000468,P0030,1,111.36,0
O000468,P0018,1,103.25,0
O000468,P0029,2,612.77,0
O000468,P0045,1,36.65,0
O000469,P0130,1,22.25,10
O000470,P0018,2,103.25,0
O000471,P0065,1,128.91,0
O000472,P0019,1,225.54,20
O000473,P0021,2,103.85,0
O000474,P0070,1,144.85,10
O000475,P0050,2,23.7,0
O000476,P0045,3,36.65,0
O000476,P0110,3,231.1,0
O000477,P0063,1,95.57,0
O000478,P0058,1,96.6,0
O000478,P0004,2,203.73,0
O000478,P0033,1,58.2,0
O000479,P0118,2,60.49,0
O000479,P0007,1,566.07,0
O000479,P0131,3,10.19,0
O000480,P0076,1,53.1,5
O000481,P0105,1,192.4,5
O000482,P0074,1,26.63,40
O000482,P0051,1,37.8,40
O000482,P0013,1,237.97,40
O000482,P0021,1,103.85,40
O000483,P0099,1,42.13,0
O000484,P0054,2,22.5,20
O000484,P0015,1,54.36,20
O000485,P0051,1,37.8,0
O000485,P0100,3,14.85,0
O000485,P0009,2,879.03,0
O000485,P0027,2,261.66,0
O000486,P0044,1,96.71,0
O000487,P0144,3,10.61,0
O000488,P0097,1,39.47,10
O000488,P0133,3,68.25,10
O000489,P0048,1,80.09,0
O000489,P0077,1,86.48,0
O000490,P0020,1,48.67,10
O000490,P0150,1,28.39,10
O000491,P0013,1,237.97,0
O000491,P0075,1,50.52,0
O000491,P0061,3,30.11,0
O000491,P0023,3,234.72,0
O000492,P0120,3,233.46,0
O000492,P0005,2,105.05,0
O000492,P0043,1,15.93,0
O000492,P0078,1,46.55,0
O000493,P0016,1,490.88,0
O000493,P0020,2,48.67,0
O000493,P0020,1,48.67,0
O000493,P0024,1,70.63,0
O000494,P0031,1,100.42,0
O000494,P0004,3,203.73,0
O000495,P0058,2,96.6,0
O000496,P0013,1,237.97,0
O000496,P0044,1,96.71,0
O000497,P0064,2,101.18,0
O000497,P0034,1,12.47,0
O000497,P0139,1,117.86,0
O000498,P0032,1,28.68,10
O000498,P0039,1,35.85,10
O000499,P0041,2,240.17,0
O000500,P0032,3,28.68,0
O000500,P0017,1,45.26,0
O000500,P0127,1,69.7,0
O000500,P0140,1,95.27,0
O000501,P0139,1,117.86,20
O000501,P0080,1,52.81,20
O000502,P0128,1,40.97,0
O000502,P0089,3,75.8,0
O000502,P0139,1,117.86,0
O000502,P0049,3,192.27,0
O000503,P0129,1,10.47,0
O000504,P0019,1,225.54,0
O000504,P0092,1,9.46,0
O000505,P0120,1,233.46,0
O000505,P0133,1,68.25,0
O000505,P0069,2,25.15,0
O000506,P0106,3,93.16,0
O000506,P0095,1,45.19,0
O000506,P0030,1,111.36,0
O000507,P0108,1,153.58,0
O000508,P0062,1,109.93,0
O000509,P0001,1,59.15,0
O000509,P0079,1,21.76,0
O000510,P0012,1,202.16,0
O000510,P0060,3,131.68,0
O000511,P0059,3,46.72,0
O000511,P0020,3,48.67,0
O000511,P0106,3,93.16,0
O000511,P0116,1,64.62,0
O000512,P0024,1,70.63,20
O000513,P0041,1,240.17,10
O000513,P0029,1,612.77,10
O000513,P0058,1,96.6,10
O000513,P0028,1,456.12,10
O000514,P0139,2,117.86,0
O000514,P0110,1,231.1,0
O000514,P0075,1,50.52,0
O000514,P0137,3,9.05,0
O000515,P0046,2,93.34,0
O000515,P0101,1,12.63,0
O000516,P0052,2,96.7,0
O000516,P0075,1,50.52,0
O000516,P0075,1,50.52,0
O000516,P0055,1,21.55,0
O000517,P0053,3,79.81,0
O000517,P0072,2,22.81,0
O000518,P0053,3,79.81,0
O000519,P0062,1,109.93,0
O000519,P0125,1,231.1,0
O000519,P0086,1,7.88,0
O000520,P0075,1,50.52,0
O000520,P0008,3,47.86,0
O000521,P0022,2,535.5,0
O000521,P0029,3,612.77,0
O000521,P0004,2,203.73,0
O000521,P0004,3,203.73,0
O000522,P0127,3,69.7,0
O000523,P0058,2,96.6,0
O000524,P0143,1,10.62,0
O000525,P0127,1,69.7,0
O000525,P0105,1,192.4,0
O000525,P0060,1,131.68,0
O000526,P0116,2,64.62,0
O000526,P0064,3,101.18,0
O000527,P0118,2,60.49,0
O000528,P0147,3,8.3,0
O000529,P0032,1,28.68,0
O000530,P0082,3,69.13,0
O000531,P0133,1,68.25,0
O000532,P0073,1,99.68,0
O000533,P0117,3,37.62,0
O000534,P0046,1,93.34,0
O000535,P0144,1,10.61,0
O000535,P0150,3,28.39,0
O000535,P0114,1,30.32,0
O000535,P0006,3,317.9,0
O000536,P0101,1,12.63,5
O000537,P0135,2,61.66,0
O000538,P0063,1,95.57,0
O000538,P0062,3,109.93,0
O000538,P0034,1,12.47,0
O000539,P0065,3,128.91,0
O000539,P0075,1,50.52,0
O000539,P0143,1,10.62,0
O000540,P0035,1,228.97,10
O000541,P0140,1,95.27,0
O000541,P0043,1,15.93,0
O000541,P0135,2,61.66,0
O000541,P0008,2,47.86,0
O000542,P0072,2,22.81,0
O000542,P0004,1,203.73,0
O000542,P0077,1,86.48,0
O000542,P0056,1,54.99,0
O000543,P0056,1,54.99,0
O000543,P0097,3,39.47,0
O000544,P0014,3,280.69,0
O000544,P0033,3,58.2,0
O000545,P0132,2,9.56,0
O000545,P0057,1,62.31,0
O000545,P0072,3,22.81,0
O000545,P0048,1,80.09,0
O000546,P0099,1,42.13,0
O000546,P0122,1,44.07,0
O000547,P0005,1,105.05,40
O000548,P0086,1,7.88,10
O000548,P0046,3,93.34,10
O000548,P0101,1,12.63,10
O000548,P0100,1,14.85,10
O000549,P0032,1,28.68,0
O000550,P0080,1,52.81,0
O000550,P0080,1,52.81,0
O000550,P0106,1,93.16,0
O000550,P0124,2,16.63,0
O000551,P0054,2,22.5,0
O000551,P0070,1,144.85,0
O000551,P0036,2,80.43,0
O000551,P0137,1,9.05,0
O000552,P0041,1,240.17,0
O000552,P0008,1,47.86,0
O000553,P0100,1,0.0,0
O000553,P0135,1,61.66,0
O000553,P0007,1,566.07,0
O000554,P0067,1,20.79,0
O000555,P0017,3,45.26,0
O000555,P0028,1,456.12,0
O000555,P0069,1,25.15,0
O000556,P0024,3,70.63,0
O000557,P0013,1,237.97,0
O000558,P0006,1,317.9,0
O000559,P0055,3,21.55,0
O000559,P0006,3,317.9,0
O000559,P0006,2,317.9,0
O000559,P0007,3,566.07,0
O000560,P0017,1,45.26,0
O000561,P0075,3,50.52,0
O000561,P0025,3,63.7,0
O000561,P0092,3,9.46,0
O000561,P0139,1,117.86,0
O000562,P0076,2,53.1,0
O000562,P0015,1,54.36,0
O000562,P0109,1,191.49,0
O000563,P0017,1,45.26,0
O000563,P0012,3,202.16,0
O000563,P0076,2,53.1,0
O000564,P0091,1,55.44,0
O000564,P0039,2,35.85,0
O000564,P0012,3,202.16,0
O000564,P0081,1,38.74,0
O000565,P0001,3,59.15,0
O000565,P0090,1,74.94,0
O000565,P0007,2,566.07,0
O000566,P0034,1,12.47,0
O000566,P0062,3,109.93,0
O000566,P0019,1,225.54,0
O000567,P0146,1,36.39,0
O000568,P0064,1,101.18,0
O000569,P0001,1,59.15,0
O000569,P0097,3,39.47,0
O000569,P0038,1,11.96,0
O000569,P0032,1,28.68,0
O000570,P0145,1,10.1,0
O000571,P0040,1,12.05,0
O000571,P0143,3,10.62,0
O000572,P0109,1,191.49,10
O000572,P0001,1,59.15,10
O000572,P0017,3,45.26,10
O000573,P0072,1,22.81,0
O000574,P0047,1,22.6,0
O000574,P0012,1,202.16,0
O000575,P0064,2,101.18,0
O000576,P0076,1,53.1,0
O000577,P0098,2,5.21,0
O000577,P0060,1,131.68,0
O000578,P0008,3,47.86,0
O000578,P0025,3,63.7,0
O000579,P0070,1,144.85,0
O000580,P0139,3,117.86,40
O000580,P0141,1,32.3,40
O000581,P0135,1,61.66,0
O000581,P0035,1,228.97,0
O000582,P0123,1,13.17,0
O000583,P0048,1,80.09,0
O000583,P0128,2,40.97,0
O000584,P0139,3,117.86,0
O000584,P0007,1,566.07,0
O000585,P0049,3,192.27,10
O000586,P0030,3,111.36,0
O000587,P0128,1,40.97,0
O000587,P0149,1,21.0,0
O000588,P0070,1,144.85,0
O000589,P0058,1,96.6,0
O000590,P0046,3,93.34,0
O000591,P0035,1,228.97,0
O000591,P0032,2,28.68,0
O000592,P0042,1,94.19,0
O000592,P0042,1,94.19,0
O000593,P0006,1,317.9,0
O000594,P0060,3,131.68,0
O000595,P0135,2,61.66,0
O000595,P0001,2,59.15,0
O000596,P0009,1,879.03,0
O000597,P0141,2,32.3,0
O000597,P0012,1,202.16,0
O000598,P0068,1,23.84,0
O000598,P0017,1,45.26,0
O000599,P0055,1,21.55,0
O000600,P0117,1,37.62,0
O000600,P0116,1,64.62,0
O000601,P0012,3,202.16,0
O000602,P0050,2,23.7,20
O000602,P0119,1,111.41,20
O000603,P0114,1,30.32,0
O000604,P0049,1,192.27,0
O000605,P0058,1,96.6,0
O000605,P0023,2,234.72,0
O000605,P0140,1,95.27,0
O000605,P0123,2,13.17,0
O000606,P0014,2,280.69,0
O000606,P0006,2,317.9,0
O000606,P0037,1,46.51,0
O000607,P0081,2,38.74,0
O000608,P0100,2,14.85,0
O000609,P0012,2,202.16,10
O000610,P0092,1,9.46,0
O000611,P0051,2,37.8,0
O000612,P0020,1,48.67,0
O000613,P0060,3,131.68,0
O000613,P0037,1,46.51,0
O000614,P0008,2,47.86,10
O000614,P0007,2,566.07,10
O000615,P0008,3,47.86,0
O000616,P0008,1,47.86,0
O000617,P0065,1,128.91,10
O000618,P0033,1,58.2,0
O000619,P0100,2,14.85,0
O000620,P0021,1,103.85,0
O000621,P0130,3,22.25,0
O000622,P0037,1,46.51,5
O000622,P0129,1,10.47,5
O000622,P0101,1,12.63,5
O000622,P0115,3,65.77,5
O000623,P0031,1,100.42,0
O000624,P0058,3,96.6,0
O000625,P0129,3,10.47,0
O000625,P0150,3,28.39,0
O000626,P0092,1,9.46,10
O000626,P0110,1,231.1,10
O000627,P0041,3,240.17,0
O000628,P0042,1,94.19,0
O000629,P0063,1,95.57,0
O000629,P0006,2,317.9,0
O000629,P0041,3,240.17,0
O000629,P0029,1,612.77,0
O000630,P0091,-1,55.44,0
O000630,P0033,3,0.0,0
O000630,P0074,2,26.63,0
O000630,P0054,2,22.5,0
O000631,P0147,1,8.3,0
O000631,P0125,1,231.1,0
O000631,P0123,1,13.17,0
O000632,P0139,2,117.86,0
O000632,P0008,2,47.86,0
O000633,P0046,1,93.34,0
O000633,P0053,2,79.81,0
O000634,P0054,1,22.5,0
O000635,P0048,1,80.09,0
O000636,P0060,1,131.68,0
O000636,P0006,3,317.9,0
O000636,P0056,2,54.99,0
O000636,P0103,1,43.56,0
O000637,P0101,1,12.63,10
O000637,P0116,3,64.62,10
O000637,P0052,1,96.7,10
O000637,P0025,1,63.7,10
O000638,P0047,3,22.6,5
O000639,P0012,1,202.16,20
O000639,P0024,3,70.63,20
O000640,P0074,2,26.63,0
O000641,P0116,1,64.62,0
O000642,P0015,3,54.36,0
O000643,P0038,2,11.96,0
O000644,P0092,1,9.46,0
O000645,P0008,2,47.86,0
O000646,P0010,1,261.54,0
O000646,P0076,1,53.1,0
O000647,P0074,2,26.63,0
O000647,P0034,1,12.47,0
O000648,P0002,3,428.99,0
O000648,P0063,1,95.57,0
O000648,P0055,1,21.55,0
O000648,P0136,1,64.01,0
O000649,P0102,3,6.1,0
O000649,P0006,1,317.9,0
O000650,P0008,1,47.86,0
O000651,P0015,1,54.36,0
O000652,P0098,1,5.21,0
O000652,P0110,1,231.1,0
O000653,P0140,1,95.27,10
O000653,P0059,1,46.72,10
O000653,P0058,1,96.6,10
O000654,P0051,1,37.8,0
O000654,P0012,1,202.16,0
O000655,P0049,1,192.27,0
O000656,P0141,1,32.3,0
O000656,P0110,1,231.1,0
O000656,P0033,3,58.2,0
O000656,P0082,3,69.13,0
O000657,P0136,3,64.01,0
O000658,P0117,1,37.62,10
O000658,P0138,1,119.25,10
O000658,P0136,2,64.01,10
O000659,P0046,2,93.34,0
O000659,P0110,1,231.1,0
O000659,P0050,3,23.7,0
O000660,P0075,3,50.52,0
O000661,P0144,1,10.61,0
O000661,P0135,2,61.66,0
O000661,P0112,1,121.72,0
O000661,P0079,3,21.76,0
O000662,P0054,1,22.5,0
O000662,P0077,1,86.48,0
O000663,P0115,2,65.77,10
O000663,P0108,2,153.58,10
O000664,P0142,2,46.23,0
O000665,P0140,1,95.27,0
O000666,P0150,2,28.39,15
O000666,P0024,1,70.63,15
O000666,P0102,1,6.1,15
O000667,P0146,1,36.39,15
O000668,P0127,1,69.7,0
O000668,P0044,1,96.71,0
O000669,P0142,1,46.23,0
O000669,P0147,1,8.3,0
O000669,P0043,1,15.93,0
O000670,P0120,1,233.46,0
O000671,P0112,1,121.72,0
O000671,P0105,1,192.4,0
O000671,P0077,2,86.48,0
O000671,P0007,1,566.07,0
O000672,P0077,3,86.48,0
O000673,P0113,3,52.25,0
O000673,P0037,1,46.51,0
O000674,P0023,2,234.72,0
O000675,P0066,3,29.64,0
O000675,P0128,1,40.97,0
O000676,P0114,2,30.32,0
O000676,P0150,2,28.39,0
O000677,P0070,3,144.85,0
O000677,P0066,3,29.64,0
O000678,P0002,3,428.99,0
O000679,P0123,1,13.17,0
O000679,P0082,1,69.13,0
O000680,P0118,2,60.49,0
O000680,P0022,1,535.5,0
O000681,P0002,1,428.99,0
O000682,P0014,1,280.69,0
O000682,P0062,3,109.93,0
O000682,P0020,2,48.67,0
O000682,P0036,1,80.43,0
O000683,P0049,3,192.27,0
O000683,P0087,1,72.97,0
O000684,P0070,1,144.85,0
O000685,P0063,3,95.57,0
O000685,P0094,2,42.24,0
O000686,P0021,1,103.85,0
O000687,P0136,3,64.01,0
O000687,P0035,1,228.97,0
O000687,P0028,1,456.12,0
O000687,P0010,1,261.54,0
O000688,P0049,3,192.27,0
O000688,P0065,2,128.91,0
O000689,P0061,1,30.11,0
O000689,P0113,3,52.25,0
O000689,P0053,1,79.81,0
O000690,P0013,2,237.97,0
O000691,P0027,1,261.66,0
O000692,P0073,1,99.68,0
O000692,P0027,2,261.66,0
O000693,P0048,3,80.09,0
O000693,P0106,1,93.16,0
O000694,P0049,1,192.27,0
O000695,P0027,1,261.66,0
O000695,P0139,1,117.86,0
O000696,P0025,1,63.7,0
O000697,P0065,2,128.91,0
O000697,P0074,1,26.63,0
O000697,P0077,1,86.48,0
O000697,P0007,1,566.07,0
O000698,P0095,1,45.19,0
O000699,P0011,1,746.1,0
O000699,P0022,1,535.5,0
O000700,P0042,2,94.19,0
O000700,P0064,1,101.18,0
O000701,P0038,3,11.96,0
O000701,P0041,3,240.17,0
O000701,P0035,3,228.97,0
O000702,P0052,1,96.7,0
O000702,P0091,1,55.44,0
O000702,P0126,1,119.65,0
O000702,P0067,2,20.79,0
O000703,P0046,2,93.34,0
O000703,P0126,2,119.65,0
O000703,P0070,1,144.85,0
O000703,P0066,1,29.64,0
O000704,P0014,2,280.69,0
O000704,P0053,3,79.81,0
O000705,P0041,1,240.17,10
O000705,P0114,1,30.32,10
O000705,P0039,1,35.85,10
O000706,P0037,2,46.51,0
O000707,P0088,1,12.2,0
O000708,P0081,3,38.74,0
O000708,P0053,1,79.81,0
O000708,P0008,3,47.86,0
O000709,P0051,2,37.8,0
O000709,P0110,1,231.1,0
O000709,P0058,1,96.6,0
O000709,P0002,2,428.99,0
O000710,P0054,2,22.5,0
O000710,P0037,1,46.51,0
O000711,P0066,1,29.64,10
O000712,P0075,3,50.52,0
O000712,P0075,1,50.52,0
O000712,P0055,1,21.55,0
O000712,P0011,3,746.1,0
O000713,P0061,1,30.11,0
O000714,P0071,1,88.96,0
O000714,P0008,1,47.86,0
O000715,P0012,3,202.16,0
O000715,P0083,2,45.29,0
O000716,P0037,2,46.51,0
O000716,P0043,2,15.93,0
O000716,P0035,1,228.97,0
O000717,P0107,1,42.73,0
O000718,P0070,1,144.85,0
O000718,P0088,1,12.2,0
O000718,P0136,1,64.01,0
O000719,P0033,3,58.2,0
O000719,P0046,1,93.34,0
O000720,P0148,3,74.21,0
O000720,P0041,3,240.17,0
O000720,P0135,1,61.66,0
O000721,P0143,3,10.62,0
O000722,P0053,3,79.81,0
O000722,P0062,1,109.93,0
O000722,P0035,2,228.97,0
O000722,P0114,1,30.32,0
O000723,P0038,2,11.96,0
O000724,P0060,1,131.68,0
O000724,P0048,2,80.09,0
O000724,P0041,1,240.17,0
O000724,P0115,1,65.77,0
O000725,P0043,1,15.93,0
O000725,P0068,1,23.84,0
O000726,P0046,1,93.34,0
O000726,P0048,3,80.09,0
O000726,P0051,1,37.8,0
O000727,P0136,1,64.01,0
O000728,P0129,1,10.47,0
O000728,P0035,1,228.97,0
O000729,P0043,1,15.93,0
O000730,P0047,1,22.6,0
O000731,P0030,3,111.36,0
O000732,P0053,2,79.81,0
O000732,P0076,1,53.1,0
O000733,P0042,2,94.19,0
O000733,P0035,1,228.97,0
O000734,P0138,2,119.25,0
O000735,P0057,1,62.31,0
O000735,P0019,3,225.54,0
O000736,P0022,1,535.5,0
O000737,P0034,1,12.47,0
O000737,P0058,1,96.6,0
O000738,P0141,1,32.3,0
O000738,P0070,3,144.85,0
O000738,P0051,1,37.8,0
O000738,P0016,1,490.88,0
O000739,P0029,1,612.77,0
O000739,P0051,3,37.8,0
O000739,P0024,2,70.63,0
O000739,P0111,1,68.84,0
O000740,P0078,2,46.55,0
O000740,P0005,2,105.05,0
O000741,P0026,3,143.66,0
O000742,P0145,1,10.1,15
O000743,P0049,3,192.27,10
O000743,P0032,1,28.68,10
O000744,P0142,2,46.23,0
O000744,P0044,1,96.71,0
O000745,P0046,1,93.34,0
O000746,P0055,1,21.55,0
O000746,P0033,1,58.2,0
O000746,P0041,1,240.17,0
O000747,P0053,3,79.81,0
O000747,P0011,2,746.1,0
O000747,P0119,3,111.41,0
O000747,P0069,1,25.15,0
O000748,P0128,2,40.97,0
O000749,P0029,1,612.77,0
O000749,P0051,1,37.8,0
O000749,P0042,3,94.19,0
O000750,P0041,3,240.17,0
O000750,P0083,2,45.29,0
O000750,P0037,1,46.51,0
O000750,P0062,3,109.93,0
O000751,P0033,1,58.2,0
O000751,P0127,1,69.7,0
O000751,P0067,2,20.79,0
O000752,P0135,2,61.66,20
O000752,P0142,1,46.23,20
O000753,P0052,2,96.7,0
O000754,P0131,1,10.19,0
O000754,P0145,1,10.1,0
O000755,P0076,1,53.1,0
O000756,P0068,1,23.84,0
O000756,P0101,3,12.63,0
O000756,P0133,1,68.25,0
O000756,P0094,1,42.24,0
O000757,P0131,1,10.19,0
O000758,P0103,2,43.56,0
O000759,P0007,1,566.07,20
O000759,P0115,1,65.77,20
O000760,P0046,1,93.34,0
O000760,P0036,2,80.43,0
O000760,P0034,2,12.47,0
O000760,P0143,1,10.62,0
O000761,P0040,1,12.05,0
O000762,P0046,1,93.34,0
O000762,P0073,2,99.68,0
O000762,P0001,2,59.15,0
O000763,P0113,1,52.25,0
O000764,P0014,1,280.69,0
O000764,P0075,3,50.52,0
O000765,P0056,2,54.99,0
O000766,P0113,2,52.25,0
O000766,P0040,2,12.05,0
O000766,P0067,2,20.79,0
O000767,P0071,1,88.96,0
O000767,P0064,3,101.18,0
O000768,P0108,3,153.58,0
O000768,P0057,1,62.31,0
O000769,P0125,1,231.1,0
O000770,P0073,1,99.68,0
O000771,P0057,1,62.31,0
O000771,P0146,1,36.39,0
O000772,P0086,1,7.88,0
O000772,P0029,2,612.77,0
O000772,P0063,1,95.57,0
O000772,P0105,1,192.4,0
O000773,P0021,1,103.85,0
O000773,P0068,3,23.84,0
O000774,P0120,1,233.46,0
O000775,P0043,1,15.93,0
O000775,P0108,3,153.58,0
O000776,P0022,1,535.5,0
O000776,P0084,2,13.25,0
O000777,P0111,2,68.84,0
O000777,P0083,1,45.29,0
O000778,P0032,1,28.68,0
O000778,P0114,1,30.32,0
O000779,P0042,1,94.19,0
O000779,P0010,1,261.54,0
O000780,P0114,3,30.32,0
O000780,P0028,1,456.12,0
O000781,P0127,3,69.7,0
O000782,P0081,1,38.74,10
O000783,P0039,3,35.85,0
O000783,P0037,1,46.51,0
O000783,P0110,1,231.1,0
O000783,P0020,1,48.67,0
O000784,P0141,3,32.3,0
O000785,P0009,3,879.03,0
O000785,P0059,3,46.72,0
O000786,P0037,1,46.51,0
O000787,P0073,3,99.68,0
O000788,P0145,1,10.1,0
O000788,P0135,1,61.66,0
O000788,P0034,1,12.47,0
O000789,P0051,3,37.8,10
O000790,P0050,2,23.7,0
O000790,P0090,1,74.94,0
O000790,P0046,1,93.34,0
O000791,P0061,1,30.11,0
O000792,P0102,1,6.1,0
O000792,P0079,1,21.76,0
O000793,P0080,1,52.81,0
O000794,P0039,1,35.85,0
O000794,P0047,2,22.6,0
O000795,P0074,3,26.63,0
O000795,P0072,2,22.81,0
O000796,P0138,1,119.25,10
O000797,P0023,3,234.72,0
O000798,P0047,1,22.6,0
O000799,P0140,1,95.27,0
O000799,P0094,1,42.24,0
O000800,P0054,1,22.5,0
O000800,P0065,1,128.91,0
O000801,P0100,2,14.85,10
O000801,P0043,1,15.93,10
O000801,P0056,1,54.99,10
O000801,P0139,3,117.86,10
O000802,P0038,1,11.96,0
O000803,P0053,3,79.81,0
O000803,P0133,1,68.25,0
O000804,P0104,1,56.02,0
O000805,P0001,3,59.15,0
O000805,P0124,1,16.63,0
O000806,P0047,3,22.6,0
O000806,P0130,2,22.25,0
O000806,P0021,1,103.85,0
O000807,P0004,1,203.73,0
O000808,P0015,1,54.36,0
O000808,P0136,1,64.01,0
O000808,P0102,1,6.1,0
O000808,P0037,1,46.51,0
O000809,P0016,2,490.88,20
O000809,P0063,2,95.57,20
O000809,P0092,2,9.46,20
O000810,P0048,3,80.09,15
O000811,P0032,1,28.68,0
O000811,P0037,1,46.51,0
O000812,P0113,1,52.25,0
O000812,P0118,3,60.49,0
O000812,P0048,3,80.09,0
O000813,P0133,1,68.25,10
O000813,P0091,2,55.44,10
O000814,P0045,2,36.65,0
O000814,P0004,2,203.73,0
O000815,P0060,3,131.68,0
O000816,P0021,1,103.85,10
O000816,P0066,1,29.64,10
O000816,P0130,3,22.25,10
O000816,P0082,3,69.13,10
O000817,P0057,1,62.31,0
O000817,P0056,3,54.99,0
O000817,P0069,1,25.15,0
O000817,P0127,2,69.7,0
O000818,P0092,3,9.46,0
O000819,P0097,3,39.47,0
O000820,P0047,1,22.6,0
O000821,P0010,2,261.54,0
O000821,P0032,1,28.68,0
O000821,P0090,1,74.94,0
O000822,P0083,3,45.29,0
O000822,P0081,1,38.74,0
O000822,P0089,2,75.8,0
O000823,P0052,1,96.7,10
O000823,P0003,1,70.0,10
O000824,P0037,1,46.51,0
O000825,P0093,1,36.5,0
O000825,P0050,1,23.7,0
O000825,P0040,3,12.05,0
O000825,P0051,1,37.8,0
O000826,P0048,2,80.09,0
O000827,P0022,1,535.5,20
O000827,P0005,3,105.05,20
O000827,P0030,1,111.36,20
O000828,P0015,1,54.36,15
O000829,P0065,1,128.91,0
O000830,P0019,1,225.54,0
O000830,P0071,3,88.96,0
O000830,P0020,1,48.67,0
O000831,P0041,1,240.17,0
O000831,P0050,1,23.7,0
O000832,P0012,3,202.16,0
O000832,P0010,1,261.54,0
O000832,P0034,1,12.47,0
O000833,P0015,1,54.36,10
O000833,P0073,1,99.68,10
O000833,P0020,2,48.67,10
O000834,P0081,1,38.74,0
O000834,P0021,1,103.85,0
O000834,P0090,1,74.94,0
O000834,P0103,1,43.56,0
O000835,P0016,1,490.88,0
O000836,P0121,1,35.48,0
O000836,P0087,1,72.97,0
O000837,P0026,1,143.66,0
O000837,P0066,1,29.64,0
O000838,P0096,3,62.39,0
O000838,P0106,3,93.16,0
O000839,P0017,3,45.26,0
O000839,P0068,3,23.84,0
O000840,P0082,1,69.13,0
O000841,P0117,1,37.62,10
O000841,P0079,1,21.76,10
O000842,P0069,1,25.15,0
O000842,P0002,2,428.99,0
O000842,P0032,1,28.68,0
O000843,P0003,3,70.0,0
O000844,P0075,1,50.52,0
O000844,P0049,1,192.27,0
O000845,P0006,2,317.9,0
O000845,P0003,1,70.0,0
O000845,P0090,1,74.94,0
O000845,P0006,3,317.9,0
O000846,P0047,1,22.6,0
O000847,P0141,1,32.3,0
O000848,P0014,2,280.69,10
O000848,P0139,1,117.86,10
O000848,P0044,3,96.71,10
O000849,P0064,1,101.18,0
O000849,P0134,1,14.57,0
O000849,P0117,2,37.62,0
O000850,P0037,1,46.51,0
O000850,P0044,1,96.71,0
O000851,P0056,3,54.99,0
O000851,P0038,2,11.96,0
O000851,P0036,1,80.43,0
O000852,P0129,1,10.47,0
O000852,P0049,1,192.27,0
O000852,P0134,1,14.57,0
O000852,P0043,1,15.93,0
O000853,P0078,1,46.55,0
O000854,P0016,2,490.88,0
O000855,P0010,3,261.54,0
O000855,P0055,1,21.55,0
O000856,P0004,3,203.73,0
O000856,P0106,2,93.16,0
O000857,P0077,3,86.48,0
O000857,P0105,2,192.4,0
O000858,P0130,1,22.25,0
O000858,P0044,2,96.71,0
O000858,P0023,2,234.72,0
O000858,P0060,2,131.68,0
O000859,P0012,1,202.16,0
O000859,P0020,1,48.67,0
O000859,P0023,1,234.72,0
O000859,P0004,1,203.73,0
O000860,P0021,1,103.85,0
O000860,P0009,1,879.03,0
O000861,P0018,3,103.25,0
O000861,P0137,1,9.05,0
O000862,P0041,2,240.17,0
O000862,P0095,1,45.19,0
O000863,P0081,1,38.74,0
O000864,P0035,1,228.97,0
O000864,P0109,2,191.49,0
O000864,P0109,1,191.49,0
O000865,P0129,1,10.47,0
O000866,P0131,1,10.19,0
O000867,P0080,1,52.81,0
O000867,P0035,1,228.97,0
O000867,P0144,1,10.61,0
O000868,P0033,1,58.2,10
O000869,P0133,2,68.25,0
O000870,P0083,3,45.29,0
O000871,P0032,1,28.68,0
O000871,P0092,1,9.46,0
O000871,P0080,2,52.81,0
O000872,P0047,3,22.6,0
O000872,P0129,2,10.47,0
O000873,P0023,3,234.72,0
O000874,P0149,1,21.0,0
O000874,P0038,2,11.96,0
O000875,P0136,1,64.01,0
O000875,P0105,1,192.4,0
O000875,P0043,1,15.93,0
O000876,P0150,1,28.39,0
O000876,P0120,1,233.46,0
O000877,P0082,1,69.13,0
O000878,P0062,1,109.93,0
O000878,P0081,1,38.74,0
O000879,P0043,3,15.93,0
O000879,P0150,1,28.39,0
O000879,P0094,3,42.24,0
O000880,P0065,3,128.91,10
O000880,P0079,1,21.76,10
O000880,P0030,1,111.36,10
O000881,P0009,1,879.03,0
O000881,P0034,2,12.47,0
O000882,P0017,1,45.26,0
O000882,P0069,1,25.15,0
O000883,P0141,3,32.3,0
O000884,P0104,1,56.02,0
O000884,P0034,1,12.47,0
O000885,P0037,1,46.51,0
O000886,P0006,3,317.9,0
O000887,P0042,1,94.19,0
O000888,P0031,1,100.42,0
O000889,P0104,1,56.02,0
O000890,P0070,3,144.85,0
O000890,P0012,1,202.16,0
O000891,P0029,1,612.77,0
O000892,P0017,1,45.26,0
O000892,P0073,2,99.68,0
O000892,P0060,1,131.68,0
O000892,P0128,1,40.97,0
O000893,P0054,1,22.5,0
O000893,P0009,3,879.03,0
O000894,P0002,1,428.99,0
O000894,P0066,2,29.64,0
O000894,P0121,1,35.48,0
O000894,P0090,1,74.94,0
O000895,P0070,1,144.85,0
O000896,P0128,3,40.97,0
O000896,P0017,1,45.26,0
O000897,P0019,3,225.54,0
O000898,P0073,1,99.68,0
O000898,P0029,1,612.77,0
O000899,P0060,2,131.68,5
O000899,P0064,3,101.18,5
O000899,P0010,1,261.54,5
O000900,P0078,1,46.55,0
O000900,P0028,3,456.12,0
O000901,P0023,1,234.72,0
O000901,P0015,3,54.36,0
O000902,P0060,1,131.68,5
O000902,P0129,3,10.47,5
O000902,P0063,2,95.57,5
O000902,P0002,1,428.99,5
O000903,P0016,1,490.88,0
O000903,P0083,3,45.29,0
O000903,P0012,1,202.16,0
O000903,P0039,1,35.85,0
O000904,P0002,1,428.99,0
O000905,P0055,3,21.55,40
O000906,P0057,1,62.31,0
O000906,P0118,1,60.49,0
O000906,P0023,2,234.72,0
O000906,P0001,2,59.15,0
O000907,P0021,3,103.85,0
O000907,P0013,2,237.97,0
O000907,P0021,1,103.85,0
O000907,P0015,1,54.36,0
O000908,P0077,3,86.48,0
O000908,P0007,2,566.07,0
O000909,P0044,1,96.71,5
O000909,P0013,1,237.97,5
O000909,P0105,1,192.4,5
O000909,P0139,2,117.86,5
O000910,P0040,1,12.05,0
O000911,P0052,1,96.7,0
O000912,P0036,2,80.43,0
O000913,P0006,1,317.9,0
O000913,P0005,2,105.05,0
O000913,P0019,3,225.54,0
O000913,P0033,3,58.2,0
O000914,P0136,3,64.01,0
O000915,P0127,3,69.7,40
O000915,P0113,3,52.25,40
O000916,P0145,1,10.1,0
O000916,P0021,1,103.85,0
O000916,P0071,1,88.96,0
O000917,P0136,3,64.01,0
O000917,P0076,1,53.1,0
O000918,P0014,1,280.69,0
O000918,P0109,1,191.49,0
O000919,P0078,1,46.55,0
O000919,P0006,1,317.9,0
O000919,P0032,1,28.68,0
O000920,P0057,3,62.31,0
O000920,P0050,1,23.7,0
O000921,P0014,3,280.69,0
O000921,P0065,1,128.91,0
O000922,P0082,3,69.13,0
O000922,P0052,1,96.7,0
O000923,P0035,1,228.97,0
O000924,P0044,1,96.71,0
O000924,P0149,1,21.0,0
O000924,P0112,2,121.72,0
O000925,P0065,2,128.91,0
O000926,P0124,3,16.63,0
O000926,P0004,1,203.73,0
O000927,P0006,1,317.9,0
O000927,P0033,1,58.2,0
O000928,P0067,1,20.79,0
O000928,P0051,2,37.8,0
O000929,P0098,1,5.21,0
O000929,P0113,1,52.25,0
O000929,P0126,2,119.65,0
O000929,P0065,1,128.91,0
O000930,P0047,1,22.6,0
O000931,P0045,3,36.65,0
O000931,P0028,2,456.12,0
O000931,P0115,1,65.77,0
O000931,P0004,2,203.73,0
O000932,P0041,2,240.17,0
O000933,P0066,2,29.64,0
O000933,P0141,1,32.3,0
O000933,P0054,2,22.5,0
O000933,P0040,3,12.05,0
O000934,P0023,1,234.72,0
O000935,P0123,3,13.17,0
O000935,P0021,3,103.85,0
O000935,P0102,1,6.1,0
O000936,P0029,1,612.77,0
O000936,P0006,2,317.9,0
O000936,P0039,3,35.85,0
O000937,P0053,1,79.81,0
O000938,P0045,2,36.65,0
O000938,P0148,3,74.21,0
O000938,P0031,2,100.42,0
O000939,P0019,1,225.54,0
O000939,P0053,1,79.81,0
O000940,P0026,1,143.66,0
O000941,P0102,1,6.1,0
O000942,P0045,3,36.65,10
O000942,P0078,2,46.55,10
O000942,P0104,1,56.02,10
O000942,P0053,2,79.81,10
O000943,P0091,1,55.44,0
O000943,P0117,1,37.62,0
O000943,P0008,1,47.86,0
O000943,P0086,1,7.88,0
O000944,P0045,1,36.65,0
O000944,P0137,3,9.05,0
O000945,P0110,1,231.1,0
O000945,P0005,1,105.05,0
O000945,P0065,3,128.91,0
O000945,P0062,2,109.93,0
O000946,P0132,1,9.56,0
O000946,P0028,0,456.12,0
O000947,P0013,3,237.97,10
O000948,P0033,1,58.2,0
O000949,P0142,1,46.23,0
O000950,P0047,1,22.6,0
O000951,P0045,1,36.65,0
O000951,P0061,2,30.11,0
O000951,P0145,1,10.1,0
O000951,P0058,1,96.6,0
O000952,P0134,2,14.57,0
O000952,P0103,1,43.56,0
O000953,P0071,1,88.96,0
O000953,P0094,1,42.24,0
O000953,P0056,1,54.99,0
O000954,P0017,2,45.26,0
O000954,P0028,1,456.12,0
O000954,P0148,1,74.21,0
O000955,P0138,1,119.25,0
O000955,P0044,1,96.71,0
O000956,P0095,1,45.19,0
O000956,P0087,3,72.97,0
O000957,P0064,1,101.18,0
O000957,P0056,3,54.99,0
O000958,P0103,2,43.56,0
O000958,P0150,3,28.39,0
O000959,P0150,1,28.39,0
O000960,P0138,2,119.25,0
O000961,P0149,3,21.0,0
O000962,P0046,3,93.34,0
O000963,P0136,3,64.01,15
O000964,P0144,2,10.61,10
O000965,P0046,1,93.34,0
O000965,P0078,1,46.55,0
O000966,P0090,1,74.94,0
O000966,P0109,1,191.49,0
O000967,P0134,1,14.57,0
O000968,P0072,2,22.81,0
O000969,P0109,1,191.49,0
O000970,P0111,1,68.84,0
O000970,P0026,3,143.66,0
O000971,P0030,3,111.36,0
O000972,P0145,1,10.1,10
O000973,P0035,2,228.97,0
O000973,P0051,2,37.8,0
O000973,P0072,2,22.81,0
O000973,P0084,3,13.25,0
O000974,P0058,2,96.6,0
O000974,P0116,1,64.62,0
O000975,P0135,2,61.66,0
O000975,P0149,1,21.0,0
O000976,P0112,3,121.72,5
O000976,P0013,1,237.97,5
O000977,P0005,3,105.05,0
O000977,P0078,3,46.55,0
O000977,P0065,1,128.91,0
O000978,P0104,1,56.02,0
O000978,P0005,1,105.05,0
O000979,P0058,3,96.6,0
O000980,P0145,1,10.1,0
O000980,P0132,2,9.56,0
O000980,P0133,1,68.25,0
O000980,P0142,1,46.23,0
O000981,P0009,2,879.03,0
O000981,P0124,2,16.63,0
O000981,P0046,2,93.34,0
O000981,P0125,1,231.1,0
O000982,P0122,1,44.07,0
O000982,P0095,2,45.19,0
O000983,P0130,1,22.25,0
O000984,P0083,1,45.29,0
O000985,P0098,1,5.21,0
O000985,P0008,1,47.86,0
O000985,P0085,1,72.91,0
O000986,P0144,1,10.61,0
O000986,P0045,1,36.65,0
O000987,P0055,1,21.55,0
O000987,P0026,2,143.66,0
O000987,P0017,3,45.26,0
O000987,P0066,3,29.64,0
O000988,P0013,2,237.97,0
O000988,P0071,1,88.96,0
O000989,P0114,3,30.32,10
O000989,P0082,1,69.13,10
O000989,P0086,2,7.88,10
O000989,P0140,2,95.27,10
O000990,P0007,1,566.07,0
O000991,P0037,1,46.51,0
O000991,P0080,1,52.81,0
O000991,P0042,2,94.19,0
O000992,P0094,2,42.24,0
O000993,P0099,3,42.13,0
O000994,P0066,1,29.64,0
O000995,P0020,1,48.67,0
O000995,P0073,1,99.68,0
O000995,P0054,1,22.5,0
O000996,P0015,2,54.36,0
O000997,P0036,1,80.43,0
O000998,P0113,1,52.25,0
O000998,P0067,1,20.79,0
O000998,P0098,1,5.21,0
O000999,P0042,1,94.19,0
O000999,P0054,2,22.5,0
O000999,P0045,1,36.65,0
O000999,P0027,2,261.66,0
O001000,P0121,1,35.48,0
O001001,P0061,2,30.11,0
O001001,P0089,3,75.8,0
O001002,P0064,3,101.18,0
O001002,P0075,1,50.52,0
O001002,P0024,3,70.63,0
O001002,P0121,1,35.48,0
O001003,P0018,1,103.25,0
O001003,P0071,1,88.96,0
O001003,P0032,3,28.68,0
O001004,P0073,3,99.68,0
O001004,P0055,1,21.55,0
O001004,P0103,1,43.56,0
O001005,P0038,1,11.96,0
O001005,P0041,1,240.17,0
O001005,P0009,1,879.03,0
O001005,P0064,1,101.18,0
O001006,P0029,2,612.77,0
O001007,P0073,2,99.68,0
O001008,P0065,1,128.91,0
O001009,P0125,1,231.1,0
O001009,P0110,2,231.1,0
O001009,P0050,1,23.7,0
O001009,P0045,1,36.65,0
O001010,P0111,2,68.84,0
O001010,P0010,1,261.54,0
O001010,P0070,2,144.85,0
O001011,P0100,1,14.85,0
O001011,P0069,2,25.15,0
O001012,P0054,1,22.5,0
O001013,P0055,3,21.55,0
O001013,P0056,1,54.99,0
O001014,P0041,1,240.17,10
O001014,P0028,1,456.12,10
O001015,P0106,2,93.16,0
O001016,P0128,1,40.97,0
O001016,P0066,1,29.64,0
O001017,P0071,2,0.0,20
O001017,P0059,2,46.72,20
O001018,P0150,1,28.39,10
O001018,P0146,2,36.39,10
O001019,P0037,1,46.51,0
O001020,P0145,1,10.1,0
O001020,P0076,1,53.1,0
O001021,P0064,1,101.18,0
O001022,P0040,1,12.05,0
O001023,P0060,1,131.68,0
O001023,P0130,3,22.25,0
O001023,P0131,1,10.19,0
O001024,P0088,1,12.2,0
O001024,P0141,1,32.3,0
O001024,P0030,3,111.36,0
O001025,P0124,1,16.63,0
O001025,P0143,1,10.62,0
O001026,P0079,2,21.76,0
O001027,P0052,1,96.7,0
O001028,P0144,3,10.61,0
O001028,P0085,1,72.91,0
O001029,P0042,1,94.19,0
O001030,P0120,1,233.46,0
O001031,P0132,1,9.56,10
O001031,P0138,3,119.25,10
O001031,P0066,2,29.64,10
O001031,P0025,1,63.7,10
O001032,P0085,2,72.91,0
O001032,P0031,2,100.42,0
O001033,P0118,1,60.49,0
O001033,P0059,3,46.72,0
O001034,P0012,2,202.16,0
O001035,P0085,1,72.91,0
O001036,P0013,1,237.97,0
O001036,P0117,1,37.62,0
O001036,P0039,1,35.85,0
O001036,P0036,1,80.43,0
O001037,P0069,1,25.15,0
O001038,P0113,1,52.25,0
O001039,P0146,1,36.39,0
O001039,P0044,3,96.71,0
O001040,P0108,1,153.58,10
O001041,P0108,1,153.58,0
O001041,P0043,1,15.93,0
O001042,P0042,1,94.19,0
O001042,P0025,1,63.7,0
O001043,P0105,3,192.4,0
O001044,P0033,2,58.2,0
O001044,P0047,3,22.6,0
O001045,P0003,1,70.0,0
O001045,P0005,1,105.05,0
O001045,P0065,1,128.91,0
O001045,P0046,1,93.34,0
O001046,P0089,1,75.8,0
O001046,P0070,1,144.85,0
O001047,P0150,3,28.39,10
O001047,P0119,3,111.41,10
O001048,P0136,3,64.01,10
O001048,P0126,1,119.65,10
O001048,P0068,1,23.84,10
O001049,P0148,1,74.21,0
O001049,P0132,1,9.56,0
O001050,P0108,1,153.58,0
O001050,P0130,1,22.25,0
O001050,P0131,1,10.19,0
O001050,P0036,3,80.43,0
O001051,P0040,1,12.05,0
O001051,P0135,1,61.66,0
O001052,P0030,3,111.36,0
O001052,P0033,2,58.2,0
O001052,P0016,3,490.88,0
O001052,P0002,1,428.99,0
O001053,P0079,2,21.76,0
O001053,P0123,2,13.17,0
O001054,P0090,1,74.94,0
O001055,P0146,3,36.39,0
O001055,P0121,2,35.48,0
O001056,P0100,3,14.85,0
O001056,P0057,1,62.31,0
O001057,P0050,1,23.7,0
O001058,P0085,1,72.91,0
O001059,P0045,2,36.65,0
O001060,P0041,1,240.17,10
O001061,P0139,2,117.86,0
O001061,P0140,3,95.27,0
O001062,P0054,1,22.5,0
O001063,P0120,1,233.46,0
O001063,P0143,1,10.62,0
O001064,P0048,3,80.09,0
O001064,P0073,2,99.68,0
O001064,P0126,1,119.65,0
O001065,P0051,1,37.8,40
O001066,P0076,1,53.1,0
O001066,P0078,1,46.55,0
O001067,P0019,1,225.54,0
O001068,P0035,1,228.97,0
O001068,P0121,2,35.48,0
O001068,P0019,1,225.54,0
O001069,P0149,1,21.0,0
O001070,P0119,1,111.41,0
O001070,P0055,1,21.55,0
O001070,P0036,2,80.43,0
O001071,P0121,3,35.48,0
O001071,P0131,1,10.19,0
O001072,P0038,3,11.96,10
O001072,P0042,1,94.19,10
O001072,P0146,1,36.39,10
O001072,P0149,2,21.0,10
O001073,P0035,1,228.97,0
O001073,P0104,1,56.02,0
O001073,P0094,2,42.24,0
O001073,P0150,2,28.39,0
O001074,P0032,3,28.68,0
O001074,P0026,3,143.66,0
O001075,P0138,2,119.25,0
O001075,P0135,1,61.66,0
O001075,P0109,1,191.49,0
O001076,P0049,2,192.27,0
O001076,P0092,3,9.46,0
O001076,P0048,1,80.09,0
O001076,P0112,1,121.72,0
O001077,P0022,1,535.5,0
O001078,P0026,3,143.66,0
O001078,P0050,3,23.7,0
O001079,P0077,1,0.0,0
O001079,P0034,3,12.47,0
O001079,P0084,1,13.25,0
O001079,P0044,3,96.71,0
O001080,P0111,1,68.84,0
O001081,P0046,2,93.34,20
O001082,P0144,1,10.61,0
O001083,P0107,1,42.73,0
O001084,P0004,3,203.73,0
O001085,P0057,1,62.31,0
O001085,P0048,3,80.09,0
O001086,P0038,1,11.96,0
O001087,P0093,1,36.5,0
O001087,P0002,1,428.99,0
O001088,P0021,3,103.85,0
O001088,P0016,1,490.88,0
O001088,P0070,1,144.85,0
O001089,P0004,1,203.73,0
O001089,P0013,3,237.97,0
O001090,P0055,1,21.55,0
O001090,P0027,3,261.66,0
O001091,P0048,3,80.09,0
O001091,P0020,1,48.67,0
O001092,P0040,3,12.05,0
O001092,P0050,2,23.7,0
O001093,P0092,2,9.46,0
O001093,P0123,3,13.17,0
O001093,P0065,1,128.91,0
O001093,P0036,3,80.43,0
O001094,P0063,1,95.57,0
O001094,P0061,3,30.11,0
O001095,P0017,1,45.26,0
O001095,P0009,1,879.03,0
O001095,P0021,2,103.85,0
O001095,P0034,1,12.47,0
O001096,P0053,1,79.81,0
O001096,P0031,3,100.42,0
O001097,P0054,3,22.5,0
O001097,P0021,1,103.85,0
O001098,P0046,3,93.34,0
O001099,P0111,3,68.84,0
O001099,P0034,1,12.47,0
O001099,P0050,2,23.7,0
O001099,P0073,1,99.68,0
O001100,P0080,2,52.81,0
O001100,P0044,3,96.71,0
O001101,P0030,1,111.36,0
O001102,P0071,1,88.96,0
O001102,P0060,1,131.68,0
O001103,P0057,1,62.31,0
O001104,P0042,1,94.19,0
O001105,P0107,1,42.73,0
O001105,P0114,2,30.32,0
O001105,P0068,3,23.84,0
O001106,P0032,1,28.68,0
O001107,P0057,1,62.31,10
O001108,P0070,1,144.85,0
O001109,P0048,3,80.09,0
O001109,P0083,1,45.29,0
O001110,P0023,1,234.72,0
O001111,P0042,3,94.19,0
O001111,P0013,1,237.97,0
O001111,P0006,3,317.9,0
O001112,P0016,1,490.88,0
O001113,P0027,1,261.66,0
O001113,P0147,1,8.3,0
O001113,P0069,1,25.15,0
O001114,P0142,1,46.23,0
O001114,P0091,2,55.44,0
O001115,P0110,2,231.1,10
O001116,P0135,1,61.66,0
O001116,P0097,1,39.47,0
O001117,P0132,2,9.56,0
O001118,P0031,3,100.42,0
O001118,P0130,1,22.25,0
O001118,P0130,1,22.25,0
O001119,P0064,3,101.18,0
O001119,P0096,3,62.39,0
O001119,P0091,1,55.44,0
O001119,P0037,1,46.51,0
O001120,P0069,1,25.15,0
O001120,P0114,3,30.32,0
O001121,P0107,3,42.73,0
O001121,P0050,2,23.7,0
O001121,P0022,1,535.5,0
O001122,P0071,3,88.96,0
O001122,P0141,1,32.3,0
O001122,P0123,1,13.17,0
O001123,P0070,3,144.85,0
O001123,P0002,3,428.99,0
O001123,P0047,1,22.6,0
O001123,P0045,3,36.65,0
O001124,P0137,1,9.05,0
O001124,P0055,1,21.55,0
O001124,P0048,1,80.09,0
O001125,P0067,2,20.79,0
O001125,P0051,2,37.8,0
O001126,P0018,1,103.25,0
O001126,P0107,2,42.73,0
O001126,P0014,1,280.69,0
O001126,P0029,1,612.77,0
O001127,P0024,1,70.63,0
O001128,P0116,1,64.62,0
O001129,P0029,1,612.77,10
O001130,P0017,1,45.26,0
O001131,P0098,1,5.21,0
O001132,P0087,1,72.97,0
O001132,P0068,2,23.84,0
O001133,P0090,1,74.94,0
O001134,P0085,1,72.91,0
O001135,P0054,1,22.5,0
O001136,P0059,1,46.72,0
O001137,P0068,1,23.84,0
O001138,P0047,3,22.6,0
O001138,P0008,2,47.86,0
O001139,P0062,2,109.93,0
O001140,P0085,1,0.0,10
O001140,P0019,2,225.54,10
O001141,P0113,1,52.25,0
O001142,P0056,3,54.99,0
O001142,P0023,2,234.72,0
O001142,P0043,1,15.93,0
O001143,P0014,1,280.69,0
O001143,P0046,1,93.34,0
O001144,P0007,1,566.07,0
O001145,P0101,1,12.63,40
O001145,P0002,1,428.99,40
O001146,P0055,1,21.55,0
O001146,P0069,1,25.15,0
O001147,P0124,1,16.63,0
O001147,P0021,3,103.85,0
O001148,P0027,2,261.66,0
O001148,P0068,1,23.84,0
O001149,P0021,1,103.85,0
O001149,P0004,1,203.73,0
O001150,P0117,1,37.62,10
O001150,P0070,1,144.85,10
O001150,P0124,1,16.63,10
O001151,P0068,1,23.84,0
O001151,P0018,1,103.25,0
O001152,P0074,2,26.63,0
O001152,P0042,1,94.19,0
O001153,P0034,1,12.47,10
O001153,P0113,3,52.25,10
O001153,P0124,2,16.63,10
O001154,P0094,1,42.24,0
O001155,P0041,1,240.17,0
O001155,P0110,1,231.1,0
O001156,P0084,1,13.25,0
O001157,P0143,1,10.62,0
O001157,P0124,1,16.63,0
O001158,P0058,1,96.6,0
O001159,P0116,1,64.62,0
O001160,P0128,3,40.97,0
O001160,P0018,3,103.25,0
O001161,P0085,1,72.91,0
O001162,P0056,2,54.99,0
O001162,P0002,1,428.99,0
O001162,P0039,1,35.85,0
O001163,P0046,1,93.34,0
O001163,P0037,1,46.51,0
O001164,P0082,2,69.13,0
O001164,P0047,1,22.6,0
O001164,P0084,2,13.25,0
O001164,P0055,3,21.55,0
O001165,P0105,1,192.4,0
O001166,P0087,2,72.97,0
O001167,P0002,2,428.99,0
O001168,P0114,1,30.32,0
O001168,P0123,3,13.17,0
O001169,P0063,3,95.57,0
O001170,P0053,1,79.81,0
O001171,P0147,1,8.3,0
O001171,P0021,1,103.85,0
O001172,P0002,3,428.99,0
O001173,P0020,2,48.67,0
O001173,P0029,2,612.77,0
O001173,P0010,3,261.54,0
O001173,P0058,3,96.6,0
O001174,P0031,1,100.42,10
O001174,P0014,1,280.69,10
O001174,P0126,3,119.65,10
O001174,P0085,3,72.91,10
O001175,P0071,1,88.96,0
O001175,P0072,1,22.81,0
O001175,P0048,1,80.09,0
O001176,P0101,1,12.63,0
O001176,P0103,1,43.56,0
O001176,P0137,1,9.05,0
O001176,P0062,2,109.93,0
O001177,P0117,1,37.62,0
O001177,P0037,1,46.51,0
O001178,P0061,2,30.11,0
O001178,P0070,1,144.85,0
O001178,P0051,1,37.8,0
O001179,P0001,2,59.15,0
O001180,P0051,1,37.8,5
O001180,P0142,3,46.23,5
O001180,P0128,1,40.97,5
O001180,P0130,1,22.25,5
O001181,P0144,1,10.61,0
O001182,P0081,3,38.74,0
O001183,P0131,1,10.19,20
O001183,P0035,1,228.97,20
O001184,P0116,1,64.62,0
O001184,P0051,1,37.8,0
O001185,P0047,1,22.6,0
O001185,P0127,3,69.7,0
O001186,P0009,1,879.03,0
O001187,P0145,3,10.1,0
O001187,P0013,1,237.97,0
O001187,P0009,1,879.03,0
O001187,P0132,2,9.56,0
O001188,P0007,2,566.07,0
O001189,P0136,1,64.01,0
O001190,P0029,1,612.77,10
O001191,P0049,1,192.27,0
O001191,P0012,1,202.16,0
O001192,P0043,1,15.93,0
O001192,P0014,3,280.69,0
O001193,P0053,1,79.81,0
O001194,P0068,2,23.84,0
O001195,P0017,1,45.26,0
O001195,P0127,1,69.7,0
O001195,P0105,1,192.4,0
O001195,P0006,3,317.9,0
O001196,P0039,3,35.85,0
O001196,P0143,1,10.62,0
O001197,P0109,1,191.49,0
O001197,P0126,3,119.65,0
O001197,P0093,2,36.5,0
O001197,P0026,2,143.66,0
O001198,P0125,1,231.1,0
O001199,P0072,1,22.81,0
O001199,P0038,1,11.96,0
O001199,P0113,1,52.25,0
O001199,P0059,1,46.72,0
O001200,P0051,1,37.8,0
O001201,P0116,2,64.62,0
O001202,P0063,3,95.57,0
O001203,P0060,2,131.68,0
O001204,P0111,1,68.84,0
O001204,P0135,1,61.66,0
O001204,P0049,1,192.27,0
O001205,P0047,3,22.6,0
O001205,P0032,1,28.68,0
O001206,P0043,1,15.93,20
O001207,P0048,1,80.09,0
O001208,P0045,2,36.65,0
O001209,P0053,3,79.81,0
O001209,P0046,1,93.34,0
O001209,P0053,1,79.81,0
O001209,P0032,1,28.68,0
O001210,P0010,2,261.54,0
O001210,P0091,2,55.44,0
O001211,P0011,1,746.1,5
O001212,P0137,1,9.05,0
O001212,P0126,2,119.65,0
O001213,P0127,3,69.7,0
O001213,P0041,1,240.17,0
O001213,P0073,1,99.68,0
O001213,P0133,2,68.25,0
O001214,P0081,1,38.74,0
O001215,P0116,1,64.62,0
O001215,P0024,2,70.63,0
O001216,P0092,1,9.46,0
O001217,P0149,1,21.0,20
O001218,P0119,1,111.41,0
O001219,P0121,1,35.48,0
O001219,P0037,1,46.51,0
O001220,P0027,1,261.66,0
O001221,P0020,2,48.67,0
O001222,P0008,3,47.86,0
O001222,P0023,1,234.72,0
O001222,P0064,2,101.18,0
O001223,P0021,1,103.85,0
O001223,P0001,3,59.15,0
O001224,P0071,1,88.96,0
O001225,P0066,2,29.64,0
O001225,P0055,3,21.55,0
O001226,P0065,2,128.91,0
O001227,P0019,2,225.54,0
O001227,P0064,1,101.18,0
O001227,P0092,3,9.46,0
O001227,P0055,1,21.55,0
O001228,P0029,1,612.77,5
O001228,P0063,1,95.57,5
O001229,P0037,1,46.51,0
O001229,P0046,1,93.34,0
O001229,P0093,2,36.5,0
O001229,P0050,1,23.7,0
O001230,P0140,3,95.27,0
O001230,P0032,3,28.68,0
O001231,P0143,1,10.62,0
O001231,P0137,1,9.05,0
O001231,P0147,3,8.3,0
O001232,P0033,2,58.2,0
O001232,P0135,3,61.66,0
O001232,P0006,1,317.9,0
O001233,P0061,3,30.11,0
O001233,P0088,1,12.2,0
O001233,P0066,2,29.64,0
O001234,P0084,3,13.25,0
O001234,P0014,1,280.69,0
O001234,P0008,1,47.86,0
O001234,P0076,1,53.1,0
O001235,P0150,2,28.39,0
O001235,P0053,1,79.81,0
O001235,P0075,2,50.52,0
O001236,P0148,1,74.21,0
O001236,P0030,3,111.36,0
O001236,P0128,3,40.97,0
O001237,P0015,2,54.36,0
O001237,P0031,1,100.42,0
O001237,P0056,1,54.99,0
O001237,P0080,3,52.81,0
O001238,P0127,3,69.7,0
O001238,P0121,1,35.48,0
O001239,P0013,3,237.97,0
O001239,P0031,3,100.42,0
O001239,P0012,1,202.16,0
O001240,P0076,1,53.1,0
O001241,P0014,3,280.69,0
O001242,P0032,1,28.68,20
O001242,P0072,1,22.81,20
O001243,P0014,2,280.69,0
O001243,P0089,1,75.8,0
O001243,P0013,2,237.97,0
O001243,P0035,1,228.97,0
O001244,P0020,1,48.67,0
O001244,P0136,1,64.01,0
O001245,P0028,1,456.12,0
O001245,P0040,3,12.05,0
O001245,P0041,1,240.17,0
O001246,P0069,1,25.15,0
O001246,P0039,1,35.85,0
O001247,P0142,1,46.23,0
O001247,P0080,1,52.81,0
O001247,P0025,1,63.7,0
O001248,P0108,1,153.58,0
O001249,P0041,1,240.17,0
O001250,P0062,1,109.93,0
O001251,P0069,2,25.15,10
O001251,P0047,3,22.6,10
O001251,P0133,3,68.25,10
O001251,P0090,1,74.94,10
O001252,P0047,1,22.6,0
O001252,P0122,1,44.07,0
O001253,P0060,1,131.68,0
O001254,P0006,3,317.9,0
O001255,P0118,3,60.49,0
O001256,P0010,1,261.54,0
O001257,P0008,1,47.86,0
O001257,P0029,1,612.77,0
O001257,P0059,3,46.72,0
O001258,P0022,3,535.5,0
O001258,P0132,1,9.56,0
O001258,P0035,1,228.97,0
O001258,P0063,2,95.57,0
O001259,P0124,1,16.63,0
O001260,P0128,1,40.97,0
O001260,P0058,3,96.6,0
O001260,P0054,1,22.5,0
O001260,P0069,1,25.15,0
O001261,P0147,1,8.3,0
O001262,P0128,1,40.97,0
O001263,P0012,3,202.16,0
O001264,P0088,1,12.2,0
O001264,P0134,1,14.57,0
O001264,P0001,3,59.15,0
O001264,P0017,2,45.26,0
O001265,P0064,1,101.18,0
O001266,P0016,0,490.88,0
O001267,P0092,2,9.46,0
O001267,P0084,1,13.25,0
O001267,P0063,1,95.57,0
O001268,P0130,1,22.25,0
O001268,P0136,1,64.01,0
O001269,P0120,1,233.46,0
O001269,P0111,2,68.84,0
O001269,P0126,1,119.65,0
O001269,P0064,1,101.18,0
O001270,P0001,1,59.15,0
O001271,P0140,3,95.27,0
O001272,P0052,1,96.7,0
O001273,P0043,1,15.93,0
O001273,P0046,1,93.34,0
O001273,P0145,1,10.1,0
O001274,P0038,1,11.96,20
O001275,P0065,1,128.91,0
O001276,P0105,1,192.4,0
O001277,P0058,1,96.6,0
O001278,P0032,1,28.68,0
O001278,P0119,3,111.41,0
O001279,P0029,1,612.77,10
O001280,P0049,3,192.27,0
O001280,P0002,2,428.99,0
O001280,P0071,1,88.96,0
O001280,P0010,1,261.54,0
O001281,P0102,2,6.1,0
O001282,P0048,3,80.09,0
O001282,P0025,2,63.7,0
O001282,P0009,1,879.03,0
O001283,P0007,2,566.07,40
O001283,P0066,2,29.64,40
O001284,P0069,3,25.15,0
O001285,P0054,1,22.5,0
O001286,P0057,2,62.31,0
O001287,P0030,1,111.36,0
O001288,P0021,1,103.85,0
O001288,P0024,1,70.63,0
O001288,P0027,1,261.66,0
O001288,P0054,1,22.5,0
O001289,P0140,2,95.27,0
O001290,P0106,2,93.16,0
O001290,P0125,2,231.1,0
O001290,P0019,1,225.54,0
O001290,P0060,1,131.68,0
O001291,P0075,1,50.52,0
O001292,P0074,3,26.63,0
O001292,P0109,1,191.49,0
O001293,P0133,1,68.25,0
O001293,P0136,3,64.01,0
O001293,P0011,1,746.1,0
O001293,P0022,1,535.5,0
O001294,P0077,1,86.48,0
O001294,P0129,1,10.47,0
O001294,P0149,1,21.0,0
O001295,P0095,3,45.19,10
O001296,P0069,3,25.15,10
O001297,P0071,2,88.96,0
O001298,P0021,1,103.85,0
O001299,P0077,1,86.48,0
O001299,P0114,3,30.32,0
O001299,P0114,3,30.32,0
O001299,P0052,1,96.7,0
O001300,P0063,3,95.57,0
O001301,P0006,1,317.9,0
O001301,P0079,1,21.76,0
O001301,P0054,1,22.5,0
O001302,P0076,1,53.1,0
O001303,P0029,1,612.77,0
O001303,P0043,2,15.93,0
O001304,P0061,1,30.11,0
O001304,P0004,1,203.73,0
O001305,P0048,3,80.09,0
O001306,P0145,1,10.1,0
O001306,P0039,1,35.85,0
O001306,P0143,1,10.62,0
O001306,P0039,2,35.85,0
O001307,P0082,1,69.13,0
O001307,P0074,1,26.63,0
O001308,P0051,2,37.8,0
O001308,P0068,1,23.84,0
O001309,P0036,2,80.43,0
O001310,P0149,3,21.0,0
O001311,P0012,3,202.16,0
O001311,P0020,2,48.67,0
O001311,P0015,3,54.36,0
O001312,P0119,1,111.41,0
O001313,P0123,1,13.17,0
O001313,P0080,2,52.81,0
O001314,P0066,2,29.64,0
O001314,P0048,1,80.09,0
O001315,P0091,1,55.44,0
O001315,P0021,1,103.85,0
O001316,P0051,3,37.8,0
O001317,P0073,2,99.68,0
O001318,P0055,1,21.55,0
O001318,P0041,1,240.17,0
O001319,P0035,1,228.97,0
O001319,P0027,1,261.66,0
O001319,P0035,1,228.97,0
O001320,P0040,1,12.05,0
O001320,P0033,1,58.2,0
O001321,P0144,1,10.61,0
O001321,P0051,1,37.8,0
O001321,P0059,1,46.72,0
O001321,P0092,1,9.46,0
O001322,P0100,1,14.85,0
O001322,P0150,2,28.39,0
O001323,P0039,3,35.85,0
O001324,P0106,1,93.16,0
O001325,P0114,1,30.32,0
O001326,P0026,1,143.66,0
O001326,P0069,3,25.15,0
O001327,P0125,1,231.1,0
O001328,P0046,1,93.34,0
O001328,P0016,1,490.88,0
O001328,P0117,1,37.62,0
O001329,P0015,3,54.36,0
O001329,P0059,3,46.72,0
O001329,P0057,2,62.31,0
O001330,P0120,1,233.46,10
O001330,P0054,3,22.5,10
O001331,P0017,1,45.26,10
O001331,P0062,2,109.93,10
O001332,P0110,3,231.1,0
O001333,P0033,1,58.2,0
O001333,P0052,1,96.7,0
O001333,P0046,1,93.34,0
O001333,P0134,1,14.57,0
O001334,P0054,1,22.5,0
O001335,P0074,1,26.63,0
O001336,P0071,3,88.96,0
O001336,P0144,1,10.61,0
O001337,P0036,1,80.43,0
O001337,P0131,1,10.19,0
O001337,P0126,1,119.65,0
O001338,P0095,2,45.19,0
O001338,P0031,1,100.42,0
O001338,P0051,3,37.8,0
O001338,P0123,3,13.17,0
O001339,P0143,1,10.62,0
O001339,P0149,1,21.0,0
O001339,P0034,1,12.47,0
O001340,P0143,1,10.62,0
O001340,P0033,1,58.2,0
O001340,P0088,1,12.2,0
O001340,P0037,1,46.51,0
O001341,P0093,3,36.5,0
O001341,P0065,1,128.91,0
O001341,P0013,1,237.97,0
O001341,P0115,1,65.77,0
O001342,P0106,1,93.16,0
O001343,P0127,3,69.7,10
O001344,P0037,1,46.51,10
O001345,P0128,1,40.97,0
O001345,P0037,2,46.51,0
O001346,P0136,1,64.01,0
O001347,P0109,1,191.49,5
O001347,P0068,3,23.84,5
O001348,P0127,1,69.7,0
O001349,P0128,2,40.97,0
O001350,P0148,1,74.21,0
O001351,P0102,3,6.1,0
O001351,P0131,3,10.19,0
O001352,P0040,1,12.05,0
O001352,P0066,2,29.64,0
O001353,P0140,3,95.27,0
O001353,P0002,1,428.99,0
O001353,P0132,2,9.56,0
O001353,P0015,1,54.36,0
O001354,P0074,2,26.63,0
O001355,P0040,2,12.05,0
O001355,P0035,3,228.97,0
O001356,P0011,1,746.1,0
O001357,P0032,3,28.68,0
O001357,P0055,2,21.55,0
O001357,P0119,2,111.41,0
O001357,P0063,1,95.57,0
O001358,P0008,1,47.86,10
O001358,P0095,2,45.19,10
O001359,P0124,1,16.63,10
O001360,P0035,3,228.97,15
O001360,P0009,2,879.03,15
O001361,P0051,2,37.8,15
O001362,P0041,1,240.17,10
O001363,P0117,1,37.62,0
O001363,P0079,1,21.76,0
O001364,P0088,1,12.2,0
O001364,P0109,1,191.49,0
O001364,P0006,1,317.9,0
O001365,P0097,1,39.47,10
O001366,P0035,3,228.97,0
O001366,P0012,1,202.16,0
O001366,P0040,3,12.05,0
O001366,P0034,3,12.47,0
O001367,P0068,1,23.84,0
O001367,P0137,3,9.05,0
O001368,P0136,2,64.01,0
O001368,P0104,2,56.02,0
O001368,P0119,1,111.41,0
O001368,P0149,2,21.0,0
O001369,P0132,1,9.56,0
O001370,P0033,1,58.2,0
O001371,P0113,1,52.25,0
O001372,P0034,3,12.47,0
O001372,P0148,2,74.21,0
O001372,P0038,1,11.96,0
O001372,P0052,1,96.7,0
O001373,P0003,1,70.0,0
O001373,P0149,1,21.0,0
O001374,P0096,3,62.39,0
O001375,P0016,1,490.88,0
O001376,P0149,2,21.0,0
O001377,P0135,1,61.66,0
O001378,P0073,1,99.68,0
O001378,P0021,3,103.85,0
O001378,P0107,1,42.73,0
O001378,P0105,1,192.4,0
O001379,P0134,1,14.57,0
O001380,P0070,1,144.85,0
O001380,P0109,2,191.49,0
O001380,P0008,2,47.86,0
O001380,P0017,2,45.26,0
O001381,P0043,1,15.93,0
O001382,P0037,3,46.51,0
O001383,P0070,1,144.85,0
O001384,P0030,-1,111.36,0
O001384,P0055,1,21.55,0
O001385,P0016,3,490.88,0
O001385,P0116,1,64.62,0
O001386,P0015,1,54.36,0
O001387,P0040,1,12.05,0
O001387,P0018,1,103.25,0
O001388,P0075,1,50.52,0
O001389,P0143,1,10.62,0
O001389,P0014,1,280.69,0
O001390,P0131,1,10.19,0
O001391,P0093,1,36.5,0
O001392,P0147,1,8.3,0
O001392,P0055,1,21.55,0
O001393,P0138,1,119.25,0
O001393,P0081,1,38.74,0
O001393,P0096,1,62.39,0
O001394,P0143,1,10.62,0
O001395,P0006,1,317.9,0
O001395,P0075,1,50.52,0
O001396,P0118,1,60.49,0
O001396,P0024,3,70.63,0
O001397,P0096,2,62.39,0
O001397,P0148,1,74.21,0
O001398,P0006,1,317.9,0
O001398,P0034,2,12.47,0
O001398,P0083,1,45.29,0
O001399,P0098,3,5.21,0
O001399,P0072,1,22.81,0
O001399,P0093,3,36.5,0
O001400,P0072,3,22.81,0
O001401,P0128,1,40.97,0
O001401,P0137,1,9.05,0
O001401,P0041,2,240.17,0
O001401,P0044,3,96.71,0
O001402,P0065,3,128.91,0
O001403,P0033,1,58.2,0
O001403,P0091,1,55.44,0
O001403,P0132,1,9.56,0
O001403,P0139,1,117.86,0
O001404,P0137,1,9.05,0
O001404,P0134,3,14.57,0
O001404,P0020,1,48.67,0
O001404,P0063,1,95.57,0
O001405,P0116,1,64.62,0
O001406,P0038,1,11.96,0
O001407,P0148,2,74.21,0
O001407,P0125,1,231.1,0
O001407,P0138,2,119.25,0
O001407,P0056,2,54.99,0
O001408,P0092,1,9.46,0
O001409,P0145,1,10.1,0
O001409,P0132,2,9.56,0
O001410,P0146,1,36.39,0
O001410,P0125,2,231.1,0
O001410,P0134,2,14.57,0
O001410,P0048,1,80.09,0
O001411,P0039,1,35.85,0
O001412,P0098,1,5.21,10
O001413,P0141,1,32.3,0
O001414,P0074,3,26.63,0
O001414,P0038,1,11.96,0
O001414,P0127,1,69.7,0
O001414,P0088,1,12.2,0
O001415,P0114,3,30.32,0
O001415,P0145,1,10.1,0
O001415,P0149,3,21.0,0
O001415,P0113,2,52.25,0
O001416,P0013,1,237.97,0
O001417,P0122,3,44.07,0
O001417,P0098,2,5.21,0
O001417,P0103,1,43.56,0
O001418,P0106,1,93.16,0
O001418,P0036,3,80.43,0
O001419,P0019,1,225.54,10
O001420,P0024,1,70.63,0
O001421,P0071,2,88.96,0
O001422,P0100,1,14.85,0
O001423,P0065,1,128.91,0
O001424,P0012,1,202.16,0
O001425,P0031,1,100.42,0
O001425,P0138,3,119.25,0
O001425,P0012,1,202.16,0
O001425,P0118,3,60.49,0
O001426,P0143,2,10.62,0
O001426,P0131,1,10.19,0
O001426,P0057,1,62.31,0
O001427,P0140,1,95.27,0
O001427,P0031,3,100.42,0
O001428,P0074,1,26.63,0
O001429,P0147,2,8.3,40
O001429,P0134,2,14.57,40
O001430,P0044,3,96.71,10
O001431,P0133,3,68.25,0
O001432,P0097,3,39.47,0
O001432,P0143,1,10.62,0
O001432,P0014,1,280.69,0
O001432,P0088,1,12.2,0
O001433,P0150,1,28.39,0
O001434,P0115,1,65.77,10
O001434,P0067,1,20.79,10
O001434,P0032,1,28.68,10
O001435,P0067,1,20.79,0
O001436,P0032,1,28.68,0
O001436,P0025,1,63.7,0
O001437,P0043,2,15.93,0
O001438,P0010,2,261.54,40
O001439,P0076,1,53.1,0
O001440,P0075,2,50.52,0
O001441,P0004,1,203.73,0
O001442,P0040,1,12.05,20
O001443,P0013,2,237.97,0
O001443,P0127,1,69.7,0
O001444,P0012,1,202.16,0
O001444,P0074,3,26.63,0
O001445,P0143,1,10.62,0
O001446,P0058,1,96.6,0
O001447,P0129,2,10.47,0
O001448,P0034,1,12.47,20
O001448,P0147,1,8.3,20
O001449,P0121,1,35.48,0
O001449,P0070,1,144.85,0
O001449,P0140,1,95.27,0
O001450,P0031,2,100.42,0
O001451,P0017,1,45.26,0
O001451,P0109,2,191.49,0
O001452,P0126,1,119.65,0
O001452,P0076,1,53.1,0
O001452,P0054,2,22.5,0
O001453,P0039,1,35.85,10
O001454,P0066,2,29.64,0
O001454,P0016,1,490.88,0
O001454,P0111,2,68.84,0
O001454,P0097,3,39.47,0
O001455,P0114,2,30.32,0
O001456,P0053,2,79.81,10
O001456,P0046,2,93.34,10
O001456,P0054,1,22.5,10
O001456,P0111,2,68.84,10
O001457,P0060,1,131.68,0
O001457,P0035,3,228.97,0
O001458,P0132,2,9.56,0
O001459,P0032,1,28.68,0
O001459,P0055,3,21.55,0
O001460,P0110,2,231.1,0
O001461,P0096,1,62.39,0
O001462,P0056,1,54.99,0
O001462,P0146,3,36.39,0
O001463,P0081,1,38.74,0
O001463,P0064,1,101.18,0
O001463,P0031,3,100.42,0
O001463,P0071,2,88.96,0
O001464,P0045,1,36.65,20
O001465,P0050,3,23.7,0
O001465,P0042,1,94.19,0
O001465,P0117,1,37.62,0
O001465,P0130,1,22.25,0
O001466,P0035,3,228.97,0
O001467,P0110,2,231.1,0
O001467,P0010,3,261.54,0
O001467,P0050,1,23.7,0
O001467,P0043,1,15.93,0
O001468,P0140,1,95.27,0
O001468,P0048,1,80.09,0
O001468,P0150,1,28.39,0
O001468,P0041,1,240.17,0
O001469,P0058,3,96.6,20
O001470,P0014,1,280.69,0
O001470,P0006,2,317.9,0
O001470,P0142,3,46.23,0
O001470,P0073,1,99.68,0
O001471,P0039,1,35.85,0
O001471,P0053,3,79.81,0
O001472,P0087,2,72.97,0
O001473,P0063,1,95.57,10
O001473,P0109,1,191.49,10
O001473,P0043,1,15.93,10
O001474,P0050,1,23.7,40
O001475,P0022,1,535.5,10
O001476,P0092,1,9.46,0
O001477,P0107,2,42.73,0
O001478,P0059,1,46.72,0
O001479,P0062,2,109.93,0
O001479,P0004,1,203.73,0
O001480,P0039,2,35.85,0
O001480,P0119,1,111.41,0
O001480,P0067,1,20.79,0
O001480,P0109,1,191.49,0
O001481,P0077,1,86.48,0
O001481,P0140,3,95.27,0
O001481,P0103,1,43.56,0
O001482,P0145,3,10.1,0
O001482,P0004,1,203.73,0
O001482,P0086,3,7.88,0
O001482,P0014,2,280.69,0
O001483,P0002,3,428.99,0
O001484,P0022,1,535.5,0
O001484,P0055,1,21.55,0
O001484,P0004,1,203.73,0
O001485,P0078,2,46.55,0
O001485,P0121,3,35.48,0
O001486,P0122,1,44.07,0
O001486,P0001,3,59.15,0
O001487,P0138,1,119.25,0
O001488,P0096,2,62.39,0
O001488,P0071,2,88.96,0
O001489,P0018,1,103.25,0
O001490,P0132,2,9.56,10
O001491,P0122,1,44.07,0
O001491,P0053,2,79.81,0
O001491,P0046,1,93.34,0
O001491,P0027,1,261.66,0
O001492,P0096,1,62.39,0
O001492,P0036,3,80.43,0
O001492,P0018,3,103.25,0
O001492,P0013,1,237.97,0
O001493,P0138,1,119.25,0
O001494,P0054,1,22.5,15
O001494,P0139,2,117.86,15
O001495,P0017,2,45.26,0
O001496,P0138,1,119.25,0
O001497,P0147,2,8.3,0
O001497,P0065,1,128.91,0
O001497,P0049,3,192.27,0
O001497,P0149,1,21.0,0
O001498,P0031,2,100.42,0
O001499,P0056,1,54.99,0
O001500,P0064,2,101.18,0
O001500,P0100,1,14.85,0
O001501,P0005,1,105.05,0
O001501,P0048,2,80.09,0
O001501,P0049,1,192.27,0
O001501,P0088,3,12.2,0
O001502,P0002,1,428.99,0
O001502,P0078,1,46.55,0
O001503,P0046,1,93.34,10
O001503,P0059,1,46.72,10
O001503,P0119,2,111.41,10
O001504,P0020,1,48.67,0
O001504,P0044,1,96.71,0
O001504,P0091,1,55.44,0
O001504,P0118,3,60.49,0
O001505,P0065,1,128.91,10
O001505,P0111,2,68.84,10
O001505,P0103,1,43.56,10
O001506,P0031,2,100.42,0
O001506,P0050,3,23.7,0
O001507,P0045,1,36.65,0
O001507,P0084,3,13.25,0
O001508,P0032,1,28.68,0
O001508,P0008,1,47.86,0
O001509,P0082,1,69.13,0
O001510,P0056,1,54.99,0
O001510,P0112,1,121.72,0
O001511,P0042,3,94.19,0
O001512,P0085,3,72.91,0
O001512,P0031,1,100.42,0
O001513,P0036,1,80.43,0
O001513,P0027,2,261.66,0
O001513,P0059,2,46.72,0
O001513,P0095,3,45.19,0
O001514,P0079,1,21.76,0
O001515,P0126,3,119.65,0
O001515,P0037,1,46.51,0
O001516,P0080,1,52.81,0
O001517,P0077,2,86.48,0
O001518,P0032,3,28.68,0
O001518,P0106,1,93.16,0
O001519,P0111,2,68.84,0
O001520,P0015,2,54.36,0
O001520,P0041,3,240.17,0
O001520,P0073,1,99.68,0
O001521,P0038,3,11.96,0
O001521,P0044,2,96.71,0
O001521,P0039,1,35.85,0
O001522,P0150,1,28.39,0
O001522,P0101,1,12.63,0
O001523,P0137,1,9.05,0
O001523,P0071,2,88.96,0
O001523,P0008,2,47.86,0
O001524,P0129,1,10.47,0
O001525,P0057,1,62.31,0
O001526,P0114,1,30.32,0
O001526,P0042,1,94.19,0
O001527,P0053,1,79.81,0
O001528,P0049,2,192.27,0
O001528,P0066,3,29.64,0
O001529,P0069,1,25.15,0
O001530,P0073,1,99.68,0
O001530,P0058,1,96.6,0
O001530,P0020,2,48.67,0
O001530,P0031,1,100.42,0
O001531,P0013,1,237.97,0
O001532,P0076,3,53.1,0
O001533,P0130,2,22.25,0
O001534,P0149,3,21.0,0
O001534,P0061,1,30.11,0
O001534,P0037,3,46.51,0
O001534,P0065,1,128.91,0
O001535,P0073,1,99.68,0
O001536,P0130,1,22.25,0
O001537,P0050,3,23.7,0
O001537,P0135,1,61.66,0
O001537,P0132,2,9.56,0
O001538,P0128,1,40.97,0
O001538,P0037,2,46.51,0
O001538,P0145,1,10.1,0
O001538,P0044,3,96.71,0
O001539,P0147,2,8.3,0
O001539,P0137,1,9.05,0
O001540,P0025,1,63.7,10
O001540,P0116,3,64.62,10
O001540,P0059,3,46.72,10
O001541,P0067,1,20.79,0
O001542,P0091,1,55.44,0
O001542,P0129,1,10.47,0
O001543,P0059,1,46.72,0
O001543,P0057,3,62.31,0
O001543,P0143,3,10.62,0
O001543,P0002,2,428.99,0
O001544,P0092,2,9.46,0
O001545,P0004,2,203.73,0
O001545,P0049,1,192.27,0
O001545,P0042,3,94.19,0
O001546,P0019,3,225.54,0
O001546,P0061,1,30.11,0
O001546,P0015,3,54.36,0
O001546,P0106,1,93.16,0
O001547,P0059,2,46.72,0
O001547,P0056,2,54.99,0
O001547,P0110,1,231.1,0
O001547,P0059,1,46.72,0
O001548,P0070,1,144.85,0
O001548,P0005,2,105.05,0
O001548,P0003,1,70.0,0
O001549,P0149,1,21.0,0
O001549,P0089,2,75.8,0
O001550,P0053,1,79.81,0
O001550,P0117,1,37.62,0
O001551,P0146,1,36.39,0
O001552,P0040,1,12.05,0
O001552,P0143,2,10.62,0
O001552,P0049,-1,192.27,0
O001552,P0071,1,88.96,0
O001553,P0135,2,61.66,0
O001553,P0046,3,93.34,0
O001554,P0049,2,192.27,0
O001554,P0021,1,103.85,0
O001554,P0023,1,234.72,0
O001555,P0012,1,202.16,0
O001556,P0080,2,52.81,0
O001557,P0012,1,202.16,0
O001557,P0086,2,7.88,0
O001557,P0137,2,9.05,0
O001558,P0145,1,10.1,0
O001558,P0077,1,86.48,0
O001559,P0076,2,53.1,0
O001560,P0128,3,40.97,0
O001561,P0084,2,13.25,0
O001562,P0138,3,119.25,0
O001563,P0015,1,54.36,5
O001563,P0059,3,46.72,5
O001563,P0028,2,456.12,5
O001563,P0024,1,70.63,5
O001564,P0004,1,203.73,0
O001564,P0018,1,103.25,0
O001564,P0007,1,566.07,0
O001564,P0063,3,95.57,0
O001565,P0073,1,99.68,0
O001565,P0020,-1,48.67,0
O001566,P0128,1,40.97,0
O001566,P0061,1,30.11,0
O001567,P0086,1,7.88,0
O001567,P0035,3,228.97,0
O001568,P0026,1,143.66,0
O001569,P0130,1,22.25,0
O001569,P0029,2,612.77,0
O001569,P0120,1,233.46,0
O001569,P0095,1,45.19,0
O001570,P0008,1,47.86,40
O001571,P0121,3,35.48,0
O001571,P0045,1,36.65,0
O001572,P0038,1,11.96,0
O001573,P0081,1,38.74,10
O001573,P0147,1,8.3,10
O001574,P0088,1,12.2,0
O001575,P0027,1,261.66,10
O001575,P0035,1,228.97,10
O001575,P0013,1,237.97,10
O001576,P0101,1,12.63,0
O001577,P0041,1,240.17,10
O001577,P0053,3,79.81,10
O001577,P0045,2,36.65,10
O001577,P0036,1,80.43,10
O001578,P0065,1,128.91,0
O001579,P0016,1,490.88,0
O001580,P0025,1,63.7,0
O001581,P0056,3,54.99,0
O001581,P0098,2,5.21,0
O001581,P0053,1,79.81,0
O001582,P0022,1,535.5,0
O001583,P0062,1,0.0,0
O001584,P0036,1,80.43,0
O001584,P0053,1,79.81,0
O001584,P0134,1,14.57,0
O001585,P0145,1,10.1,0
O001586,P0102,1,6.1,0
O001586,P0149,1,21.0,0
O001586,P0128,1,40.97,0
O001586,P0139,1,117.86,0
O001587,P0065,1,128.91,10
O001587,P0082,1,69.13,10
O001588,P0057,1,62.31,0
O001589,P0113,3,52.25,40
O001589,P0034,1,12.47,40
O001589,P0021,3,103.85,40
O001589,P0060,1,131.68,40
O001590,P0022,2,535.5,0
O001591,P0018,1,103.25,0
O001591,P0112,3,121.72,0
O001591,P0076,3,53.1,0
O001592,P0084,1,13.25,15
O001592,P0013,2,237.97,15
O001593,P0020,3,48.67,0
O001593,P0146,3,36.39,0
O001594,P0054,1,22.5,0
O001594,P0097,2,39.47,0
O001594,P0075,3,50.52,0
O001594,P0083,2,45.29,0
O001595,P0030,3,111.36,10
O001595,P0125,1,231.1,10
O001596,P0146,1,36.39,10
O001596,P0016,3,490.88,10
O001597,P0059,1,46.72,0
O001597,P0066,2,29.64,0
O001598,P0062,2,109.93,0
O001599,P0076,1,53.1,0
O001600,P0046,2,93.34,0
O001601,P0115,1,65.77,0
O001601,P0113,3,52.25,0
O001601,P0003,1,70.0,0
O001602,P0003,3,70.0,0
O001603,P0012,1,202.16,0
O001603,P0085,3,72.91,0
O001604,P0099,2,42.13,10
O001605,P0078,1,46.55,0
O001605,P0086,1,7.88,0
O001605,P0008,1,47.86,0
O001605,P0028,1,456.12,0
O001606,P0020,1,48.67,0
O001607,P0046,2,93.34,0
O001608,P0113,1,52.25,0
O001608,P0062,2,109.93,0
O001609,P0130,1,22.25,0
O001609,P0148,1,74.21,0
O001609,P0091,1,55.44,0
O001610,P0093,1,36.5,10
O001610,P0012,2,202.16,10
O001610,P0052,1,96.7,10
O001610,P0036,3,80.43,10
O001611,P0058,1,96.6,0
O001611,P0051,3,37.8,0
O001611,P0012,1,202.16,0
O001611,P0112,3,121.72,0
O001612,P0011,1,746.1,0
O001612,P0072,2,22.81,0
O001612,P0141,1,32.3,0
O001612,P0078,1,46.55,0
O001613,P0033,1,58.2,0
O001614,P0006,2,317.9,10
O001614,P0087,1,72.97,10
O001615,P0046,1,93.34,0
O001616,P0047,1,22.6,0
O001617,P0060,3,131.68,0
O001617,P0072,3,22.81,0
O001617,P0142,3,46.23,0
O001618,P0012,1,202.16,0
O001619,P0130,2,22.25,0
O001619,P0060,1,131.68,0
O001619,P0147,3,8.3,0
O001620,P0148,1,74.21,0
O001621,P0002,3,428.99,0
O001621,P0058,2,96.6,0
O001621,P0026,1,143.66,0
O001622,P0068,3,23.84,0
O001622,P0144,1,10.61,0
O001622,P0102,1,6.1,0
O001623,P0062,3,109.93,0
O001623,P0006,1,317.9,0
O001623,P0032,1,28.68,0
O001623,P0007,1,566.07,0
O001624,P0050,1,23.7,40
O001625,P0059,3,46.72,0
O001625,P0042,1,94.19,0
O001625,P0099,1,42.13,0
O001626,P0142,2,46.23,0
O001626,P0027,1,261.66,0
O001627,P0093,1,36.5,0
O001627,P0077,1,86.48,0
O001627,P0011,3,746.1,0
O001628,P0059,1,46.72,0
O001628,P0040,2,12.05,0
O001628,P0083,1,45.29,0
O001628,P0024,2,70.63,0
O001629,P0080,1,52.81,0
O001629,P0013,1,237.97,0
O001629,P0022,2,535.5,0
O001630,P0019,1,225.54,0
O001630,P0060,1,131.68,0
O001630,P0137,1,9.05,0
O001631,P0050,2,23.7,0
O001631,P0088,1,12.2,0
O001632,P0127,1,69.7,0
O001632,P0126,1,119.65,0
O001633,P0133,3,68.25,0
O001634,P0003,1,70.0,0
O001635,P0067,3,20.79,0
O001635,P0011,1,746.1,0
O001635,P0074,3,26.63,0
O001636,P0069,1,25.15,0
O001636,P0053,3,79.81,0
O001637,P0027,1,261.66,0
O001637,P0027,2,261.66,0
O001637,P0019,1,225.54,0
O001638,P0027,1,261.66,0
O001638,P0002,3,428.99,0
O001638,P0062,1,109.93,0
O001639,P0075,1,50.52,0
O001639,P0029,1,612.77,0
O001639,P0072,1,22.81,0
O001640,P0074,1,26.63,0
O001641,P0047,1,22.6,0
O001641,P0029,1,612.77,0
O001642,P0020,1,48.67,0
O001643,P0026,1,143.66,0
O001643,P0099,2,42.13,0
O001644,P0024,1,70.63,0
O001644,P0046,1,93.34,0
O001645,P0004,2,203.73,0
O001645,P0141,2,32.3,0
O001645,P0030,1,111.36,0
O001645,P0042,2,94.19,0
O001646,P0078,1,46.55,0
O001646,P0047,1,22.6,0
O001647,P0052,1,96.7,0
O001647,P0117,1,37.62,0
O001647,P0042,1,94.19,0
O001647,P0061,1,30.11,0
O001648,P0103,1,43.56,10
O001649,P0068,1,23.84,0
O001649,P0063,1,95.57,0
O001649,P0022,2,535.5,0
O001649,P0109,2,191.49,0
O001650,P0047,1,22.6,0
O001651,P0078,2,46.55,0
O001651,P0014,1,280.69,0
O001652,P0033,1,58.2,20
O001652,P0049,1,192.27,20
O001652,P0099,1,42.13,20
O001652,P0034,3,12.47,20
O001653,P0037,1,46.51,0
O001653,P0059,3,46.72,0
O001653,P0125,1,231.1,0
O001653,P0116,2,64.62,0
O001654,P0053,1,79.81,0
O001655,P0018,2,103.25,0
O001656,P0024,1,70.63,0
O001657,P0065,1,128.91,0
O001658,P0032,3,28.68,0
O001658,P0134,1,14.57,0
O001658,P0037,1,46.51,0
O001659,P0047,2,22.6,0
O001660,P0044,1,96.71,0
O001660,P0062,1,109.93,0
O001661,P0008,2,47.86,0
O001662,P0115,2,65.77,0
O001663,P0039,3,35.85,0
O001663,P0102,3,6.1,0
O001663,P0144,3,10.61,0
O001664,P0029,2,612.77,0
O001665,P0093,1,36.5,0
O001665,P0105,1,192.4,0
O001665,P0045,3,36.65,0
O001665,P0012,1,202.16,0
O001666,P0071,3,88.96,0
O001666,P0017,1,45.26,0
O001666,P0051,1,37.8,0
O001667,P0003,2,70.0,0
O001668,P0095,1,45.19,40
O001668,P0013,1,237.97,40
O001668,P0018,1,103.25,40
O001668,P0038,1,11.96,40
O001669,P0047,1,22.6,0
O001670,P0001,1,59.15,0
O001671,P0057,1,62.31,0
O001672,P0138,1,119.25,20
O001672,P0146,1,36.39,20
O001672,P0128,1,40.97,20
O001672,P0083,2,45.29,20
O001673,P0142,2,46.23,0
O001673,P0125,1,231.1,0
O001673,P0047,1,22.6,0
O001673,P0129,1,10.47,0
O001674,P0052,3,96.7,0
O001675,P0079,1,21.76,0
O001675,P0140,2,95.27,0
O001675,P0065,3,128.91,0
O001676,P0149,3,21.0,0
O001676,P0044,1,96.71,0
O001676,P0033,1,58.2,0
O001677,P0011,2,746.1,5
O001677,P0035,2,228.97,5
O001677,P0075,1,50.52,5
O001677,P0032,2,28.68,5
O001678,P0131,1,10.19,15
O001679,P0021,1,103.85,0
O001679,P0112,3,121.72,0
O001680,P0082,1,69.13,0
O001680,P0013,1,237.97,0
O001680,P0003,2,70.0,0
O001681,P0009,1,879.03,0
O001682,P0070,3,144.85,0
O001682,P0022,1,535.5,0
O001683,P0098,3,5.21,0
O001683,P0032,1,28.68,0
O001684,P0054,2,22.5,10
O001684,P0044,2,96.71,10
O001684,P0051,3,37.8,10
O001685,P0048,1,80.09,0
O001685,P0150,2,28.39,0
O001686,P0039,2,35.85,0
O001686,P0024,3,70.63,0
O001687,P0004,3,203.73,0
O001688,P0065,1,128.91,0
O001688,P0022,2,535.5,0
O001688,P0141,1,32.3,0
O001689,P0068,1,23.84,0
O001690,P0110,1,231.1,0
O001690,P0075,1,50.52,0
O001690,P0044,3,96.71,0
O001690,P0062,3,109.93,0
O001691,P0072,1,22.81,0
O001691,P0098,1,5.21,0
O001692,P0070,2,144.85,10
O001692,P0034,1,12.47,10
O001692,P0053,1,79.81,10
O001693,P0034,3,12.47,0
O001694,P0131,1,10.19,0
O001694,P0028,1,456.12,0
O001694,P0129,1,10.47,0
O001695,P0073,1,99.68,0
O001695,P0040,1,12.05,0
O001696,P0055,3,21.55,0
O001697,P0137,2,9.05,0
O001698,P0035,2,228.97,0
O001698,P0150,3,28.39,0
O001698,P0086,1,7.88,0
O001698,P0059,3,46.72,0
O001699,P0098,2,5.21,20
O001699,P0145,3,10.1,20
O001699,P0112,1,121.72,20
O001699,P0068,1,23.84,20
O001700,P0037,1,46.51,0
O001700,P0120,1,233.46,0
O001701,P0126,1,119.65,0
O001701,P0029,1,612.77,0
O001702,P0020,3,48.67,0
O001702,P0034,3,12.47,0
O001702,P0104,3,56.02,0
O001702,P0129,2,10.47,0
O001703,P0082,1,69.13,0
O001703,P0092,3,9.46,0
O001703,P0077,1,86.48,0
O001703,P0092,2,9.46,0
O001704,P0036,3,80.43,0
O001704,P0118,3,60.49,0
O001704,P0001,3,59.15,0
O001704,P0150,1,28.39,0
O001705,P0021,1,103.85,0
O001705,P0045,1,36.65,0
O001706,P0104,1,56.02,0
O001706,P0056,2,54.99,0
O001707,P0021,1,103.85,0
O001708,P0051,2,37.8,0
O001708,P0049,3,192.27,0
O001708,P0012,1,202.16,0
O001709,P0112,3,121.72,0
O001710,P0015,3,54.36,0
O001710,P0009,3,879.03,0
O001710,P0107,1,42.73,0
O001710,P0030,3,111.36,0
O001711,P0070,2,144.85,0
O001711,P0020,2,48.67,0
O001712,P0059,1,46.72,0
O001712,P0020,2,48.67,0
O001712,P0108,3,153.58,0
O001712,P0131,1,10.19,0
O001713,P0097,1,39.47,10
O001714,P0070,1,144.85,0
O001714,P0008,3,47.86,0
O001715,P0028,1,456.12,0
O001716,P0142,2,46.23,0
O001716,P0084,1,13.25,0
O001716,P0068,3,23.84,0
O001717,P0123,1,13.17,0
O001717,P0044,3,96.71,0
O001717,P0071,1,88.96,0
O001717,P0012,2,202.16,0
O001718,P0059,1,46.72,0
O001719,P0030,3,111.36,0
O001720,P0096,1,62.39,0
O001721,P0085,1,72.91,0
O001721,P0087,2,72.97,0
O001722,P0150,2,28.39,0
O001723,P0074,1,26.63,0
O001724,P0039,1,35.85,0
O001725,P0147,1,8.3,0
O001726,P0005,3,105.05,0
O001726,P0032,1,28.68,0
O001727,P0010,3,261.54,0
O001728,P0029,2,612.77,0
O001729,P0064,1,101.18,0
O001730,P0013,1,237.97,15
O001730,P0146,1,36.39,15
O001730,P0092,1,9.46,15
O001730,P0017,1,45.26,15
O001731,P0013,2,237.97,0
O001731,P0046,1,93.34,0
O001732,P0033,1,58.2,0
O001733,P0040,1,12.05,0
O001733,P0051,1,37.8,0
O001734,P0077,2,86.48,0
O001735,P0056,1,54.99,0
O001735,P0093,1,36.5,0
O001735,P0045,3,36.65,0
O001736,P0056,3,54.99,0
O001737,P0001,1,59.15,0
O001738,P0099,1,42.13,0
O001738,P0097,1,39.47,0
O001738,P0075,1,50.52,0
O001738,P0022,1,535.5,0
O001739,P0008,3,47.86,0
O001740,P0086,1,7.88,0
O001740,P0029,1,612.77,0
O001740,P0073,1,99.68,0
O001740,P0037,1,46.51,0
O001741,P0057,1,62.31,0
O001742,P0025,1,63.7,0
O001743,P0134,2,14.57,0
O001743,P0048,3,80.09,0
O001744,P0136,3,64.01,0
O001744,P0147,1,8.3,0
O001744,P0142,3,46.23,0
O001745,P0136,3,64.01,0
O001746,P0031,3,100.42,0
O001747,P0117,1,37.62,0
O001748,P0061,1,30.11,0
O001749,P0136,1,64.01,0
O001749,P0117,2,37.62,0
O001749,P0072,1,22.81,0
O001749,P0074,1,26.63,0
O001750,P0028,1,456.12,0
O001751,P0013,3,237.97,0
O001751,P0124,1,16.63,0
O001751,P0042,1,94.19,0
O001751,P0119,1,111.41,0
O001752,P0047,3,22.6,0
O001753,P0098,1,5.21,0
O001754,P0122,1,44.07,0
O001754,P0122,1,44.07,0
O001754,P0034,1,12.47,0
O001754,P0030,1,111.36,0
O001755,P0025,1,63.7,0
O001756,P0008,3,47.86,0
O001757,P0001,1,59.15,0
O001758,P0066,1,29.64,0
O001758,P0011,2,746.1,0
O001759,P0024,1,70.63,0
O001759,P0147,1,8.3,0
O001760,P0055,1,21.55,0
O001760,P0076,3,53.1,0
O001760,P0050,2,23.7,0
O001760,P0073,1,99.68,0
O001761,P0141,1,32.3,0
O001762,P0135,1,61.66,0
O001763,P0044,1,96.71,0
O001764,P0051,3,37.8,0
O001764,P0059,1,46.72,0
O001764,P0135,3,61.66,0
O001764,P0102,1,6.1,0
O001765,P0109,2,191.49,0
O001766,P0135,3,61.66,0
O001767,P0078,1,46.55,0
O001768,P0102,1,6.1,0
O001768,P0138,3,119.25,0
O001768,P0030,2,111.36,0
O001769,P0148,2,74.21,0
O001769,P0046,1,93.34,0
O001769,P0061,3,30.11,0
O001769,P0046,1,93.34,0
O001770,P0148,1,74.21,0
O001771,P0132,2,9.56,0
O001772,P0057,1,62.31,0
O001773,P0089,3,75.8,0
O001774,P0007,2,566.07,0
O001774,P0101,1,12.63,0
O001774,P0115,1,65.77,0
O001774,P0103,1,43.56,0
O001775,P0145,3,10.1,0
O001775,P0110,1,231.1,0
O001776,P0024,1,70.63,0
O001777,P0063,3,95.57,0
O001777,P0077,1,86.48,0
O001777,P0070,1,144.85,0
O001778,P0009,1,879.03,0
O001778,P0019,2,225.54,0
O001778,P0023,3,234.72,0
O001779,P0106,3,93.16,0
O001779,P0126,2,119.65,0
O001780,P0058,3,96.6,10
O001780,P0009,1,879.03,10
O001780,P0032,1,28.68,10
O001781,P0053,3,79.81,0
O001782,P0001,1,59.15,0
O001782,P0097,2,39.47,0
O001783,P0131,1,10.19,0
O001784,P0102,1,6.1,10
O001784,P0015,1,54.36,10
O001785,P0062,1,109.93,0
O001785,P0030,2,111.36,0
O001786,P0055,2,21.55,0
O001787,P0022,1,535.5,0
O001787,P0040,3,12.05,0
O001788,P0015,1,54.36,0
O001789,P0062,1,109.93,0
O001789,P0041,3,240.17,0
O001789,P0092,1,9.46,0
O001790,P0109,3,191.49,0
O001790,P0077,2,86.48,0
O001791,P0129,3,10.47,0
O001791,P0041,1,240.17,0
O001791,P0099,1,42.13,0
O001791,P0094,1,42.24,0
O001792,P0095,1,45.19,0
O001793,P0100,1,14.85,0
O001793,P0097,2,39.47,0
O001793,P0050,1,23.7,0
O001793,P0139,1,117.86,0
O001794,P0053,1,79.81,0
O001794,P0045,3,36.65,0
O001794,P0033,3,58.2,0
O001795,P0032,1,28.68,0
O001795,P0094,3,42.24,0
O001796,P0083,3,45.29,0
O001796,P0053,1,79.81,0
O001796,P0071,1,88.96,0
O001797,P0049,1,192.27,0
O001797,P0098,1,5.21,0
O001798,P0053,1,79.81,0
O001799,P0009,3,879.03,0
O001799,P0138,1,119.25,0
O001800,P0100,3,14.85,0
O001800,P0043,1,15.93,0
O001800,P0011,3,746.1,0
O001800,P0071,1,88.96,0
O001801,P0073,1,99.68,0
O001802,P0084,3,13.25,5
O001802,P0071,2,88.96,5
O001802,P0121,3,35.48,5
O001803,P0065,2,128.91,15
O001804,P0022,3,535.5,0
O001804,P0035,1,228.97,0
O001805,P0093,2,36.5,0
O001806,P0040,1,12.05,0
O001807,P0077,1,86.48,0
O001807,P0094,1,42.24,0
O001808,P0009,1,879.03,0
O001808,P0142,1,46.23,0
O001808,P0012,3,202.16,0
O001808,P0019,3,225.54,0
O001809,P0071,1,88.96,0
O001810,P0074,3,26.63,0
O001810,P0036,1,80.43,0
O001811,P0025,1,63.7,0
O001811,P0016,3,490.88,0
O001812,P0076,1,53.1,0
O001813,P0077,1,86.48,0
O001813,P0148,1,74.21,0
O001814,P0049,3,192.27,0
O001814,P0040,1,12.05,0
O001814,P0128,3,40.97,0
O001815,P0045,1,36.65,0
O001816,P0041,1,240.17,0
O001816,P0017,2,45.26,0
O001817,P0125,1,231.1,0
O001818,P0142,3,46.23,0
O001818,P0144,2,10.61,0
O001819,P0026,3,143.66,0
O001820,P0031,3,100.42,10
O001821,P0023,3,234.72,0
O001821,P0131,1,10.19,0
O001821,P0106,2,93.16,0
O001822,P0016,1,490.88,0
O001823,P0018,3,103.25,0
O001824,P0010,1,261.54,0
O001825,P0044,1,96.71,0
O001825,P0112,3,121.72,0
O001825,P0083,1,45.29,0
O001825,P0100,1,14.85,0
O001826,P0043,1,15.93,0
O001826,P0053,1,79.81,0
O001827,P0070,1,144.85,0
O001828,P0027,1,261.66,0
O001828,P0058,1,96.6,0
O001828,P0044,3,96.71,0
O001829,P0128,1,40.97,0
O001830,P0004,2,203.73,5
O001831,P0057,2,62.31,0
O001831,P0086,1,7.88,0
O001832,P0029,1,612.77,0
O001832,P0029,1,612.77,0
O001833,P0020,1,48.67,0
O001833,P0060,1,131.68,0
O001833,P0011,1,746.1,0
O001833,P0126,1,119.65,0
O001834,P0110,3,231.1,0
O001835,P0042,1,94.19,0
O001836,P0125,1,231.1,0
O001836,P0030,2,111.36,0
O001836,P0028,1,456.12,0
O001837,P0134,3,14.57,10
O001838,P0125,2,231.1,0
O001838,P0005,3,105.05,0
O001838,P0043,1,15.93,0
O001839,P0040,1,12.05,0
O001840,P0045,1,36.65,0
O001840,P0020,3,48.67,0
O001840,P0141,2,32.3,0
O001840,P0137,2,9.05,0
O001841,P0131,1,10.19,0
O001841,P0132,1,9.56,0
O001841,P0026,1,143.66,0
O001842,P0147,3,8.3,0
O001843,P0033,3,58.2,0
O001844,P0003,2,70.0,0
O001844,P0049,2,192.27,0
O001845,P0044,3,96.71,0
O001846,P0092,1,9.46,0
O001846,P0126,1,119.65,0
O001846,P0062,1,109.93,0
O001846,P0021,1,103.85,0
O001847,P0043,1,15.93,0
O001847,P0095,3,45.19,0
O001848,P0142,1,46.23,0
O001848,P0058,1,96.6,0
O001849,P0142,2,46.23,0
O001849,P0048,1,80.09,0
O001850,P0003,1,70.0,0
O001851,P0054,1,22.5,0
O001852,P0075,1,50.52,0
O001852,P0068,2,23.84,0
O001852,P0121,1,35.48,0
O001852,P0058,3,96.6,0
O001853,P0023,1,234.72,0
O001853,P0020,1,48.67,0
O001854,P0096,3,62.39,0
O001854,P0044,2,96.71,0
O001855,P0053,1,79.81,0
O001856,P0141,1,32.3,0
O001856,P0066,2,29.64,0
O001857,P0027,3,261.66,0
O001857,P0142,1,46.23,0
O001857,P0064,2,101.18,0
O001857,P0040,1,12.05,0
O001858,P0148,1,74.21,0
O001859,P0115,1,65.77,0
O001860,P0056,1,54.99,0
O001860,P0032,2,28.68,0
O001861,P0110,1,231.1,0
O001861,P0140,2,95.27,0
O001861,P0022,2,535.5,0
O001862,P0114,1,30.32,0
O001862,P0120,3,233.46,0
O001862,P0049,1,192.27,0
O001863,P0007,2,566.07,0
O001864,P0083,1,45.29,0
O001865,P0093,1,36.5,20
O001865,P0010,1,261.54,20
O001865,P0071,3,88.96,20
O001865,P0018,1,103.25,20
O001866,P0124,-1,16.63,0
O001866,P0085,1,72.91,0
O001867,P0140,1,95.27,0
O001867,P0065,3,128.91,0
O001868,P0105,1,192.4,0
O001869,P0106,1,93.16,0
O001869,P0057,2,62.31,0
O001869,P0002,3,428.99,0
O001869,P0071,1,88.96,0
O001870,P0024,2,70.63,0
O001870,P0089,1,75.8,0
O001871,P0110,3,231.1,10
O001871,P0092,3,9.46,10
O001871,P0034,1,12.47,10
O001872,P0091,2,55.44,0
O001872,P0046,2,93.34,0
O001873,P0054,1,22.5,0
O001873,P0045,2,36.65,0
O001873,P0074,3,26.63,0
O001873,P0037,1,46.51,0
O001874,P0068,1,23.84,0
O001875,P0082,1,69.13,0
O001876,P0057,1,62.31,10
O001877,P0076,2,53.1,0
O001877,P0011,3,746.1,0
O001877,P0133,2,68.25,0
O001878,P0087,3,72.97,0
O001879,P0053,3,79.81,0
O001880,P0148,1,74.21,5
O001880,P0115,1,65.77,5
O001881,P0099,1,42.13,0
O001881,P0096,3,62.39,0
O001882,P0069,3,25.15,0
O001883,P0034,1,12.47,0
O001883,P0096,1,62.39,0
O001884,P0001,3,59.15,0
O001884,P0011,2,746.1,0
O001885,P0093,2,36.5,0
O001885,P0089,1,75.8,0
O001886,P0127,1,69.7,0
O001886,P0023,1,234.72,0
O001886,P0103,3,43.56,0
O001886,P0056,1,54.99,0
O001887,P0057,2,62.31,0
O001888,P0074,2,26.63,0
O001888,P0022,1,535.5,0
O001888,P0034,1,12.47,0
O001888,P0019,1,225.54,0
O001889,P0021,1,103.85,0
O001889,P0009,1,879.03,0
O001890,P0019,3,225.54,0
O001890,P0008,3,47.86,0
O001891,P0129,1,10.47,0
O001892,P0145,2,10.1,0
O001892,P0055,2,21.55,0
O001893,P0050,3,23.7,0
O001893,P0125,2,231.1,0
O001894,P0134,2,14.57,0
O001894,P0019,1,225.54,0
O001895,P0097,1,39.47,0
O001896,P0075,1,50.52,0
O001897,P0150,2,28.39,0
O001897,P0030,1,111.36,0
O001898,P0005,1,105.05,5
O001898,P0114,3,30.32,5
O001899,P0120,2,233.46,0
O001900,P0035,3,228.97,0
O001901,P0049,2,192.27,0
O001901,P0129,2,10.47,0
O001901,P0148,1,74.21,0
O001901,P0054,1,22.5,0
O001902,P0020,1,48.67,0
O001902,P0035,3,228.97,0
O001903,P0042,1,94.19,0
O001903,P0045,1,36.65,0
O001904,P0128,3,40.97,10
O001905,P0075,1,50.52,0
O001906,P0005,1,105.05,0
O001907,P0070,3,144.85,0
O001907,P0037,1,46.51,0
O001908,P0019,3,225.54,0
O001908,P0007,2,566.07,0
O001908,P0037,1,46.51,0
O001908,P0128,1,40.97,0
O001909,P0039,1,35.85,0
O001909,P0048,2,80.09,0
O001909,P0116,1,64.62,0
O001909,P0042,1,94.19,0
O001910,P0042,1,94.19,0
O001911,P0038,1,11.96,0
O001912,P0011,3,746.1,0
O001912,P0066,1,29.64,0
O001913,P0031,2,100.42,0
O001913,P0021,1,103.85,0
O001913,P0022,1,535.5,0
O001914,P0042,1,94.19,10
O001915,P0046,1,93.34,0
O001915,P0131,1,10.19,0
O001915,P0124,1,16.63,0
O001915,P0147,1,8.3,0
O001916,P0060,1,131.68,0
O001917,P0013,3,237.97,0
O001917,P0016,1,490.88,0
O001917,P0107,2,42.73,0
O001917,P0137,1,9.05,0
O001918,P0124,3,16.63,0
O001918,P0085,1,72.91,0
O001918,P0031,3,100.42,0
O001918,P0054,2,22.5,0
O001919,P0126,3,119.65,0
O001920,P0147,1,8.3,0
O001920,P0087,2,72.97,0
O001921,P0062,1,109.93,20
O001921,P0099,1,42.13,20
O001921,P0072,1,22.81,20
O001921,P0002,1,428.99,20
O001922,P0142,3,46.23,0
O001922,P0076,3,53.1,0
O001922,P0035,3,228.97,0
O001923,P0117,1,37.62,0
O001923,P0046,1,93.34,0
O001924,P0035,1,228.97,0
O001925,P0085,1,72.91,0
O001925,P0031,1,100.42,0
O001925,P0129,2,10.47,0
O001925,P0032,1,28.68,0
O001926,P0071,3,88.96,0
O001926,P0045,2,36.65,0
O001927,P0047,1,22.6,0
O001928,P0127,2,69.7,10
O001928,P0112,1,121.72,10
O001929,P0069,1,25.15,0
O001929,P0095,3,45.19,0
O001930,P0075,1,50.52,0
O001931,P0076,2,53.1,0
O001931,P0045,3,36.65,0
O001932,P0039,2,35.85,0
O001933,P0142,1,46.23,0
O001934,P0005,1,105.05,0
O001934,P0032,1,28.68,0
O001935,P0047,3,22.6,0
O001935,P0007,1,566.07,0
O001935,P0085,1,72.91,0
O001936,P0084,1,13.25,0
O001937,P0050,1,23.7,0
O001938,P0031,2,100.42,0
O001939,P0116,1,64.62,0
O001939,P0105,1,192.4,0
O001940,P0033,3,58.2,0
O001941,P0018,1,103.25,0
O001942,P0067,1,20.79,0
O001943,P0144,1,10.61,0
O001943,P0009,1,879.03,0
O001943,P0106,3,93.16,0
O001943,P0029,1,612.77,0
O001944,P0035,1,228.97,0
O001945,P0071,2,88.96,0
O001945,P0001,1,59.15,0
O001945,P0003,1,70.0,0
O001945,P0009,1,879.03,0
O001946,P0110,1,231.1,0
O001947,P0118,1,60.49,0
O001947,P0058,1,96.6,0
O001948,P0098,1,5.21,0
O001948,P0076,1,53.1,0
O001948,P0068,0,23.84,0
O001948,P0057,1,62.31,0
O001949,P0100,1,14.85,0
O001950,P0138,1,119.25,0
O001951,P0099,3,42.13,0
O001951,P0131,1,10.19,0
O001952,P0142,1,46.23,0
O001953,P0127,3,69.7,0
O001954,P0084,1,13.25,0
O001955,P0136,2,64.01,0
O001955,P0087,1,72.97,0
O001955,P0048,1,80.09,0
O001955,P0035,1,228.97,0
O001956,P0133,1,68.25,0
O001956,P0140,2,95.27,0
O001957,P0046,1,93.34,0
O001958,P0119,1,111.41,0
O001958,P0027,1,261.66,0
O001958,P0009,2,879.03,0
O001958,P0108,3,153.58,0
O001959,P0104,3,56.02,0
O001960,P0107,1,42.73,0
O001961,P0056,3,54.99,0
O001961,P0049,1,192.27,0
O001962,P0112,2,121.72,0
O001962,P0132,1,9.56,0
O001962,P0071,1,88.96,0
O001962,P0105,1,192.4,0
O001963,P0084,1,13.25,0
O001963,P0027,1,261.66,0
O001963,P0036,1,80.43,0
O001963,P0038,1,11.96,0
O001964,P0078,1,46.55,0
O001965,P0134,3,14.57,0
O001965,P0137,3,9.05,0
O001966,P0060,1,131.68,0
O001967,P0057,1,62.31,15
O001968,P0039,1,35.85,10
O001968,P0128,1,40.97,10
O001969,P0139,3,117.86,0
O001969,P0039,1,35.85,0
O001969,P0033,2,58.2,0
O001969,P0047,1,22.6,0
O001970,P0128,1,40.97,0
O001970,P0034,1,12.47,0
O001971,P0039,1,35.85,0
O001972,P0053,1,79.81,0
O001973,P0043,1,15.93,0
O001974,P0132,3,9.56,0
O001974,P0014,3,280.69,0
O001974,P0147,1,8.3,0
O001975,P0042,2,94.19,20
O001976,P0087,1,72.97,5
O001976,P0036,2,80.43,5
O001976,P0026,1,143.66,5
O001977,P0032,1,28.68,0
O001977,P0150,2,28.39,0
O001978,P0028,1,456.12,0
O001978,P0135,1,61.66,0
O001979,P0007,1,566.07,0
O001979,P0087,1,72.97,0
O001980,P0109,1,191.49,0
O001980,P0059,2,46.72,0
O001981,P0014,1,280.69,0
O001982,P0005,1,105.05,0
O001982,P0050,1,23.7,0
O001983,P0125,1,231.1,0
O001984,P0056,3,54.99,0
O001985,P0061,3,30.11,0
O001986,P0122,1,44.07,0
O001986,P0074,2,26.63,0
O001986,P0135,1,61.66,0
O001987,P0148,1,74.21,10
O001987,P0113,2,52.25,10
O001987,P0078,3,46.55,10
O001987,P0134,3,14.57,10
O001988,P0081,1,38.74,0
O001989,P0048,1,80.09,0
O001989,P0055,1,21.55,0
O001989,P0115,1,65.77,0
O001990,P0028,3,456.12,0
O001990,P0121,1,35.48,0
O001991,P0124,2,16.63,0
O001991,P0093,3,36.5,0
O001992,P0104,1,56.02,0
O001992,P0082,1,69.13,0
O001992,P0081,2,38.74,0
O001993,P0110,3,231.1,0
O001994,P0011,1,746.1,0
O001995,P0086,1,7.88,10
O001996,P0123,2,13.17,0
O001996,P0099,1,42.13,0
O001997,P0104,1,56.02,0
O001997,P0018,1,103.25,0
O001998,P0068,1,23.84,0
O001998,P0051,3,37.8,0
O001998,P0123,1,13.17,0
O001998,P0031,2,100.42,0
O001999,P0009,0,879.03,0
O002000,P0104,1,56.02,0
O002001,P0053,1,79.81,0
O002002,P0138,2,119.25,0
O002002,P0013,1,237.97,0
O002002,P0073,1,99.68,0
O002003,P0028,1,456.12,0
O002003,P0066,2,29.64,0
O002003,P0107,3,42.73,0
O002004,P0050,3,23.7,0
O002005,P0119,3,111.41,0
O002005,P0012,1,202.16,0
O002005,P0009,2,879.03,0
O002006,P0083,1,45.29,0
O002006,P0132,3,9.56,0
O002007,P0061,3,0.0,0
O002008,P0138,1,119.25,0
O002008,P0066,1,29.64,0
O002008,P0040,3,12.05,0
O002009,P0127,3,69.7,0
O002009,P0043,1,15.93,0
O002009,P0036,1,80.43,0
O002010,P0001,2,59.15,0
O002011,P0120,2,233.46,0
O002012,P0035,3,228.97,0
O002013,P0051,3,37.8,0
O002014,P0002,1,428.99,0
O002014,P0008,1,47.86,0
O002014,P0013,3,237.97,0
O002015,P0080,1,52.81,0
O002016,P0071,3,88.96,0
O002016,P0014,1,280.69,0
O002016,P0119,2,111.41,0
O002017,P0044,1,96.71,0
O002017,P0025,1,63.7,0
O002017,P0087,1,72.97,0
O002018,P0095,3,45.19,0
O002019,P0087,1,72.97,0
O002019,P0047,1,22.6,0
O002020,P0017,1,45.26,0
O002021,P0030,1,111.36,0
O002022,P0039,3,35.85,5
O002023,P0117,1,37.62,0
O002023,P0038,1,11.96,0
O002023,P0035,1,228.97,0
O002023,P0005,1,105.05,0
O002024,P0072,1,22.81,15
O002024,P0010,1,261.54,15
O002025,P0022,2,535.5,0
O002026,P0017,3,45.26,0
O002027,P0011,2,746.1,0
O002028,P0119,1,111.41,0
O002028,P0092,2,9.46,0
O002028,P0006,1,317.9,0
O002029,P0009,2,879.03,0
O002030,P0016,2,490.88,0
O002030,P0150,3,28.39,0
O002031,P0040,2,12.05,0
O002031,P0149,1,21.0,0
O002031,P0056,1,54.99,0
O002031,P0007,1,566.07,0
O002032,P0010,1,261.54,0
O002032,P0056,1,54.99,0
O002033,P0070,1,144.85,0
O002034,P0010,1,261.54,0
O002034,P0039,1,35.85,0
O002035,P0148,1,74.21,0
O002035,P0026,3,143.66,0
O002035,P0094,1,42.24,0
O002035,P0009,3,879.03,0
O002036,P0013,2,237.97,0
O002036,P0073,1,99.68,0
O002036,P0124,3,16.63,0
O002036,P0006,3,317.9,0
O002037,P0029,1,612.77,0
O002037,P0032,1,28.68,0
O002037,P0021,1,103.85,0
O002037,P0072,3,22.81,0
O002038,P0116,2,64.62,0
O002038,P0053,1,79.81,0
O002038,P0061,1,30.11,0
O002038,P0039,1,35.85,0
O002039,P0071,3,88.96,0
O002039,P0020,1,48.67,0
O002040,P0075,1,50.52,10
O002040,P0065,1,128.91,10
O002041,P0036,1,80.43,0
O002041,P0140,2,95.27,0
O002041,P0013,2,237.97,0
O002041,P0055,1,21.55,0
O002042,P0065,1,128.91,0
O002042,P0022,1,535.5,0
O002043,P0009,2,879.03,0
O002044,P0131,2,10.19,0
O002044,P0008,3,47.86,0
O002044,P0058,1,96.6,0
O002044,P0050,1,23.7,0
O002045,P0073,1,99.68,0
O002045,P0011,1,746.1,0
O002045,P0075,2,50.52,0
O002045,P0062,1,109.93,0
O002046,P0116,1,64.62,0
O002046,P0041,1,240.17,0
O002046,P0083,1,45.29,0
O002047,P0009,3,879.03,0
O002048,P0123,1,13.17,0
O002049,P0002,1,428.99,0
O002049,P0115,3,65.77,0
O002050,P0071,1,88.96,0
O002051,P0135,1,61.66,0
O002051,P0022,3,535.5,0
O002052,P0089,1,75.8,0
O002052,P0016,1,490.88,0
O002052,P0071,3,88.96,0
O002052,P0040,1,12.05,0
O002053,P0019,2,225.54,0
O002053,P0007,1,566.07,0
O002054,P0045,2,36.65,0
O002054,P0028,1,456.12,0
O002055,P0012,1,202.16,10
O002056,P0004,1,203.73,0
O002057,P0017,3,45.26,0
O002057,P0070,3,144.85,0
O002057,P0012,1,202.16,0
O002057,P0076,1,53.1,0
O002058,P0027,3,261.66,0
O002059,P0083,1,45.29,0
O002059,P0006,1,317.9,0
O002059,P0133,1,68.25,0
O002060,P0088,1,12.2,0
O002061,P0013,2,237.97,0
O002062,P0124,1,16.63,0
O002062,P0022,1,535.5,0
O002062,P0028,1,456.12,0
O002062,P0097,2,39.47,0
O002063,P0062,1,109.93,0
O002063,P0057,3,62.31,0
O002063,P0068,1,23.84,0
O002063,P0021,2,103.85,0
O002064,P0019,1,225.54,0
O002064,P0024,1,70.63,0
O002064,P0021,1,103.85,0
O002064,P0062,3,109.93,0
O002065,P0069,1,25.15,0
O002065,P0026,1,143.66,0
O002066,P0086,2,7.88,0
O002066,P0118,1,60.49,0
O002066,P0012,1,202.16,0
O002066,P0011,2,746.1,0
O002067,P0060,1,131.68,0
O002068,P0033,3,58.2,0
O002069,P0136,2,64.01,0
O002070,P0101,1,12.63,0
O002071,P0007,1,566.07,0
O002072,P0037,1,46.51,0
O002072,P0057,1,62.31,0
O002072,P0043,2,15.93,0
O002073,P0041,2,240.17,10
O002074,P0023,1,234.72,0
O002075,P0033,1,58.2,0
O002076,P0090,2,74.94,0
O002076,P0116,2,64.62,0
O002076,P0091,2,55.44,0
O002076,P0031,1,100.42,0
O002077,P0095,1,45.19,10
O002078,P0072,3,22.81,0
O002078,P0129,2,10.47,0
O002079,P0083,1,45.29,0
O002080,P0054,2,22.5,10
O002081,P0046,2,93.34,0
O002082,P0055,1,21.55,0
O002082,P0007,3,566.07,0
O002082,P0019,1,225.54,0
O002082,P0034,1,12.47,0
O002083,P0095,1,45.19,0
O002083,P0117,2,37.62,0
O002083,P0053,1,79.81,0
O002084,P0140,3,95.27,0
O002084,P0116,1,64.62,0
O002085,P0137,1,9.05,0
O002086,P0086,1,7.88,0
O002087,P0019,2,225.54,0
O002087,P0095,1,45.19,0
O002087,P0146,3,36.39,0
O002088,P0139,1,117.86,0
O002088,P0016,1,490.88,0
O002089,P0023,3,234.72,0
O002089,P0026,1,143.66,0
O002090,P0009,3,879.03,0
O002090,P0118,1,60.49,0
O002090,P0142,2,46.23,0
O002091,P0116,1,64.62,0
O002091,P0097,2,39.47,0
O002092,P0143,1,10.62,0
O002092,P0038,1,11.96,0
O002093,P0117,1,37.62,0
O002093,P0045,3,36.65,0
O002094,P0150,2,28.39,0
O002095,P0098,1,5.21,0
O002096,P0084,1,13.25,0
O002096,P0132,3,9.56,0
O002097,P0053,2,79.81,0
O002097,P0123,2,13.17,0
O002098,P0068,3,23.84,0
O002098,P0125,2,231.1,0
O002098,P0134,1,14.57,0
O002099,P0142,3,46.23,0
O002100,P0110,1,231.1,10
O002100,P0051,1,37.8,10
O002100,P0051,1,37.8,10
O002101,P0098,2,5.21,0
O002101,P0031,1,100.42,0
O002102,P0104,1,56.02,0
O002102,P0053,1,79.81,0
O002102,P0130,3,22.25,0
O002102,P0099,2,42.13,0
O002103,P0122,1,44.07,10
O002104,P0080,1,52.81,0
O002104,P0031,3,100.42,0
O002104,P0116,3,64.62,0
O002105,P0032,3,28.68,0
O002105,P0051,1,37.8,0
O002105,P0134,1,14.57,0
O002105,P0019,2,225.54,0
O002106,P0025,1,63.7,0
O002106,P0066,3,29.64,0
O002107,P0084,1,13.25,0
O002108,P0099,3,42.13,0
O002109,P0090,2,74.94,0
O002109,P0115,1,65.77,0
O002110,P0100,2,14.85,0
O002110,P0068,3,23.84,0
O002111,P0140,3,95.27,0
O002111,P0145,3,10.1,0
O002112,P0101,1,12.63,0
O002112,P0080,1,52.81,0
O002113,P0005,1,105.05,0
O002113,P0077,3,86.48,0
O002114,P0121,3,35.48,0
O002114,P0014,2,280.69,0
O002115,P0037,1,46.51,0
O002115,P0046,1,93.34,0
O002116,P0026,1,143.66,10
O002116,P0038,1,11.96,10
O002116,P0057,1,62.31,10
O002117,P0068,2,23.84,0
O002117,P0021,3,103.85,0
O002118,P0001,2,59.15,0
O002119,P0025,1,63.7,0
O002119,P0068,2,23.84,0
O002119,P0144,1,10.61,0
O002120,P0136,3,64.01,0
O002120,P0023,1,234.72,0
O002121,P0058,1,96.6,0
O002121,P0038,2,11.96,0
O002122,P0028,1,456.12,0
O002122,P0089,1,75.8,0
O002123,P0060,3,131.68,0
O002123,P0080,1,52.81,0
O002123,P0044,1,96.71,0
O002124,P0038,1,11.96,0
O002125,P0137,1,9.05,0
O002125,P0052,1,96.7,0
O002126,P0001,1,59.15,0
O002127,P0082,2,69.13,0
O002127,P0034,1,12.47,0
O002128,P0044,1,96.71,0
O002129,P0013,3,237.97,0
O002129,P0030,1,111.36,0
O002130,P0072,1,22.81,0
O002130,P0067,3,20.79,0
O002131,P0028,1,456.12,0
O002131,P0063,1,95.57,0
O002131,P0076,3,53.1,0
O002131,P0024,1,70.63,0
O002132,P0020,3,48.67,10
O002133,P0050,2,23.7,0
O002134,P0129,1,10.47,0
O002134,P0039,1,35.85,0
O002134,P0030,1,111.36,0
O002135,P0087,2,72.97,0
O002136,P0097,2,39.47,0
O002137,P0069,1,25.15,0
O002137,P0016,1,490.88,0
O002137,P0035,1,228.97,0
O002138,P0093,1,36.5,0
O002138,P0069,1,25.15,0
O002139,P0019,3,225.54,0
O002140,P0004,1,203.73,0
O002141,P0128,2,40.97,0
O002141,P0029,1,612.77,0
O002141,P0047,2,22.6,0
O002141,P0107,1,42.73,0
O002142,P0008,1,47.86,0
O002143,P0062,2,109.93,0
O002143,P0072,1,22.81,0
O002143,P0054,3,22.5,0
O002143,P0017,3,45.26,0
O002144,P0056,3,54.99,10
O002144,P0090,1,74.94,10
O002144,P0010,3,261.54,10
O002145,P0029,3,612.77,0
O002145,P0069,2,25.15,0
O002145,P0024,1,70.63,0
O002145,P0066,2,29.64,0
O002146,P0113,3,52.25,15
O002147,P0138,1,119.25,0
O002148,P0146,1,36.39,10
O002148,P0136,1,64.01,10
O002148,P0010,1,261.54,10
O002149,P0114,2,30.32,0
O002149,P0006,3,317.9,0
O002149,P0124,2,16.63,0
O002150,P0136,1,64.01,0
O002150,P0022,3,535.5,0
O002151,P0106,1,93.16,0
O002151,P0026,3,143.66,0
O002151,P0067,2,20.79,0
O002152,P0077,1,86.48,0
O002153,P0021,1,103.85,0
O002154,P0042,1,94.19,0
O002155,P0103,2,43.56,0
O002156,P0099,3,42.13,0
O002156,P0095,1,45.19,0
O002156,P0052,2,96.7,0
O002157,P0083,1,45.29,0
O002158,P0126,3,119.65,0
O002159,P0032,3,28.68,0
O002160,P0131,1,10.19,0
O002160,P0118,1,60.49,0
O002161,P0092,2,9.46,0
O002161,P0003,1,70.0,0
O002161,P0110,2,231.1,0
O002162,P0068,3,23.84,0
O002163,P0041,1,240.17,0
O002164,P0039,1,35.85,0
O002164,P0138,1,119.25,0
O002164,P0045,1,36.65,0
O002164,P0106,2,93.16,0
O002165,P0019,2,225.54,0
O002166,P0125,3,231.1,0
O002167,P0016,3,490.88,0
O002168,P0028,1,456.12,0
O002168,P0027,1,261.66,0
O002169,P0135,1,61.66,0
O002169,P0106,2,93.16,0
O002170,P0012,1,202.16,0
O002170,P0004,3,203.73,0
O002171,P0069,2,25.15,0
O002171,P0106,1,93.16,0
O002172,P0079,2,21.76,0
O002172,P0042,1,94.19,0
O002172,P0038,3,11.96,0
O002172,P0076,1,53.1,0
O002173,P0104,3,56.02,0
O002174,P0035,2,228.97,0
O002174,P0027,3,261.66,0
O002175,P0073,1,99.68,0
O002175,P0043,1,15.93,0
O002175,P0130,1,22.25,0
O002175,P0077,3,86.48,0
O002176,P0099,1,42.13,0
O002177,P0015,3,54.36,0
O002177,P0040,1,12.05,0
O002177,P0069,1,25.15,0
O002178,P0139,1,117.86,0
O002178,P0077,3,86.48,0
O002178,P0138,1,119.25,0
O002178,P0057,1,62.31,0
O002179,P0147,1,8.3,10
O002179,P0032,2,28.68,10
O002179,P0134,1,14.57,10
O002179,P0147,3,8.3,10
O002180,P0146,2,36.39,0
O002180,P0045,1,36.65,0
O002181,P0002,2,428.99,20
O002181,P0149,2,21.0,20
O002181,P0138,1,119.25,20
O002181,P0104,1,56.02,20
O002182,P0132,3,9.56,20
O002182,P0067,1,20.79,20
O002182,P0069,2,25.15,20
O002183,P0053,1,79.81,0
O002184,P0034,1,12.47,0
O002184,P0054,2,22.5,0
O002185,P0138,2,119.25,0
O002185,P0101,1,12.63,0
O002186,P0063,1,95.57,0
O002187,P0132,1,9.56,0
O002188,P0050,1,23.7,0
O002189,P0018,1,103.25,15
O002190,P0074,1,26.63,0
O002190,P0051,1,37.8,0
O002191,P0048,2,80.09,0
O002192,P0122,1,44.07,0
O002193,P0044,1,96.71,0
O002194,P0047,1,22.6,0
O002194,P0052,3,96.7,0
O002194,P0075,3,50.52,0
O002195,P0069,2,25.15,0
O002196,P0014,1,280.69,0
O002197,P0025,2,63.7,0
O002198,P0130,3,22.25,0
O002198,P0024,3,70.63,0
O002199,P0060,1,131.68,0
O002199,P0127,1,69.7,0
O002199,P0009,3,879.03,0
O002199,P0001,1,59.15,0
O002200,P0083,2,45.29,0
O002200,P0060,3,131.68,0
O002200,P0110,1,231.1,0
O002201,P0058,1,96.6,0
O002201,P0066,1,29.64,0
O002201,P0143,1,10.62,0
O002202,P0078,1,46.55,0
O002202,P0104,2,56.02,0
O002203,P0128,2,40.97,0
O002203,P0069,1,0.0,0
O002204,P0016,3,490.88,0
O002204,P0149,2,21.0,0
O002205,P0064,1,101.18,0
O002205,P0064,1,101.18,0
O002206,P0082,3,69.13,0
O002207,P0063,2,95.57,0
O002207,P0141,1,32.3,0
O002208,P0020,1,48.67,0
O002209,P0054,2,22.5,0
O002209,P0078,3,46.55,0
O002209,P0012,1,202.16,0
O002210,P0078,1,46.55,0
O002211,P0002,1,428.99,0
O002212,P0062,1,109.93,0
O002212,P0131,1,10.19,0
O002212,P0020,2,48.67,0
O002212,P0021,3,103.85,0
O002213,P0097,3,39.47,0
O002213,P0006,1,317.9,0
O002213,P0088,1,12.2,0
O002213,P0057,1,62.31,0
O002214,P0003,1,70.0,0
O002215,P0120,1,233.46,0
O002216,P0067,1,20.79,15
O002217,P0073,1,99.68,0
O002218,P0087,3,72.97,0
O002218,P0046,3,93.34,0
O002218,P0077,3,86.48,0
O002218,P0076,1,53.1,0
O002219,P0074,1,26.63,0
O002219,P0122,3,44.07,0
O002219,P0111,1,68.84,0
O002220,P0129,2,10.47,0
O002220,P0140,1,95.27,0
O002221,P0082,1,69.13,0
O002221,P0049,2,192.27,0
O002221,P0033,1,58.2,0
O002221,P0123,1,13.17,0
O002222,P0109,3,191.49,10
O002222,P0096,2,62.39,10
O002222,P0038,2,11.96,10
O002223,P0115,1,65.77,0
O002223,P0068,2,23.84,0
O002223,P0067,2,20.79,0
O002223,P0107,3,42.73,0
O002224,P0052,3,96.7,0
O002224,P0040,1,12.05,0
O002225,P0032,2,28.68,0
O002225,P0053,1,79.81,0
O002225,P0003,2,70.0,0
O002226,P0039,1,35.85,0
O002226,P0046,2,93.34,0
O002226,P0142,3,46.23,0
O002227,P0014,1,280.69,0
O002227,P0015,2,54.36,0
O002228,P0002,1,428.99,5
O002228,P0002,3,428.99,5
O002229,P0010,1,261.54,0
O002229,P0051,1,37.8,0
O002230,P0033,1,58.2,0
O002230,P0011,1,746.1,0
O002230,P0028,3,456.12,0
O002230,P0005,3,105.05,0
O002231,P0042,2,94.19,0
O002231,P0126,1,119.65,0
O002231,P0025,2,63.7,0
O002232,P0017,2,45.26,0
O002233,P0003,1,70.0,0
O002234,P0063,1,95.57,0
O002234,P0084,2,13.25,0
O002235,P0086,3,7.88,0
O002235,P0091,1,55.44,0
O002235,P0150,2,28.39,0
O002236,P0003,1,70.0,0
O002236,P0016,3,490.88,0
O002236,P0115,1,65.77,0
O002236,P0006,1,317.9,0
O002237,P0076,1,53.1,0
O002237,P0104,1,56.02,0
O002238,P0002,3,428.99,0
O002239,P0001,1,59.15,0
O002239,P0073,1,99.68,0
O002240,P0076,2,53.1,10
O002240,P0015,3,54.36,10
O002241,P0120,1,233.46,0
O002241,P0012,1,202.16,0
O002241,P0050,1,23.7,0
O002242,P0126,3,119.65,0
O002243,P0030,1,111.36,0
O002244,P0034,3,12.47,0
O002245,P0076,1,53.1,0
O002246,P0023,1,234.72,0
O002247,P0145,1,10.1,0
O002247,P0002,2,428.99,0
O002247,P0148,3,74.21,0
O002247,P0130,1,22.25,0
O002248,P0001,2,59.15,0
O002248,P0017,3,45.26,0
O002249,P0127,2,69.7,0
O002249,P0008,2,47.86,0
O002249,P0030,3,111.36,0
O002250,P0013,3,237.97,5
O002250,P0130,2,22.25,5
O002250,P0060,1,131.68,5
O002251,P0026,2,143.66,0
O002251,P0028,1,456.12,0
O002251,P0057,3,62.31,0
O002252,P0089,3,75.8,0
O002252,P0121,1,35.48,0
O002253,P0047,1,22.6,0
O002254,P0128,2,40.97,0
O002255,P0099,3,42.13,0
O002255,P0044,1,96.71,0
O002256,P0128,3,40.97,0
O002256,P0052,1,96.7,0
O002256,P0027,1,261.66,0
O002257,P0064,2,101.18,10
O002258,P0130,1,22.25,0
O002259,P0067,2,20.79,0
O002259,P0057,3,62.31,0
O002259,P0049,1,192.27,0
O002259,P0033,1,58.2,0
O002260,P0075,1,50.52,0
O002260,P0034,1,12.47,0
O002260,P0116,3,64.62,0
O002260,P0130,1,22.25,0
O002261,P0142,1,46.23,0
O002261,P0057,1,62.31,0
O002262,P0080,1,52.81,0
O002262,P0050,3,23.7,0
O002262,P0069,1,25.15,0
O002262,P0019,2,225.54,0
O002263,P0072,1,22.81,0
O002264,P0057,1,62.31,0
O002264,P0081,3,38.74,0
O002264,P0068,1,23.84,0
O002264,P0074,1,26.63,0
O002265,P0126,2,119.65,0
O002265,P0058,1,96.6,0
O002266,P0109,3,191.49,0
O002267,P0030,1,111.36,0
O002267,P0069,1,25.15,0
O002268,P0025,2,63.7,0
O002269,P0028,2,456.12,0
O002270,P0083,2,45.29,0
O002270,P0105,1,192.4,0
O002270,P0059,1,46.72,0
O002271,P0028,2,456.12,0
O002271,P0065,2,128.91,0
O002272,P0006,2,317.9,0
O002273,P0034,1,12.47,0
O002274,P0006,3,317.9,0
O002275,P0064,1,101.18,0
O002275,P0049,1,192.27,0
O002276,P0003,1,70.0,10
O002276,P0032,1,28.68,10
O002277,P0038,2,11.96,0
O002277,P0056,1,54.99,0
O002278,P0062,3,109.93,0
O002278,P0088,1,12.2,0
O002279,P0042,1,94.19,0
O002280,P0067,1,20.79,0
O002280,P0045,1,36.65,0
O002280,P0026,1,143.66,0
O002280,P0066,2,29.64,0
O002281,P0098,2,5.21,0
O002282,P0100,1,14.85,0
O002283,P0110,2,231.1,0
O002283,P0022,2,535.5,0
O002284,P0077,1,86.48,0
O002284,P0074,1,26.63,0
O002284,P0070,2,144.85,0
O002285,P0079,1,21.76,0
O002286,P0078,1,46.55,0
O002286,P0004,1,203.73,0
O002287,P0029,3,612.77,0
O002287,P0038,3,11.96,0
O002288,P0003,1,70.0,0
O002288,P0133,1,68.25,0
O002289,P0062,1,109.93,0
O002289,P0060,3,131.68,0
O002290,P0061,3,30.11,0
O002290,P0036,1,80.43,0
O002290,P0108,1,153.58,0
O002291,P0038,1,11.96,5
O002292,P0055,1,21.55,0
O002292,P0046,1,93.34,0
O002293,P0078,2,46.55,0
O002293,P0058,1,96.6,0
O002293,P0032,1,28.68,0
O002294,P0061,3,30.11,0
O002295,P0136,2,64.01,0
O002296,P0084,3,13.25,0
O002297,P0041,1,240.17,0
O002297,P0137,1,9.05,0
O002297,P0129,1,10.47,0
O002298,P0033,3,58.2,0
O002299,P0037,1,46.51,0
O002300,P0111,3,68.84,0
O002301,P0079,1,21.76,0
O002301,P0043,1,15.93,0
O002302,P0058,2,96.6,0
O002303,P0058,3,96.6,10
O002303,P0107,1,42.73,10
O002303,P0029,1,612.77,10
O002304,P0004,1,203.73,0
O002305,P0124,1,16.63,10
O002306,P0083,1,45.29,0
O002307,P0017,1,45.26,0
O002307,P0023,1,234.72,0
O002307,P0122,1,44.07,0
O002308,P0106,1,93.16,40
O002309,P0073,2,99.68,0
O002310,P0006,1,317.9,0
O002310,P0094,1,42.24,0
O002310,P0015,1,54.36,0
O002311,P0010,3,261.54,0
O002312,P0149,1,21.0,0
O002312,P0070,1,144.85,0
O002312,P0010,1,261.54,0
O002312,P0108,1,153.58,0
O002313,P0070,1,144.85,0
O002314,P0037,1,46.51,20
O002315,P0148,2,74.21,15
O002315,P0014,2,280.69,15
O002316,P0111,3,68.84,15
O002316,P0016,3,490.88,15
O002317,P0073,1,99.68,15
O002318,P0102,1,6.1,0
O002318,P0141,2,32.3,0
O002319,P0008,1,47.86,0
O002319,P0049,3,192.27,0
O002320,P0029,2,612.77,0
O002321,P0041,1,240.17,10
O002321,P0005,1,105.05,10
O002322,P0042,3,94.19,0
O002323,P0044,1,96.71,0
O002323,P0073,1,99.68,0
O002323,P0070,2,144.85,0
O002324,P0108,3,153.58,0
O002324,P0076,2,53.1,0
O002325,P0011,2,746.1,0
O002325,P0102,1,6.1,0
O002325,P0009,3,879.03,0
O002325,P0119,1,111.41,0
O002326,P0058,3,96.6,0
O002326,P0005,2,105.05,0
O002327,P0123,1,13.17,0
O002328,P0073,1,99.68,0
O002329,P0082,1,69.13,0
O002329,P0007,1,566.07,0
O002329,P0089,2,75.8,0
O002329,P0006,1,317.9,0
O002330,P0070,1,144.85,0
O002330,P0141,3,32.3,0
O002331,P0068,2,23.84,0
O002331,P0130,1,22.25,0
O002332,P0136,2,64.01,0
O002333,P0011,1,746.1,0
O002334,P0063,1,95.57,0
O002334,P0044,1,96.71,0
O002334,P0009,2,879.03,0
O002335,P0137,0,9.05,0
O002336,P0031,2,100.42,0
O002336,P0149,1,21.0,0
O002337,P0055,3,21.55,0
O002337,P0040,2,12.05,0
O002337,P0123,3,13.17,0
O002338,P0055,1,21.55,0
O002339,P0052,1,96.7,0
O002340,P0028,3,456.12,0
O002340,P0070,1,144.85,0
O002340,P0011,3,746.1,0
O002341,P0111,3,68.84,0
O002341,P0102,1,6.1,0
O002342,P0068,3,23.84,0
O002343,P0044,1,96.71,0
O002344,P0055,2,21.55,0
O002344,P0065,1,128.91,0
O002344,P0065,1,128.91,0
O002345,P0147,2,8.3,0
O002346,P0003,2,70.0,0
O002347,P0129,1,10.47,0
O002348,P0131,3,10.19,0
O002348,P0017,1,45.26,0
O002348,P0033,1,58.2,0
O002349,P0015,2,54.36,0
O002350,P0120,2,233.46,0
O002350,P0122,1,44.07,0
O002350,P0011,1,746.1,0
O002350,P0122,2,44.07,0
O002351,P0025,1,63.7,0
O002351,P0078,1,46.55,0
O002352,P0016,1,490.88,0
O002353,P0017,3,45.26,0
O002354,P0055,2,21.55,10
O002354,P0084,1,13.25,10
O002354,P0042,1,94.19,10
O002355,P0042,3,94.19,0
O002355,P0116,1,64.62,0
O002355,P0124,1,16.63,0
O002356,P0110,3,231.1,0
O002356,P0126,1,119.65,0
O002357,P0115,1,65.77,0
O002357,P0005,2,105.05,0
O002358,P0012,1,202.16,0
O002359,P0061,1,30.11,0
O002360,P0113,2,52.25,0
O002360,P0040,1,12.05,0
O002360,P0101,1,12.63,0
O002360,P0070,1,144.85,0
O002361,P0016,3,490.88,10
O002362,P0010,3,261.54,20
O002362,P0047,1,22.6,20
O002363,P0021,1,103.85,0
O002363,P0024,1,70.63,0
O002364,P0111,1,68.84,0
O002364,P0148,1,74.21,0
O002365,P0059,2,46.72,0
O002366,P0019,2,225.54,0
O002366,P0044,1,96.71,0
O002367,P0144,2,10.61,0
O002368,P0033,1,58.2,0
O002368,P0068,3,23.84,0
O002368,P0009,2,879.03,0
O002368,P0070,3,144.85,0
O002369,P0014,1,280.69,0
O002370,P0135,3,61.66,0
O002371,P0126,1,119.65,0
O002371,P0002,1,428.99,0
O002372,P0064,2,101.18,20
O002372,P0006,1,317.9,20
O002372,P0122,2,44.07,20
O002373,P0076,1,53.1,0
O002373,P0146,3,36.39,0
O002374,P0003,1,70.0,0
O002374,P0056,1,0.0,0
O002375,P0041,3,240.17,0
O002375,P0009,2,879.03,0
O002376,P0112,1,121.72,0
O002376,P0118,1,60.49,0
O002376,P0115,1,65.77,0
O002376,P0003,2,70.0,0
O002377,P0047,1,22.6,0
O002378,P0119,2,111.41,0
O002378,P0001,3,59.15,0
O002379,P0109,1,191.49,0
O002380,P0035,1,228.97,0
O002380,P0015,1,54.36,0
O002381,P0074,1,26.63,0
O002381,P0125,1,231.1,0
O002381,P0033,1,58.2,0
O002381,P0019,1,225.54,0
O002382,P0052,1,96.7,0
O002382,P0117,1,37.62,0
O002382,P0147,3,8.3,0
O002383,P0113,1,52.25,0
O002383,P0058,1,96.6,0
O002384,P0146,1,36.39,0
O002384,P0028,3,456.12,0
O002385,P0030,2,111.36,20
O002386,P0129,2,10.47,0
O002387,P0147,1,8.3,0
O002387,P0100,2,14.85,0
O002387,P0047,1,22.6,0
O002388,P0150,1,28.39,0
O002388,P0019,1,225.54,0
O002388,P0071,1,88.96,0
O002389,P0143,1,10.62,0
O002389,P0054,1,22.5,0
O002390,P0107,3,42.73,0
O002390,P0050,2,23.7,0
O002391,P0003,1,70.0,0
O002392,P0063,1,95.57,0
O002392,P0032,3,28.68,0
O002393,P0026,1,143.66,0
O002394,P0006,1,317.9,0
O002395,P0040,1,12.05,0
O002396,P0025,2,63.7,0
O002397,P0124,1,16.63,0
O002397,P0060,2,131.68,0
O002397,P0086,1,7.88,0
O002398,P0005,1,105.05,0
O002399,P0033,2,58.2,0
O002399,P0022,1,535.5,0
O002399,P0032,1,28.68,0
O002400,P0065,1,128.91,10
O002400,P0116,3,64.62,10
O002401,P0118,2,60.49,0
O002402,P0097,1,39.47,15
O002402,P0061,1,30.11,15
O002403,P0010,1,261.54,0
O002403,P0094,1,42.24,0
O002403,P0082,1,69.13,0
O002403,P0034,1,12.47,0
O002404,P0056,2,54.99,0
O002404,P0050,1,23.7,0
O002404,P0096,1,62.39,0
O002405,P0120,2,233.46,0
O002405,P0133,3,68.25,0
O002405,P0081,1,38.74,0
O002405,P0027,3,261.66,0
O002406,P0047,1,22.6,0
O002406,P0092,1,9.46,0
O002407,P0139,1,117.86,0
O002407,P0036,1,80.43,0
O002408,P0088,2,0.0,0
O002409,P0150,3,28.39,10
O002409,P0026,2,143.66,10
O002409,P0038,2,11.96,10
O002410,P0147,1,8.3,0
O002410,P0150,2,28.39,0
O002411,P0007,2,566.07,0
O002411,P0033,2,58.2,0
O002411,P0022,1,535.5,0
O002412,P0130,1,22.25,0
O002413,P0099,1,42.13,0
O002414,P0044,1,96.71,0
O002414,P0037,1,46.51,0
O002414,P0113,2,52.25,0
O002414,P0047,1,22.6,0
O002415,P0070,3,144.85,0
O002416,P0040,3,12.05,0
O002417,P0073,3,99.68,0
O002418,P0132,3,9.56,0
O002419,P0056,1,54.99,0
O002419,P0004,1,203.73,0
O002419,P0027,2,261.66,0
O002419,P0034,1,12.47,0
O002420,P0051,1,37.8,0
O002421,P0099,3,42.13,0
O002421,P0080,1,52.81,0
O002421,P0047,1,22.6,0
O002421,P0055,1,21.55,0
O002422,P0035,1,228.97,0
O002423,P0118,1,60.49,0
O002423,P0098,2,5.21,0
O002423,P0063,2,95.57,0
O002423,P0048,1,80.09,0
O002424,P0039,1,35.85,0
O002425,P0095,3,45.19,0
O002426,P0086,3,7.88,0
O002426,P0039,3,35.85,0
O002427,P0074,2,26.63,0
O002427,P0038,1,11.96,0
O002427,P0093,3,36.5,0
O002428,P0019,1,225.54,0
O002429,P0089,1,75.8,0
O002429,P0027,1,261.66,0
O002429,P0050,1,23.7,0
O002429,P0054,1,22.5,0
O002430,P0100,2,14.85,0
O002430,P0043,1,15.93,0
O002431,P0031,1,100.42,10
O002431,P0138,1,119.25,10
O002432,P0026,2,143.66,0
O002432,P0105,1,192.4,0
O002433,P0065,2,128.91,0
O002433,P0034,1,12.47,0
O002433,P0146,1,36.39,0
O002434,P0139,1,117.86,0
O002435,P0133,1,68.25,0
O002436,P0130,1,22.25,0
O002437,P0049,1,192.27,0
O002437,P0114,1,30.32,0
O002437,P0005,2,105.05,0
O002438,P0138,2,119.25,0
O002439,P0141,1,32.3,0
O002440,P0105,1,192.4,0
O002441,P0067,1,20.79,0
O002442,P0022,1,535.5,0
O002442,P0012,1,202.16,0
O002443,P0028,1,456.12,0
O002444,P0008,1,47.86,0
O002444,P0150,2,28.39,0
O002445,P0146,1,36.39,0
O002445,P0129,1,10.47,0
O002445,P0068,1,23.84,0
O002445,P0042,2,94.19,0
O002446,P0014,1,280.69,0
O002447,P0001,1,59.15,0
O002447,P0094,1,42.24,0
O002447,P0055,1,21.55,0
O002448,P0012,1,202.16,0
O002448,P0054,1,22.5,0
O002448,P0055,2,21.55,0
O002449,P0136,1,64.01,0
O002449,P0044,2,96.71,0
O002449,P0053,1,79.81,0
O002449,P0064,1,101.18,0
O002450,P0099,1,42.13,20
O002451,P0045,2,36.65,0
O002451,P0105,1,192.4,0
O002451,P0127,2,69.7,0
O002452,P0029,1,612.77,0
O002452,P0111,3,68.84,0
O002452,P0017,2,45.26,0
O002453,P0057,2,62.31,0
O002454,P0127,1,69.7,0
O002454,P0053,1,79.81,0
O002455,P0080,2,52.81,0
O002456,P0068,1,23.84,5
O002457,P0010,3,261.54,0
O002458,P0035,2,228.97,0
O002459,P0079,2,21.76,0
O002460,P0029,1,612.77,0
O002460,P0015,1,54.36,0
O002461,P0095,1,45.19,0
O002462,P0141,3,32.3,0
O002463,P0082,1,69.13,0
O002463,P0107,3,42.73,0
O002463,P0144,2,10.61,0
O002463,P0066,2,29.64,0
O002464,P0022,2,535.5,0
O002464,P0030,2,111.36,0
O002465,P0058,2,96.6,0
O002466,P0070,1,144.85,0
O002467,P0041,2,240.17,0
O002468,P0116,1,64.62,0
O002469,P0038,1,11.96,0
O002469,P0048,1,80.09,0
O002470,P0064,1,101.18,10
O002470,P0106,1,93.16,10
O002470,P0109,3,191.49,10
O002471,P0017,1,45.26,10
O002471,P0017,1,45.26,10
O002472,P0033,1,58.2,0
O002472,P0070,1,144.85,0
O002472,P0128,3,40.97,0
O002473,P0012,1,202.16,0
O002473,P0007,1,566.07,0
O002474,P0069,2,25.15,0
O002475,P0019,1,225.54,0
O002476,P0029,1,612.77,0
O002476,P0030,1,111.36,0
O002476,P0092,1,9.46,0
O002477,P0116,1,64.62,0
O002477,P0148,1,74.21,0
O002478,P0019,1,225.54,20
O002479,P0103,1,43.56,0
O002480,P0029,1,612.77,0
O002480,P0066,1,29.64,0
O002481,P0107,3,42.73,0
O002481,P0144,1,10.61,0
O002481,P0101,3,12.63,0
O002481,P0014,1,280.69,0
O002482,P0010,1,261.54,10
O002482,P0085,3,72.91,10
O002483,P0073,2,99.68,0
O002483,P0076,3,53.1,0
O002483,P0025,2,63.7,0
O002483,P0115,1,65.77,0
O002484,P0094,1,42.24,0
O002484,P0017,1,45.26,0
O002485,P0107,1,42.73,0
O002486,P0139,3,117.86,0
O002486,P0118,1,60.49,0
O002486,P0126,1,119.65,0
O002486,P0010,3,261.54,0
O002487,P0101,1,12.63,0
O002488,P0009,2,879.03,0
O002488,P0023,2,234.72,0
O002489,P0071,3,88.96,0
O002489,P0051,1,37.8,0
O002490,P0050,1,23.7,10
O002491,P0028,3,456.12,0
O002491,P0112,3,121.72,0
O002492,P0049,1,192.27,0
O002492,P0016,1,490.88,0
O002493,P0141,1,32.3,0
O002493,P0148,1,74.21,0
O002494,P0034,1,12.47,10
O002494,P0040,1,12.05,10
O002495,P0123,1,13.17,0
O002496,P0067,1,20.79,0
O002496,P0052,3,96.7,0
O002496,P0084,1,13.25,0
O002497,P0066,1,29.64,0
O002497,P0140,1,95.27,0
O002498,P0097,1,39.47,0
O002498,P0139,1,117.86,0
O002498,P0120,2,233.46,0
O002499,P0085,1,72.91,0
O002500,P0094,1,42.24,0
O002500,P0075,1,50.52,0
O002500,P0147,1,8.3,0
O002501,P0048,3,80.09,0
O002502,P0046,3,93.34,0
O002503,P0034,3,12.47,0
O002504,P0119,1,111.41,0
O002504,P0116,1,64.62,0
O002504,P0008,1,47.86,0
O002504,P0087,1,72.97,0
O002505,P0046,3,93.34,0
O002505,P0099,1,42.13,0
O002505,P0003,1,70.0,0
O002505,P0074,1,26.63,0
O002506,P0003,2,70.0,10
O002507,P0117,1,37.62,0
O002507,P0089,1,75.8,0
O002508,P0034,1,12.47,15
O002509,P0017,1,45.26,0
O002509,P0028,1,456.12,0
O002510,P0066,1,29.64,0
O002511,P0134,1,14.57,0
O002511,P0052,1,96.7,0
O002511,P0041,1,240.17,0
O002511,P0017,1,45.26,0
O002512,P0069,3,25.15,0
O002512,P0047,1,22.6,0
O002513,P0016,1,490.88,0
O002513,P0025,1,63.7,0
O002513,P0026,2,143.66,0
O002514,P0115,1,65.77,0
O002514,P0041,2,240.17,0
O002514,P0146,1,36.39,0
O002514,P0097,1,39.47,0
O002515,P0057,3,62.31,0
O002515,P0137,1,9.05,0
O002515,P0107,2,42.73,0
O002515,P0054,3,22.5,0
O002516,P0064,1,101.18,10
O002516,P0114,3,30.32,10
O002517,P0114,3,30.32,0
O002517,P0135,2,61.66,0
O002518,P0106,3,93.16,0
O002518,P0139,1,117.86,0
O002518,P0066,3,29.64,0
O002519,P0100,1,14.85,0
O002520,P0013,1,237.97,40
O002521,P0139,3,117.86,10
O002522,P0094,1,42.24,0
O002522,P0112,3,121.72,0
O002522,P0005,3,105.05,0
O002523,P0071,2,88.96,5
O002523,P0083,1,45.29,5
O002523,P0112,1,121.72,5
O002523,P0056,3,54.99,5
O002524,P0048,1,80.09,0
O002525,P0112,3,121.72,0
O002526,P0075,1,50.52,0
O002526,P0070,3,144.85,0
O002526,P0073,2,99.68,0
O002527,P0010,2,261.54,0
O002528,P0002,1,428.99,0
O002528,P0066,1,29.64,0
O002529,P0002,1,428.99,0
O002530,P0135,1,61.66,0
O002530,P0071,1,88.96,0
O002530,P0150,3,28.39,0
O002531,P0026,1,143.66,0
O002531,P0012,1,202.16,0
O002531,P0001,1,59.15,0
O002532,P0128,3,40.97,20
O002532,P0070,2,144.85,20
O002532,P0118,1,60.49,20
O002533,P0097,1,39.47,0
O002533,P0003,1,70.0,0
O002534,P0002,1,428.99,10
O002534,P0097,1,39.47,10
O002534,P0006,1,317.9,10
O002535,P0070,1,144.85,10
O002535,P0077,3,86.48,10
O002536,P0059,2,46.72,0
O002536,P0088,1,12.2,0
O002536,P0143,3,10.62,0
O002537,P0042,3,94.19,0
O002537,P0064,1,101.18,0
O002537,P0089,2,75.8,0
O002538,P0032,1,28.68,10
O002538,P0089,1,75.8,10
O002539,P0083,3,45.29,0
O002540,P0014,1,280.69,0
O002541,P0057,3,62.31,0
O002541,P0031,3,100.42,0
O002541,P0115,2,65.77,0
O002541,P0027,1,261.66,0
O002542,P0001,3,59.15,0
O002543,P0073,2,99.68,0
O002543,P0146,3,36.39,0
O002544,P0097,3,39.47,0
O002545,P0064,1,101.18,0
O002545,P0067,1,20.79,0
O002545,P0028,1,456.12,0
O002546,P0027,2,261.66,0
O002546,P0021,2,103.85,0
O002546,P0064,1,101.18,0
O002546,P0016,1,490.88,0
O002547,P0001,2,59.15,0
O002548,P0026,3,143.66,0
O002549,P0074,3,26.63,0
O002549,P0031,1,100.42,0
O002549,P0014,3,280.69,0
O002550,P0021,1,103.85,0
O002551,P0096,2,62.39,0
O002551,P0075,1,50.52,0
O002552,P0085,1,72.91,0
O002552,P0065,1,128.91,0
O002553,P0029,1,612.77,0
O002554,P0072,2,22.81,0
O002554,P0097,1,39.47,0
O002555,P0006,3,317.9,0
O002555,P0076,1,53.1,0
O002556,P0034,3,12.47,0
O002557,P0095,1,45.19,0
O002557,P0014,2,280.69,0
O002557,P0149,1,21.0,0
O002558,P0024,3,70.63,0
O002559,P0141,1,32.3,0
O002560,P0115,1,65.77,0
O002560,P0011,1,746.1,0
O002561,P0032,1,28.68,0
O002561,P0010,2,261.54,0
O002561,P0019,1,225.54,0
O002562,P0003,1,70.0,0
O002563,P0027,1,261.66,0
O002563,P0022,1,535.5,0
O002564,P0064,1,101.18,0
O002564,P0052,3,96.7,0
O002565,P0042,1,94.19,0
O002565,P0008,2,47.86,0
O002566,P0084,1,13.25,0
O002566,P0007,3,566.07,0
O002567,P0051,1,37.8,0
O002567,P0085,1,72.91,0
O002568,P0033,2,58.2,0
O002568,P0049,3,192.27,0
O002568,P0066,2,29.64,0
O002568,P0033,1,58.2,0
O002569,P0052,1,96.7,0
O002570,P0039,2,35.85,0
O002571,P0012,1,202.16,0
O002571,P0074,3,26.63,0
O002571,P0099,2,42.13,0
O002571,P0105,1,192.4,0
O002572,P0024,2,70.63,0
O002572,P0055,1,21.55,0
O002573,P0004,2,203.73,0
O002573,P0025,1,63.7,0
O002574,P0087,2,72.97,10
O002575,P0058,1,96.6,0
O002575,P0045,1,36.65,0
O002575,P0070,1,144.85,0
O002576,P0070,1,144.85,0
O002577,P0103,2,43.56,0
O002578,P0027,3,261.66,0
O002579,P0107,1,42.73,0
O002580,P0005,3,105.05,0
O002581,P0022,1,535.5,20
O002581,P0056,1,54.99,20
O002581,P0012,1,202.16,20
O002582,P0128,1,40.97,0
O002583,P0133,1,68.25,0
O002584,P0135,3,61.66,0
O002584,P0012,1,202.16,0
O002584,P0070,1,144.85,0
O002584,P0053,2,79.81,0
O002585,P0132,1,9.56,10
O002586,P0070,1,144.85,5
O002587,P0054,1,22.5,0
O002587,P0016,1,490.88,0
O002587,P0083,2,45.29,0
O002587,P0078,2,46.55,0
O002588,P0070,1,144.85,0
O002589,P0074,1,26.63,0
O002590,P0112,1,121.72,0
O002590,P0003,1,70.0,0
O002590,P0022,1,535.5,0
O002591,P0134,1,14.57,10
O002591,P0061,1,30.11,10
O002592,P0061,2,30.11,0
O002592,P0069,3,25.15,0
O002593,P0024,1,70.63,0
O002594,P0016,3,490.88,0
O002595,P0002,2,428.99,0
O002596,P0059,1,46.72,0
O002596,P0018,1,103.25,0
O002596,P0083,2,45.29,0
O002596,P0105,1,192.4,0
O002597,P0095,2,45.19,0
O002598,P0115,3,65.77,0
O002598,P0052,1,96.7,0
O002599,P0110,1,231.1,0
O002599,P0076,1,53.1,0
O002599,P0068,1,23.84,0
O002599,P0089,1,75.8,0
O002600,P0045,1,36.65,0
O002600,P0056,1,54.99,0
O002600,P0043,1,15.93,0
O002600,P0090,1,74.94,0
O002601,P0087,1,72.97,0
O002601,P0114,3,30.32,0
O002602,P0102,1,6.1,10
O002603,P0010,3,261.54,0
O002603,P0075,1,50.52,0
O002603,P0016,3,490.88,0
O002603,P0070,1,144.85,0
O002604,P0063,1,95.57,0
O002605,P0013,3,237.97,0
O002605,P0065,3,128.91,0
O002605,P0052,3,96.7,0
O002605,P0036,1,80.43,0
O002606,P0020,3,48.67,0
O002606,P0088,1,12.2,0
O002606,P0138,1,119.25,0
O002606,P0122,1,44.07,0
O002607,P0043,3,15.93,0
O002607,P0099,3,42.13,0
O002607,P0007,3,566.07,0
O002607,P0121,1,35.48,0
O002608,P0024,2,70.63,0
O002608,P0097,2,39.47,0
O002609,P0049,2,192.27,0
O002609,P0047,3,22.6,0
O002610,P0036,1,80.43,0
O002611,P0073,1,99.68,5
O002612,P0093,1,36.5,5
O002612,P0104,2,56.02,5
O002613,P0097,2,39.47,0
O002614,P0104,2,56.02,0
O002614,P0032,2,28.68,0
O002615,P0030,1,111.36,0
O002616,P0033,1,58.2,0
O002616,P0109,3,191.49,0
O002616,P0072,1,22.81,0
O002617,P0064,1,101.18,0
O002617,P0097,1,39.47,0
O002617,P0134,3,14.57,0
O002618,P0046,1,93.34,0
O002619,P0083,1,45.29,0
O002620,P0141,1,32.3,0
O002621,P0031,3,100.42,0
O002622,P0005,2,105.05,10
O002623,P0059,3,46.72,0
O002623,P0041,1,240.17,0
O002624,P0066,1,29.64,0
O002624,P0042,1,94.19,0
O002624,P0051,1,37.8,0
O002624,P0085,1,72.91,0
O002625,P0042,1,94.19,0
O002626,P0106,1,93.16,0
O002627,P0032,1,28.68,0
O002627,P0022,3,535.5,0
O002628,P0074,3,26.63,0
O002628,P0117,1,37.62,0
O002629,P0119,1,111.41,0
O002629,P0012,3,202.16,0
O002629,P0034,1,12.47,0
O002630,P0065,1,128.91,0
O002631,P0043,3,15.93,0
O002631,P0039,1,35.85,0
O002632,P0030,1,111.36,0
O002632,P0021,1,103.85,0
O002632,P0139,1,117.86,0
O002633,P0046,2,93.34,0
O002634,P0020,1,48.67,0
O002634,P0073,2,99.68,0
O002635,P0106,3,93.16,0
O002635,P0069,1,25.15,0
O002635,P0053,1,79.81,0
O002635,P0035,3,228.97,0
O002636,P0017,1,45.26,0
O002636,P0065,1,128.91,0
O002637,P0149,1,21.0,0
O002638,P0058,2,96.6,0
O002638,P0106,3,93.16,0
O002639,P0093,1,36.5,5
O002639,P0069,1,25.15,5
O002640,P0038,2,11.96,0
O002640,P0140,2,95.27,0
O002641,P0070,1,144.85,0
O002642,P0063,1,95.57,0
O002642,P0132,1,9.56,0
O002643,P0054,1,22.5,0
O002644,P0018,1,103.25,0
O002645,P0126,1,119.65,0
O002645,P0070,1,144.85,0
O002646,P0135,1,61.66,0
O002646,P0030,2,111.36,0
O002647,P0032,2,28.68,0
O002648,P0129,1,10.47,0
O002648,P0137,2,9.05,0
O002648,P0055,1,21.55,0
O002648,P0139,2,117.86,0
O002649,P0132,1,9.56,0
O002649,P0050,2,23.7,0
O002649,P0057,1,62.31,0
O002650,P0005,1,105.05,0
O002650,P0077,1,86.48,0
O002650,P0044,1,96.71,0
O002651,P0076,1,53.1,15
O002652,P0134,1,14.57,0
O002652,P0093,1,36.5,0
O002652,P0134,1,14.57,0
O002653,P0146,2,36.39,40
O002653,P0117,2,37.62,40
O002653,P0037,1,0.0,40
O002654,P0042,1,94.19,0
O002654,P0141,1,32.3,0
O002655,P0137,1,9.05,0
O002655,P0039,2,35.85,0
O002656,P0130,3,22.25,0
O002656,P0105,1,192.4,0
O002657,P0140,1,95.27,0
O002658,P0057,2,62.31,0
O002658,P0031,1,100.42,0
O002658,P0039,1,35.85,0
O002659,P0118,1,60.49,0
O002659,P0127,1,69.7,0
O002660,P0120,1,233.46,0
O002661,P0036,3,80.43,0
O002661,P0140,3,95.27,0
O002661,P0105,2,192.4,0
O002662,P0013,1,237.97,0
O002663,P0042,3,94.19,0
O002664,P0043,2,15.93,0
O002664,P0048,1,80.09,0
O002664,P0086,1,7.88,0
O002665,P0003,2,70.0,0
O002666,P0130,1,22.25,0
O002667,P0147,1,0.0,0
O002667,P0106,1,93.16,0
O002667,P0095,2,45.19,0
O002667,P0042,2,94.19,0
O002668,P0129,2,10.47,0
O002669,P0072,1,22.81,0
O002669,P0139,1,117.86,0
O002670,P0025,1,63.7,0
O002671,P0053,1,79.81,0
O002671,P0070,1,144.85,0
O002672,P0129,2,10.47,10
O002672,P0101,1,12.63,10
O002673,P0045,3,36.65,0
O002673,P0084,3,13.25,0
O002674,P0138,2,119.25,0
O002674,P0080,3,52.81,0
O002674,P0129,1,10.47,0
O002674,P0022,3,535.5,0
O002675,P0148,3,74.21,0
O002675,P0007,1,566.07,0
O002676,P0099,2,42.13,0
O002676,P0050,1,23.7,0
O002677,P0139,1,117.86,0
O002677,P0080,1,52.81,0
O002678,P0144,1,10.61,10
O002678,P0062,2,109.93,10
O002679,P0013,1,237.97,0
O002679,P0018,1,103.25,0
O002679,P0018,1,103.25,0
O002680,P0095,1,45.19,0
O002681,P0053,1,79.81,0
O002682,P0048,3,80.09,0
O002682,P0021,1,103.85,0
O002683,P0060,3,131.68,0
O002684,P0029,3,612.77,0
O002685,P0032,2,28.68,0
O002685,P0038,1,11.96,0
O002685,P0078,1,46.55,0
O002685,P0076,2,53.1,0
O002686,P0039,3,35.85,0
O002686,P0051,1,37.8,0
O002686,P0100,3,14.85,0
O002687,P0072,2,22.81,0
O002687,P0015,2,54.36,0
O002687,P0001,1,59.15,0
O002688,P0062,1,109.93,0
O002689,P0126,2,119.65,0
O002689,P0113,2,52.25,0
O002690,P0020,3,48.67,0
O002690,P0106,2,93.16,0
O002690,P0009,3,879.03,0
O002690,P0027,1,261.66,0
O002691,P0003,2,70.0,0
O002691,P0068,2,23.84,0
O002691,P0041,1,240.17,0
O002692,P0034,1,12.47,0
O002693,P0136,3,64.01,0
O002694,P0004,2,203.73,0
O002694,P0071,1,88.96,0
O002695,P0059,1,46.72,0
O002696,P0054,1,22.5,0
O002697,P0133,1,68.25,0
O002697,P0093,1,36.5,0
O002698,P0009,3,879.03,0
O002698,P0019,1,225.54,0
O002698,P0128,1,40.97,0
O002698,P0067,3,20.79,0
O002699,P0140,3,95.27,0
O002699,P0019,1,225.54,0
O002699,P0136,1,64.01,0
O002699,P0008,3,47.86,0
O002700,P0075,3,50.52,0
O002700,P0125,2,231.1,0
O002700,P0019,1,225.54,0
O002701,P0042,1,94.19,0
O002701,P0097,1,39.47,0
O002702,P0078,1,46.55,0
O002702,P0122,1,44.07,0
O002703,P0035,3,228.97,0
O002703,P0044,1,96.71,0
O002704,P0035,2,228.97,0
O002704,P0071,1,88.96,0
O002704,P0105,1,192.4,0
O002705,P0022,1,535.5,10
O002705,P0067,1,20.79,10
O002705,P0110,1,231.1,10
O002705,P0010,1,261.54,10
O002706,P0094,2,42.24,0
O002706,P0062,2,109.93,0
O002706,P0003,3,70.0,0
O002707,P0108,3,153.58,0
O002708,P0096,1,62.39,0
O002709,P0057,1,62.31,0
O002710,P0055,2,21.55,0
O002710,P0042,2,94.19,0
O002710,P0048,1,80.09,0
O002710,P0121,1,35.48,0
O002711,P0077,1,86.48,0
O002711,P0056,1,54.99,0
O002712,P0009,3,879.03,0
O002712,P0145,-1,10.1,0
O002713,P0145,1,10.1,0
O002714,P0076,1,53.1,0
O002714,P0009,2,879.03,0
O002714,P0129,2,10.47,0
O002715,P0105,2,192.4,0
O002716,P0037,1,46.51,0
O002717,P0150,1,28.39,0
O002718,P0035,1,228.97,0
O002718,P0043,2,15.93,0
O002719,P0035,2,228.97,0
O002720,P0022,3,535.5,0
O002721,P0074,3,26.63,0
O002722,P0112,3,121.72,0
O002722,P0150,1,28.39,0
O002723,P0056,1,54.99,0
O002724,P0090,1,74.94,15
O002724,P0031,1,100.42,15
O002724,P0018,1,103.25,15
O002725,P0051,1,37.8,10
O002725,P0044,-1,96.71,10
O002726,P0150,1,28.39,0
O002726,P0097,1,39.47,0
O002727,P0059,3,46.72,0
O002728,P0033,1,58.2,0
O002728,P0021,3,103.85,0
O002728,P0034,2,12.47,0
O002728,P0019,1,225.54,0
O002729,P0018,1,103.25,0
O002730,P0038,1,11.96,0
O002731,P0107,2,42.73,0
O002731,P0105,1,192.4,0
O002732,P0038,1,11.96,0
O002733,P0098,3,5.21,0
O002734,P0003,2,70.0,0
O002734,P0077,3,86.48,0
O002734,P0031,1,100.42,0
O002735,P0024,1,70.63,0
O002735,P0034,1,12.47,0
O002735,P0099,1,42.13,0
O002735,P0016,1,490.88,0
O002736,P0030,3,111.36,0
O002736,P0084,3,13.25,0
O002736,P0016,1,490.88,0
O002737,P0003,3,70.0,0
O002738,P0018,1,103.25,0
O002738,P0111,3,68.84,0
O002739,P0093,3,36.5,0
O002740,P0030,2,111.36,0
O002741,P0017,1,45.26,0
O002741,P0140,1,95.27,0
O002742,P0017,3,45.26,0
O002742,P0045,1,36.65,0
O002742,P0067,1,20.79,0
O002742,P0136,2,64.01,0
O002743,P0089,2,75.8,10
O002744,P0108,2,153.58,10
O002744,P0107,1,42.73,10
O002745,P0071,2,88.96,0
O002745,P0139,1,117.86,0
O002746,P0148,1,74.21,0
O002747,P0141,1,32.3,0
O002747,P0134,1,14.57,0
O002748,P0038,1,11.96,0
O002749,P0053,1,79.81,0
O002750,P0142,1,46.23,0
O002750,P0065,2,128.91,0
O002750,P0009,1,879.03,0
O002751,P0074,1,26.63,0
O002751,P0110,3,231.1,0
O002751,P0037,1,46.51,0
O002752,P0008,2,47.86,0
O002753,P0132,2,9.56,0
O002753,P0120,2,233.46,0
O002754,P0059,3,46.72,0
O002754,P0040,1,12.05,0
O002754,P0138,1,119.25,0
O002755,P0142,1,46.23,0
O002755,P0137,3,9.05,0
O002756,P0001,1,59.15,0
O002756,P0031,1,100.42,0
O002756,P0039,1,35.85,0
O002757,P0061,1,30.11,0
O002758,P0138,1,119.25,0
O002759,P0011,1,746.1,0
O002760,P0105,1,192.4,0
O002761,P0043,1,15.93,20
O002762,P0064,3,101.18,0
O002763,P0074,3,26.63,0
O002763,P0063,3,95.57,0
O002763,P0013,3,237.97,0
O002763,P0015,1,54.36,0
O002764,P0107,1,42.73,0
O002765,P0104,3,56.02,0
O002766,P0033,1,58.2,0
O002767,P0048,1,80.09,0
O002768,P0054,1,22.5,0
O002768,P0054,1,22.5,0
O002768,P0037,1,46.51,0
O002769,P0104,1,56.02,15
O002769,P0016,1,490.88,15
O002769,P0011,1,746.1,15
O002770,P0116,3,64.62,0
O002771,P0072,2,22.81,10
O002772,P0014,3,280.69,10
O002772,P0098,1,5.21,10
O002772,P0125,1,231.1,10
O002773,P0058,1,96.6,0
O002774,P0003,1,70.0,0
O002774,P0013,1,237.97,0
O002775,P0028,1,456.12,15
O002776,P0067,1,20.79,0
O002776,P0060,1,131.68,0
O002777,P0147,1,8.3,0
O002777,P0142,1,46.23,0
O002778,P0131,1,10.19,10
O002778,P0144,2,10.61,10
O002778,P0089,1,75.8,10
O002779,P0127,1,69.7,0
O002779,P0040,3,12.05,0
O002779,P0121,1,35.48,0
O002780,P0149,1,21.0,0
O002780,P0137,1,9.05,0
O002780,P0142,1,46.23,0
O002781,P0145,2,10.1,0
O002782,P0146,1,36.39,0
O002783,P0113,1,52.25,0
O002784,P0098,2,5.21,0
O002784,P0050,1,23.7,0
O002785,P0002,1,428.99,0
O002786,P0075,2,50.52,0
O002786,P0044,2,96.71,0
O002786,P0140,3,95.27,0
O002786,P0067,1,20.79,0
O002787,P0134,2,14.57,0
O002787,P0110,1,231.1,0
O002788,P0117,1,37.62,0
O002788,P0136,1,64.01,0
O002788,P0039,3,35.85,0
O002788,P0130,1,22.25,0
O002789,P0106,2,93.16,0
O002789,P0134,2,14.57,0
O002790,P0145,3,10.1,0
O002790,P0009,3,879.03,0
O002790,P0007,3,566.07,0
O002790,P0149,3,21.0,0
O002791,P0094,2,42.24,0
O002792,P0149,1,21.0,0
O002792,P0054,2,22.5,0
O002793,P0128,1,40.97,0
O002793,P0136,2,64.01,0
O002794,P0041,2,240.17,0
O002794,P0040,1,12.05,0
O002795,P0074,2,26.63,0
O002796,P0129,1,10.47,0
O002796,P0046,1,93.34,0
O002797,P0046,3,93.34,0
O002798,P0112,2,121.72,0
O002798,P0027,1,261.66,0
O002799,P0123,1,13.17,20
O002800,P0103,3,43.56,0
O002800,P0123,1,13.17,0
O002801,P0040,2,12.05,0
O002801,P0103,1,43.56,0
O002801,P0080,2,52.81,0
O002801,P0077,1,86.48,0
O002802,P0026,1,143.66,0
O002802,P0033,1,58.2,0
O002802,P0110,3,231.1,0
O002802,P0063,2,95.57,0
O002803,P0136,1,64.01,0
O002804,P0112,1,121.72,0
O002805,P0028,3,456.12,0
O002805,P0105,1,192.4,0
O002805,P0011,3,746.1,0
O002806,P0053,3,79.81,0
O002807,P0042,1,94.19,0
O002808,P0017,1,45.26,0
O002808,P0038,1,11.96,0
O002808,P0120,1,233.46,0
O002808,P0042,1,94.19,0
O002809,P0084,1,13.25,0
O002810,P0004,1,203.73,0
O002810,P0035,1,228.97,0
O002810,P0144,1,10.61,0
O002810,P0019,2,225.54,0
O002811,P0066,1,29.64,10
O002811,P0052,2,96.7,10
O002811,P0050,1,23.7,10
O002811,P0063,1,95.57,10
O002812,P0013,1,237.97,0
O002813,P0030,1,111.36,0
O002813,P0075,2,50.52,0
O002814,P0049,1,192.27,0
O002815,P0052,3,96.7,0
O002816,P0033,1,58.2,0
O002816,P0126,1,119.65,0
O002816,P0070,3,144.85,0
O002817,P0020,1,48.67,0
O002817,P0045,1,36.65,0
O002818,P0043,1,15.93,0
O002819,P0036,1,80.43,0
O002819,P0112,1,121.72,0
O002819,P0080,1,52.81,0
O002820,P0072,1,22.81,0
O002820,P0072,1,22.81,0
O002820,P0067,1,20.79,0
O002821,P0057,1,62.31,0
O002822,P0003,1,70.0,0
O002823,P0089,1,75.8,0
O002824,P0062,1,109.93,0
O002825,P0114,1,30.32,0
O002825,P0141,2,32.3,0
O002825,P0065,1,128.91,0
O002826,P0057,1,62.31,0
O002827,P0132,1,9.56,0
O002827,P0115,3,65.77,0
O002827,P0007,1,566.07,0
O002828,P0105,2,192.4,0
O002829,P0093,3,36.5,0
O002829,P0107,1,42.73,0
O002829,P0029,3,612.77,0
O002830,P0130,2,22.25,0
O002831,P0055,1,21.55,0
O002832,P0146,1,36.39,0
O002832,P0033,1,58.2,0
O002833,P0146,1,36.39,0
O002834,P0120,3,233.46,0
O002834,P0038,1,11.96,0
O002834,P0081,1,38.74,0
O002835,P0049,2,192.27,0
O002835,P0149,1,21.0,0
O002835,P0112,2,121.72,0
O002836,P0008,1,47.86,0
O002836,P0045,1,36.65,0
O002837,P0081,1,38.74,0
O002837,P0119,1,111.41,0
O002838,P0125,1,231.1,0
O002839,P0017,1,45.26,0
O002840,P0019,2,225.54,0
O002841,P0020,2,48.67,10
O002842,P0095,3,45.19,0
O002843,P0105,1,192.4,0
O002843,P0122,1,44.07,0
O002843,P0042,2,94.19,0
O002844,P0078,1,46.55,0
O002844,P0057,1,62.31,0
O002844,P0078,3,46.55,0
O002845,P0027,2,261.66,0
O002846,P0104,1,56.02,20
O002846,P0031,1,100.42,20
O002847,P0122,1,44.07,0
O002847,P0055,2,21.55,0
O002847,P0036,1,80.43,0
O002848,P0023,3,234.72,0
O002848,P0005,1,105.05,0
O002849,P0061,2,30.11,0
O002849,P0121,1,35.48,0
O002849,P0052,2,96.7,0
O002849,P0093,3,36.5,0
O002850,P0033,1,58.2,0
O002851,P0101,1,12.63,0
O002851,P0040,2,12.05,0
O002852,P0046,1,93.34,10
O002853,P0038,1,11.96,20
O002854,P0088,1,12.2,0
O002854,P0095,3,45.19,0
O002854,P0055,2,21.55,0
O002855,P0037,2,46.51,10
O002855,P0042,1,94.19,10
O002855,P0032,2,28.68,10
O002856,P0031,2,100.42,0
O002857,P0097,2,39.47,0
O002858,P0042,1,94.19,0
O002858,P0132,3,9.56,0
O002858,P0134,1,14.57,0
O002858,P0146,2,36.39,0
O002859,P0040,1,12.05,0
O002859,P0128,3,40.97,0
O002860,P0136,3,64.01,0
O002860,P0133,3,68.25,0
O002860,P0135,1,61.66,0
O002861,P0051,3,37.8,0
O002861,P0070,3,144.85,0
O002862,P0050,1,23.7,0
O002862,P0033,3,58.2,0
O002863,P0058,1,96.6,0
O002864,P0127,3,69.7,20
O002865,P0052,1,96.7,0
O002866,P0133,3,68.25,0
O002866,P0137,1,9.05,0
O002867,P0075,1,50.52,0
O002867,P0018,2,103.25,0
O002867,P0006,1,317.9,0
O002867,P0004,1,203.73,0
O002868,P0032,1,28.68,0
O002868,P0027,3,261.66,0
O002869,P0043,1,15.93,0
O002869,P0030,1,111.36,0
O002870,P0031,1,100.42,0
O002870,P0054,1,22.5,0
O002871,P0021,3,103.85,0
O002872,P0121,1,35.48,0
O002872,P0012,2,202.16,0
O002873,P0030,2,111.36,0
O002873,P0114,1,30.32,0
O002874,P0056,1,54.99,0
O002874,P0061,2,30.11,0
O002875,P0134,1,14.57,0
O002876,P0091,3,55.44,0
O002877,P0107,3,42.73,0
O002878,P0053,2,79.81,0
O002878,P0039,2,35.85,0
O002878,P0097,3,39.47,0
O002878,P0135,1,61.66,0
O002879,P0023,1,234.72,0
O002879,P0033,3,58.2,0
O002880,P0011,1,746.1,20
O002880,P0059,2,46.72,20
O002881,P0052,2,96.7,0
O002881,P0112,1,121.72,0
O002882,P0080,1,52.81,0
O002883,P0035,3,228.97,0
O002883,P0149,2,21.0,0
O002884,P0140,2,95.27,0
O002885,P0105,1,192.4,0
O002885,P0022,1,535.5,0
O002885,P0091,1,55.44,0
O002885,P0090,1,74.94,0
O002886,P0111,1,68.84,0
O002886,P0029,3,612.77,0
O002886,P0057,1,62.31,0
O002886,P0043,1,15.93,0
O002887,P0115,1,65.77,20
O002888,P0016,1,490.88,10
O002888,P0095,1,45.19,10
O002889,P0124,3,16.63,10
O002890,P0062,1,109.93,0
O002891,P0015,2,54.36,0
O002891,P0075,1,50.52,0
O002891,P0012,3,202.16,0
O002891,P0045,3,36.65,0
O002892,P0126,1,119.65,0
O002892,P0056,3,54.99,0
O002893,P0103,1,43.56,0
O002894,P0004,1,203.73,0
O002895,P0092,1,9.46,0
O002895,P0022,1,535.5,0
O002896,P0016,3,490.88,0
O002897,P0041,1,240.17,0
O002898,P0072,1,22.81,0
O002898,P0069,1,25.15,0
O002899,P0012,1,202.16,0
O002899,P0071,1,88.96,0
O002900,P0125,3,231.1,0
O002901,P0098,1,5.21,0
O002901,P0116,1,64.62,0
O002901,P0097,1,39.47,0
O002901,P0024,2,70.63,0
O002902,P0011,1,746.1,0
O002902,P0015,2,54.36,0
O002903,P0057,2,62.31,0
O002904,P0082,3,69.13,0
O002905,P0021,1,103.85,0
O002905,P0042,1,94.19,0
O002906,P0002,2,428.99,0
O002906,P0006,1,317.9,0
O002906,P0095,2,45.19,0
O002907,P0078,1,46.55,0
O002907,P0043,3,15.93,0
O002907,P0145,1,10.1,0
O002908,P0070,1,144.85,0
O002908,P0106,2,93.16,0
O002909,P0144,2,10.61,0
O002909,P0063,1,95.57,0
O002910,P0068,2,23.84,0
O002910,P0072,2,22.81,0
O002910,P0038,2,11.96,0
O002911,P0141,1,32.3,0
O002911,P0140,2,95.27,0
O002912,P0079,1,21.76,0
O002912,P0020,1,48.67,0
O002913,P0082,1,69.13,0
O002914,P0091,1,55.44,0
O002914,P0083,1,45.29,0
O002914,P0101,1,12.63,0
O002914,P0032,2,28.68,0
O002915,P0020,1,48.67,0
O002916,P0139,1,117.86,0
O002916,P0097,1,39.47,0
O002917,P0037,2,46.51,10
O002917,P0031,3,100.42,10
O002917,P0078,1,46.55,10
O002918,P0085,1,72.91,0
O002919,P0086,1,7.88,0
O002920,P0037,1,46.51,0
O002920,P0065,3,128.91,0
O002920,P0121,1,35.48,0
O002921,P0101,1,12.63,0
O002921,P0053,1,79.81,0
O002921,P0104,2,56.02,0
O002921,P0075,1,50.52,0
O002922,P0121,1,35.48,0
O002923,P0020,1,48.67,0
O002923,P0052,1,96.7,0
O002923,P0108,3,153.58,0
O002924,P0111,1,68.84,0
O002925,P0077,1,86.48,0
O002926,P0006,3,317.9,0
O002926,P0148,3,74.21,0
O002926,P0046,1,93.34,0
O002927,P0073,1,99.68,0
O002927,P0128,1,40.97,0
O002928,P0045,1,36.65,20
O002929,P0068,1,23.84,0
O002930,P0140,1,95.27,0
O002931,P0135,1,61.66,0
O002931,P0136,1,64.01,0
O002931,P0006,1,317.9,0
O002932,P0022,3,535.5,0
O002933,P0128,1,40.97,40
O002934,P0089,1,75.8,0
O002934,P0052,3,96.7,0
O002934,P0039,1,35.85,0
O002935,P0076,1,53.1,0
O002935,P0136,1,64.01,0
O002935,P0128,1,40.97,0
O002936,P0145,1,10.1,0
O002936,P0091,1,55.44,0
O002936,P0122,1,44.07,0
O002937,P0052,1,96.7,20
O002937,P0086,1,7.88,20
O002938,P0047,1,22.6,10
O002939,P0102,1,6.1,0
O002940,P0137,2,9.05,0
O002941,P0008,3,47.86,0
O002941,P0140,1,95.27,0
O002941,P0139,3,117.86,0
O002942,P0056,2,54.99,0
O002943,P0015,1,54.36,0
O002943,P0019,1,225.54,0
O002944,P0105,1,192.4,0
O002944,P0045,3,36.65,0
O002945,P0063,1,95.57,0
O002946,P0070,1,144.85,0
O002946,P0020,1,48.67,0
O002946,P0091,1,55.44,0
O002947,P0142,1,46.23,0
O002947,P0121,3,35.48,0
O002947,P0071,1,88.96,0
O002947,P0085,1,72.91,0
O002948,P0084,3,13.25,0
O002948,P0118,1,60.49,0
O002949,P0027,2,261.66,10
O002950,P0102,1,6.1,10
O002950,P0070,2,144.85,10
O002951,P0012,1,202.16,0
O002952,P0124,1,16.63,0
O002953,P0005,1,105.05,0
O002954,P0061,1,30.11,0
O002954,P0054,1,22.5,0
O002954,P0064,3,101.18,0
O002954,P0082,1,69.13,0
O002955,P0069,1,25.15,0
O002956,P0091,1,55.44,0
O002957,P0150,1,28.39,0
O002957,P0061,1,30.11,0
O002957,P0105,2,192.4,0
O002958,P0012,1,202.16,0
O002958,P0005,1,105.05,0
O002959,P0002,2,428.99,0
O002959,P0025,1,63.7,0
O002959,P0074,1,26.63,0
O002960,P0091,1,55.44,0
O002960,P0027,1,261.66,0
O002961,P0090,1,74.94,0
O002962,P0076,1,53.1,0
O002963,P0011,1,746.1,0
O002963,P0008,2,47.86,0
O002964,P0090,2,74.94,0
O002964,P0149,1,21.0,0
O002965,P0026,3,143.66,0
O002966,P0123,1,13.17,5
O002967,P0019,2,225.54,10
O002967,P0074,1,26.63,10
O002968,P0095,1,45.19,0
O002968,P0079,1,21.76,0
O002968,P0128,1,40.97,0
O002968,P0105,1,192.4,0
O002969,P0030,3,111.36,0
O002969,P0069,1,25.15,0
O002969,P0055,1,21.55,0
O002969,P0113,1,52.25,0
O002970,P0029,1,612.77,0
O002971,P0118,1,60.49,0
O002971,P0095,1,45.19,0
O002972,P0002,3,428.99,15
O002972,P0079,3,21.76,15
O002972,P0092,1,9.46,15
O002972,P0116,1,64.62,15
O002973,P0036,1,80.43,0
O002974,P0012,1,202.16,0
O002975,P0074,1,26.63,0
O002975,P0055,1,21.55,0
O002976,P0075,1,50.52,0
O002976,P0007,3,566.07,0
O002976,P0011,1,746.1,0
O002977,P0055,1,21.55,0
O002978,P0020,1,48.67,0
O002978,P0064,1,101.18,0
O002979,P0039,2,35.85,0
O002979,P0102,1,6.1,0
O002980,P0031,1,100.42,0
O002981,P0065,1,128.91,0
O002981,P0051,1,37.8,0
O002982,P0117,1,37.62,10
O002983,P0148,2,74.21,0
O002983,P0070,3,144.85,0
O002984,P0150,1,28.39,0
O002984,P0090,3,74.94,0
O002984,P0064,1,101.18,0
O002984,P0046,2,93.34,0
O002985,P0135,2,61.66,0
O002986,P0138,2,119.25,0
O002986,P0037,1,46.51,0
O002987,P0145,1,10.1,0
O002987,P0048,3,80.09,0
O002988,P0050,1,23.7,0
O002988,P0023,2,234.72,0
O002988,P0063,2,95.57,0
O002989,P0002,3,428.99,0
O002989,P0122,1,44.07,0
O002990,P0078,2,46.55,0
O002990,P0124,1,16.63,0
O002991,P0023,2,234.72,0
O002992,P0020,1,48.67,0
O002993,P0021,3,103.85,0
O002993,P0030,1,111.36,0
O002994,P0046,3,93.34,15
O002995,P0094,1,42.24,0
O002995,P0036,1,80.43,0
O002996,P0066,1,29.64,0
O002997,P0052,3,96.7,0
O002997,P0040,3,12.05,0
O002997,P0005,1,105.05,0
O002997,P0035,1,228.97,0
O002998,P0030,1,111.36,0
O002998,P0046,1,93.34,0
O002998,P0004,2,203.73,0
O002998,P0130,1,22.25,0
O002999,P0021,1,103.85,0
O002999,P0114,1,30.32,0
O003000,P0028,1,456.12,0
O003000,P0046,1,93.34,0
O003000,P0044,3,96.71,0
O003001,P0093,2,36.5,0
O003002,P0007,1,566.07,0
O003002,P0034,3,12.47,0
O003002,P0063,1,95.57,0
O003002,P0019,3,225.54,0
O003003,P0120,2,233.46,0
O003003,P0003,1,70.0,0
O003003,P0057,1,62.31,0
O003004,P0110,2,231.1,0
O003005,P0051,1,37.8,0
O003005,P0017,2,45.26,0
O003006,P0019,2,0.0,0
O003007,P0049,1,192.27,0
O003007,P0013,1,237.97,0
O003008,P0035,1,228.97,0
O003009,P0003,3,70.0,0
O003009,P0033,2,58.2,0
O003009,P0054,1,22.5,0
O003009,P0092,1,9.46,0
O003010,P0096,1,62.39,0
O003010,P0023,1,234.72,0
O003011,P0090,1,74.94,0
O003012,P0090,1,74.94,0
O003012,P0075,1,50.52,0
O003013,P0143,2,10.62,0
O003013,P0100,3,14.85,0
O003013,P0014,1,280.69,0
O003013,P0094,1,42.24,0
O003014,P0092,3,9.46,0
O003015,P0037,1,46.51,0
O003015,P0033,1,58.2,0
O003015,P0065,1,128.91,0
O003015,P0098,1,5.21,0
O003016,P0116,1,64.62,0
O003016,P0097,1,39.47,0
O003016,P0076,1,53.1,0
O003016,P0064,3,101.18,0
O003017,P0014,1,280.69,0
O003018,P0047,1,22.6,0
O003019,P0138,3,119.25,0
O003020,P0009,2,879.03,0
O003020,P0122,1,44.07,0
O003021,P0115,1,65.77,5
O003021,P0135,1,61.66,5
O003021,P0106,2,93.16,5
O003021,P0114,2,30.32,5
O003022,P0077,1,86.48,0
O003022,P0012,1,202.16,0
O003023,P0140,1,95.27,0
O003024,P0067,1,20.79,0
O003024,P0063,1,95.57,0
O003025,P0068,1,23.84,0
O003026,P0052,1,96.7,0
O003027,P0015,1,54.36,0
O003028,P0108,3,153.58,5
O003029,P0018,2,103.25,0
O003029,P0045,2,36.65,0
O003030,P0007,3,566.07,0
O003031,P0045,1,36.65,0
O003032,P0046,2,93.34,0
O003033,P0125,1,231.1,0
O003033,P0056,1,54.99,0
O003033,P0054,3,22.5,0
O003034,P0127,1,69.7,10
O003035,P0130,1,22.25,0
O003035,P0018,1,103.25,0
O003036,P0123,2,13.17,0
O003036,P0023,3,234.72,0
O003036,P0054,3,22.5,0
O003036,P0146,2,36.39,0
O003037,P0069,1,25.15,0
O003038,P0147,1,8.3,0
O003039,P0131,1,10.19,10
O003040,P0147,1,8.3,0
O003040,P0065,2,128.91,0
O003041,P0150,3,28.39,0
O003042,P0087,1,72.97,0
O003042,P0140,1,95.27,0
O003043,P0037,3,46.51,0
O003044,P0097,3,39.47,0
O003044,P0086,1,7.88,0
O003044,P0044,2,96.71,0
O003044,P0046,1,93.34,0
O003045,P0029,3,612.77,0
O003046,P0036,1,80.43,0
O003046,P0133,1,68.25,0
O003047,P0041,1,240.17,0
O003047,P0078,3,46.55,0
O003048,P0048,1,80.09,0
O003048,P0123,2,13.17,0
O003049,P0093,1,36.5,0
O003049,P0133,3,68.25,0
O003050,P0064,1,101.18,0
O003050,P0057,2,62.31,0
O003051,P0092,2,9.46,0
O003052,P0113,1,52.25,0
O003053,P0041,1,240.17,0
O003053,P0126,3,119.65,0
O003053,P0043,2,15.93,0
O003053,P0146,3,36.39,0
O003054,P0078,1,46.55,0
O003054,P0150,3,28.39,0
O003055,P0049,1,192.27,0
O003055,P0104,2,56.02,0
O003055,P0004,3,203.73,0
O003055,P0046,3,93.34,0
O003056,P0049,1,192.27,0
O003056,P0111,2,68.84,0
O003056,P0093,1,36.5,0
O003056,P0101,2,12.63,0
O003057,P0082,3,69.13,0
O003058,P0127,1,69.7,0
O003058,P0123,3,13.17,0
O003059,P0066,1,29.64,0
O003060,P0135,3,61.66,15
O003061,P0055,1,21.55,5
O003061,P0133,1,68.25,5
O003062,P0001,2,59.15,0
O003063,P0147,2,8.3,0
O003064,P0055,1,21.55,0
O003065,P0050,1,23.7,0
O003065,P0028,1,456.12,0
O003066,P0036,2,80.43,0
O003067,P0053,2,79.81,0
O003067,P0100,1,14.85,0
O003067,P0145,2,10.1,0
O003067,P0092,1,9.46,0
O003068,P0050,1,23.7,0
O003069,P0111,3,68.84,10
O003069,P0098,1,5.21,10
O003070,P0065,1,128.91,0
O003070,P0055,1,21.55,0
O003071,P0128,1,40.97,0
O003072,P0146,1,36.39,0
O003072,P0083,1,45.29,0
O003072,P0127,1,69.7,0
O003072,P0017,3,45.26,0
O003073,P0149,2,21.0,40
O003074,P0049,1,192.27,0
O003075,P0019,1,225.54,40
O003076,P0094,1,42.24,20
O003077,P0078,1,46.55,0
O003078,P0059,1,46.72,0
O003078,P0042,1,94.19,0
O003078,P0043,3,15.93,0
O003078,P0029,1,612.77,0
O003079,P0047,3,22.6,0
O003079,P0067,2,20.79,0
O003080,P0045,1,36.65,0
O003080,P0127,3,69.7,0
O003080,P0147,1,8.3,0
O003081,P0109,1,191.49,0
O003081,P0118,3,60.49,0
O003081,P0119,1,111.41,0
O003081,P0074,1,26.63,0
O003082,P0073,1,99.68,0
O003082,P0032,1,28.68,0
O003083,P0033,1,58.2,0
O003084,P0063,1,95.57,0
O003085,P0126,2,119.65,0
O003086,P0094,1,42.24,0
O003086,P0013,1,237.97,0
O003086,P0049,1,192.27,0
O003087,P0112,3,121.72,0
O003088,P0077,1,86.48,0
O003088,P0135,2,61.66,0
O003088,P0071,1,88.96,0
O003088,P0138,1,119.25,0
O003089,P0111,1,68.84,0
O003090,P0004,2,203.73,0
O003090,P0030,2,111.36,0
O003090,P0025,2,63.7,0
O003090,P0057,1,62.31,0
O003091,P0015,1,54.36,0
O003091,P0068,1,23.84,0
O003091,P0085,1,72.91,0
O003092,P0054,1,22.5,0
O003093,P0112,3,121.72,0
O003093,P0117,3,37.62,0
O003093,P0050,1,23.7,0
O003094,P0055,1,21.55,0
O003094,P0012,1,202.16,0
O003095,P0126,3,119.65,0
O003095,P0120,3,233.46,0
O003096,P0035,2,228.97,0
O003096,P0037,1,46.51,0
O003096,P0011,0,746.1,0
O003097,P0076,1,53.1,0
O003097,P0053,2,79.81,0
O003098,P0009,1,879.03,0
O003098,P0088,1,12.2,0
O003099,P0112,2,121.72,0
O003099,P0047,1,22.6,0
O003100,P0035,1,228.97,0
O003100,P0075,1,50.52,0
O003101,P0093,3,36.5,0
O003102,P0013,1,237.97,0
O003103,P0034,2,12.47,0
O003103,P0150,1,28.39,0
O003103,P0022,3,535.5,0
O003104,P0113,1,52.25,0
O003105,P0048,1,80.09,0
O003105,P0001,3,59.15,0
O003105,P0020,3,48.67,0
O003106,P0037,1,46.51,0
O003107,P0046,2,93.34,20
O003107,P0084,1,13.25,20
O003108,P0133,1,68.25,10
O003109,P0113,1,52.25,0
O003110,P0043,1,15.93,20
O003111,P0074,1,26.63,15
O003112,P0046,1,93.34,0
O003112,P0111,3,68.84,0
O003112,P0056,2,54.99,0
O003113,P0093,1,36.5,0
O003114,P0009,1,879.03,10
O003115,P0093,3,36.5,0
O003115,P0149,1,21.0,0
O003116,P0114,1,30.32,0
O003117,P0074,2,26.63,0
O003117,P0075,1,50.52,0
O003118,P0004,1,203.73,0
O003119,P0045,1,36.65,0
O003119,P0041,1,240.17,0
O003120,P0098,1,5.21,0
O003120,P0137,1,9.05,0
O003120,P0059,1,46.72,0
O003121,P0039,1,35.85,0
O003122,P0034,1,12.47,0
O003123,P0034,2,12.47,0
O003123,P0005,1,105.05,0
O003123,P0013,1,237.97,0
O003123,P0110,2,231.1,0
O003124,P0024,3,70.63,0
O003124,P0117,1,37.62,0
O003124,P0019,1,225.54,0
O003124,P0014,1,280.69,0
O003125,P0149,1,21.0,0
O003126,P0143,1,10.62,20
O003126,P0032,1,28.68,20
O003126,P0040,2,12.05,20
O003127,P0045,2,36.65,10
O003127,P0033,1,58.2,10
O003127,P0119,1,111.41,10
O003127,P0035,1,228.97,10
O003128,P0149,3,21.0,0
O003129,P0137,1,9.05,0
O003129,P0088,1,12.2,0
O003129,P0117,3,37.62,0
O003129,P0084,2,13.25,0
O003130,P0079,1,21.76,20
O003130,P0133,1,68.25,20
O003130,P0043,1,15.93,20
O003131,P0075,1,50.52,0
O003131,P0040,1,12.05,0
O003132,P0110,2,231.1,10
O003132,P0007,1,566.07,10
O003132,P0067,2,20.79,10
O003133,P0009,1,879.03,0
O003133,P0083,3,45.29,0
O003133,P0071,2,88.96,0
O003134,P0122,1,44.07,10
O003135,P0063,1,95.57,0
O003136,P0135,3,61.66,0
O003137,P0138,1,119.25,0
O003137,P0092,2,9.46,0
O003138,P0092,3,9.46,0
O003138,P0126,1,119.65,0
O003138,P0112,1,121.72,0
O003138,P0043,1,15.93,0
O003139,P0026,2,143.66,0
O003140,P0065,1,128.91,0
O003140,P0122,2,44.07,0
O003140,P0124,2,16.63,0
O003141,P0002,1,428.99,20
O003141,P0055,1,21.55,20
O003141,P0044,2,96.71,20
O003142,P0005,1,105.05,0
O003142,P0066,2,29.64,0
O003142,P0074,2,26.63,0
O003143,P0150,1,28.39,10
O003143,P0016,3,490.88,10
O003143,P0014,3,280.69,10
O003143,P0039,1,35.85,10
O003144,P0057,1,62.31,0
O003144,P0087,3,72.97,0
O003144,P0056,1,54.99,0
O003144,P0049,2,192.27,0
O003145,P0053,1,79.81,0
O003146,P0059,3,46.72,0
O003146,P0108,1,153.58,0
O003146,P0033,1,58.2,0
O003146,P0115,3,65.77,0
O003147,P0052,1,96.7,0
O003147,P0032,1,28.68,0
O003148,P0095,3,45.19,0
O003148,P0042,1,94.19,0
O003148,P0056,1,54.99,0
O003148,P0055,3,21.55,0
O003149,P0120,2,233.46,0
O003150,P0075,3,50.52,10
O003151,P0079,2,21.76,0
O003151,P0098,3,5.21,0
O003152,P0124,1,16.63,10
O003152,P0092,2,9.46,10
O003152,P0042,3,94.19,10
O003152,P0032,3,28.68,10
O003153,P0036,2,80.43,0
O003154,P0045,1,36.65,0
O003155,P0054,2,22.5,0
O003155,P0042,1,94.19,0
O003156,P0096,1,62.39,0
O003157,P0054,3,22.5,0
O003157,P0091,1,55.44,0
O003157,P0054,3,22.5,0
O003157,P0016,1,490.88,0
O003158,P0005,1,105.05,0
O003158,P0043,1,15.93,0
O003159,P0050,2,23.7,0
O003159,P0025,1,63.7,0
O003159,P0024,1,70.63,0
O003160,P0069,1,25.15,0
O003160,P0068,1,23.84,0
O003160,P0026,1,143.66,0
O003160,P0049,1,192.27,0
O003161,P0062,1,109.93,0
O003161,P0002,2,428.99,0
O003162,P0068,3,23.84,0
O003163,P0141,1,32.3,10
O003164,P0131,2,10.19,10
O003165,P0129,1,10.47,0
O003166,P0063,2,95.57,0
O003166,P0039,1,35.85,0
O003167,P0031,1,100.42,0
O003168,P0032,2,28.68,10
O003169,P0038,1,11.96,0
O003169,P0085,2,72.91,0
O003169,P0081,1,38.74,0
O003169,P0145,2,10.1,0
O003170,P0144,3,10.61,0
O003170,P0135,1,61.66,0
O003170,P0143,1,10.62,0
O003171,P0130,1,22.25,0
O003172,P0120,2,233.46,10
O003173,P0006,2,317.9,0
O003174,P0059,1,46.72,0
O003174,P0105,3,192.4,0
O003174,P0052,3,96.7,0
O003174,P0111,1,68.84,0
O003175,P0143,2,10.62,15
O003176,P0082,1,69.13,0
O003177,P0031,1,100.42,0
O003177,P0039,3,35.85,0
O003177,P0030,3,111.36,0
O003178,P0036,1,80.43,0
O003179,P0053,1,79.81,0
O003180,P0041,2,240.17,0
O003180,P0061,3,30.11,0
O003180,P0005,1,105.05,0
O003181,P0034,1,12.47,0
O003182,P0136,1,64.01,0
O003182,P0042,1,94.19,0
O003182,P0025,1,63.7,0
O003182,P0008,1,47.86,0
O003183,P0004,1,203.73,0
O003184,P0076,3,53.1,0
O003185,P0054,3,22.5,0
O003186,P0123,1,13.17,0
O003187,P0080,1,52.81,0
O003187,P0068,1,23.84,0
O003188,P0118,1,60.49,0
O003188,P0034,3,12.47,0
O003189,P0042,3,94.19,0
O003189,P0095,3,45.19,0
O003189,P0055,1,21.55,0
O003190,P0065,1,128.91,0
O003190,P0095,1,45.19,0
O003190,P0115,1,65.77,0
O003190,P0082,1,69.13,0
O003191,P0098,1,5.21,0
O003192,P0033,1,58.2,0
O003192,P0041,1,240.17,0
O003192,P0094,1,42.24,0
O003193,P0067,1,20.79,0
O003194,P0075,1,50.52,0
O003195,P0017,2,45.26,0
O003196,P0131,1,10.19,0
O003196,P0014,1,280.69,0
O003196,P0038,1,11.96,0
O003196,P0033,2,58.2,0
O003197,P0054,3,22.5,0
O003197,P0140,3,95.27,0
O003197,P0071,1,88.96,0
O003198,P0010,3,261.54,0
O003199,P0140,2,95.27,0
O003200,P0132,2,9.56,0
O003200,P0110,1,231.1,0
O003200,P0142,1,46.23,0
O003201,P0042,2,94.19,0
O003201,P0051,3,37.8,0
O003202,P0128,3,40.97,10
O003202,P0031,1,100.42,10
O003202,P0072,1,22.81,10
O003203,P0130,1,22.25,0
O003203,P0047,2,22.6,0
O003204,P0080,1,52.81,0
O003204,P0147,3,8.3,0
O003204,P0032,2,28.68,0
O003204,P0099,1,42.13,0
O003205,P0141,1,32.3,0
O003206,P0136,1,64.01,0
O003207,P0042,1,94.19,10
O003207,P0042,1,94.19,10
O003207,P0023,1,234.72,10
O003207,P0134,1,14.57,10
O003208,P0041,1,240.17,0
O003208,P0068,1,23.84,0
O003209,P0052,1,96.7,0
O003209,P0051,1,37.8,0
O003210,P0037,1,46.51,0
O003210,P0080,3,52.81,0
O003210,P0096,1,62.39,0
O003211,P0038,1,11.96,0
O003211,P0031,1,100.42,0
O003211,P0014,1,280.69,0
O003211,P0115,3,65.77,0
O003212,P0054,3,22.5,0
O003212,P0092,1,9.46,0
O003213,P0075,1,50.52,0
O003214,P0129,1,10.47,0
O003215,P0146,3,36.39,20
O003216,P0065,2,128.91,0
O003217,P0030,1,111.36,10
O003217,P0004,3,203.73,10
O003218,P0135,1,61.66,0
O003218,P0075,1,50.52,0
O003218,P0072,1,22.81,0
O003219,P0108,1,153.58,0
O003220,P0068,2,23.84,0
O003220,P0081,1,38.74,0
O003221,P0115,1,65.77,5
O003222,P0107,3,42.73,0
O003222,P0003,1,70.0,0
O003223,P0013,1,237.97,0
O003223,P0037,1,46.51,0
O003223,P0012,1,202.16,0
O003224,P0076,1,53.1,0
O003224,P0081,1,38.74,0
O003225,P0096,1,62.39,0
O003226,P0021,2,103.85,0
O003226,P0113,1,52.25,0
O003226,P0071,2,88.96,0
O003226,P0031,2,100.42,0
O003227,P0030,3,111.36,0
O003228,P0053,1,79.81,0
O003228,P0112,1,121.72,0
O003228,P0091,1,55.44,0
O003228,P0068,1,23.84,0
O003229,P0129,2,10.47,40
O003229,P0042,2,94.19,40
O003229,P0107,2,42.73,40
O003230,P0087,1,72.97,10
O003230,P0026,3,143.66,10
O003231,P0019,1,225.54,0
O003232,P0055,1,21.55,0
O003232,P0041,1,240.17,0
O003232,P0143,1,10.62,0
O003232,P0077,1,86.48,0
O003233,P0054,2,22.5,0
O003234,P0075,1,50.52,0
O003234,P0058,1,96.6,0
O003235,P0054,1,22.5,0
O003235,P0095,1,45.19,0
O003235,P0099,1,42.13,0
O003235,P0120,1,233.46,0
O003236,P0004,2,203.73,0
O003236,P0026,1,143.66,0
O003236,P0147,1,8.3,0
O003236,P0008,1,47.86,0
O003237,P0087,1,72.97,0
O003238,P0068,3,23.84,0
O003238,P0115,1,65.77,0
O003239,P0023,2,234.72,0
O003239,P0068,3,23.84,0
O003239,P0055,1,21.55,0
O003240,P0115,1,65.77,0
O003240,P0020,3,48.67,0
O003240,P0090,3,74.94,0
O003240,P0028,3,456.12,0
O003241,P0082,3,69.13,0
O003241,P0065,1,128.91,0
O003241,P0064,2,101.18,0
O003242,P0010,3,261.54,0
O003242,P0035,2,228.97,0
O003243,P0049,2,192.27,0
O003244,P0045,3,36.65,0
O003245,P0021,2,103.85,0
O003245,P0097,3,39.47,0
O003245,P0146,2,36.39,0
O003246,P0011,2,746.1,0
O003246,P0025,2,63.7,0
O003246,P0055,1,21.55,0
O003247,P0068,1,23.84,0
O003248,P0029,1,612.77,0
O003248,P0080,1,52.81,0
O003248,P0048,2,80.09,0
O003248,P0049,1,192.27,0
O003249,P0114,1,30.32,0
O003249,P0054,2,22.5,0
O003249,P0062,3,109.93,0
O003250,P0012,1,202.16,0
O003251,P0011,1,746.1,0
O003252,P0042,1,94.19,0
O003253,P0149,1,21.0,10
O003253,P0091,3,55.44,10
O003254,P0112,2,121.72,0
O003254,P0042,2,94.19,0
O003255,P0049,2,192.27,0
O003255,P0067,1,20.79,0
O003255,P0076,3,53.1,0
O003256,P0044,1,96.71,0
O003257,P0140,1,95.27,0
O003257,P0058,1,96.6,0
O003258,P0057,2,62.31,0
O003259,P0064,1,101.18,0
O003259,P0091,1,55.44,0
O003259,P0016,3,490.88,0
O003260,P0145,1,10.1,10
O003260,P0030,1,111.36,10
O003261,P0006,1,317.9,10
O003261,P0021,2,103.85,10
O003262,P0023,1,234.72,0
O003262,P0055,2,21.55,0
O003263,P0011,1,746.1,0
O003264,P0086,2,7.88,0
O003264,P0133,1,68.25,0
O003265,P0150,1,28.39,0
O003265,P0112,3,121.72,0
O003266,P0085,1,72.91,40
O003267,P0026,1,143.66,0
O003267,P0054,1,22.5,0
O003267,P0074,1,26.63,0
O003267,P0012,3,202.16,0
O003268,P0001,3,59.15,0
O003268,P0038,1,11.96,0
O003269,P0025,1,63.7,0
O003269,P0049,1,192.27,0
O003270,P0092,2,9.46,10
O003270,P0006,1,317.9,10
O003271,P0022,3,535.5,0
O003271,P0029,2,612.77,0
O003271,P0070,2,144.85,0
O003271,P0055,2,21.55,0
O003272,P0129,1,10.47,0
O003272,P0067,2,20.79,0
O003272,P0067,1,20.79,0
O003273,P0091,2,55.44,0
O003273,P0061,1,30.11,0
O003274,P0150,1,28.39,0
O003275,P0032,1,28.68,0
O003275,P0146,2,36.39,0
O003276,P0135,1,61.66,0
O003276,P0060,1,131.68,0
O003276,P0121,1,35.48,0
O003276,P0046,1,93.34,0
O003277,P0005,1,105.05,0
O003277,P0039,3,35.85,0
O003277,P0133,1,68.25,0
O003278,P0107,1,42.73,0
O003279,P0070,3,144.85,0
O003279,P0085,1,72.91,0
O003280,P0068,2,23.84,0
O003281,P0047,1,22.6,20
O003282,P0128,1,40.97,0
O003283,P0130,1,22.25,0
O003283,P0141,3,32.3,0
O003283,P0097,1,39.47,0
O003283,P0138,3,119.25,0
O003284,P0149,2,21.0,0
O003284,P0128,3,40.97,0
O003284,P0057,1,62.31,0
O003285,P0118,3,60.49,15
O003285,P0035,3,228.97,15
O003286,P0137,2,9.05,0
O003286,P0092,1,9.46,0
O003287,P0129,3,10.47,0
O003287,P0145,1,10.1,0
O003287,P0039,1,35.85,0
O003288,P0135,2,61.66,0
O003288,P0059,3,46.72,0
O003288,P0124,1,16.63,0
O003288,P0063,3,95.57,0
O003289,P0119,1,111.41,0
O003289,P0038,3,11.96,0
O003289,P0012,1,202.16,0
O003290,P0065,2,128.91,0
O003291,P0053,1,79.81,10
O003291,P0064,3,101.18,10
O003292,P0041,3,240.17,0
O003293,P0118,3,60.49,0
O003294,P0034,1,12.47,0
O003294,P0098,3,5.21,0
O003294,P0097,2,39.47,0
O003295,P0096,1,62.39,15
O003295,P0067,2,20.79,15
O003296,P0130,1,22.25,0
O003297,P0089,2,75.8,10
O003297,P0144,1,10.61,10
O003298,P0035,3,228.97,0
O003298,P0136,1,64.01,0
O003299,P0138,3,119.25,0
O003299,P0129,1,10.47,0
O003300,P0124,1,16.63,0
O003300,P0074,1,26.63,0
O003301,P0044,1,96.71,0
O003302,P0084,1,13.25,0
O003303,P0133,1,68.25,0
O003303,P0003,1,70.0,0
O003304,P0009,1,879.03,0
O003304,P0030,3,111.36,0
O003305,P0123,1,13.17,0
O003306,P0031,1,100.42,0
O003306,P0059,1,46.72,0
O003307,P0040,1,12.05,0
O003307,P0069,1,25.15,0
O003307,P0127,1,69.7,0
O003307,P0073,3,99.68,0
O003308,P0072,2,22.81,0
O003308,P0015,1,54.36,0
O003309,P0019,1,225.54,0
O003310,P0036,3,80.43,0
O003310,P0019,3,225.54,0
O003311,P0113,1,52.25,0
O003312,P0103,1,43.56,10
O003312,P0032,1,28.68,10
O003312,P0026,1,143.66,10
O003312,P0028,2,456.12,10
O003313,P0037,1,46.51,15
O003313,P0052,1,96.7,15
O003313,P0089,3,75.8,15
O003313,P0141,1,32.3,15
O003314,P0064,1,101.18,0
O003314,P0009,1,879.03,0
O003315,P0032,2,28.68,0
O003315,P0048,1,80.09,0
O003315,P0047,1,22.6,0
O003315,P0073,3,99.68,0
O003316,P0047,1,22.6,20
O003317,P0045,1,36.65,0
O003317,P0116,1,64.62,0
O003317,P0113,1,52.25,0
O003318,P0096,1,62.39,5
O003319,P0113,1,52.25,0
O003319,P0048,1,80.09,0
O003319,P0082,3,69.13,0
O003319,P0042,1,94.19,0
O003320,P0042,1,94.19,0
O003320,P0105,1,192.4,0
O003321,P0065,1,128.91,0
O003321,P0121,2,35.48,0
O003321,P0104,1,56.02,0
O003322,P0095,1,45.19,10
O003322,P0059,2,46.72,10
O003322,P0034,3,12.47,10
O003323,P0070,1,144.85,0
O003324,P0034,3,12.47,0
O003324,P0130,1,22.25,0
O003324,P0089,3,75.8,0
O003325,P0122,1,44.07,0
O003325,P0011,1,746.1,0
O003325,P0010,1,261.54,0
O003325,P0103,3,43.56,0
O003326,P0054,1,22.5,0
O003327,P0022,1,535.5,0
O003327,P0022,3,535.5,0
O003327,P0006,1,317.9,0
O003328,P0010,2,261.54,0
O003329,P0070,3,144.85,0
O003329,P0108,1,153.58,0
O003329,P0019,1,225.54,0
O003330,P0082,2,69.13,0
O003330,P0074,3,26.63,0
O003330,P0064,1,101.18,0
O003330,P0002,1,428.99,0
O003331,P0080,1,52.81,40
O003331,P0039,1,35.85,40
O003331,P0122,1,44.07,40
O003331,P0092,2,9.46,40
O003332,P0071,2,88.96,0
O003333,P0137,1,9.05,10
O003334,P0056,1,54.99,0
O003334,P0060,1,131.68,0
O003334,P0076,1,53.1,0
O003335,P0023,1,234.72,0
O003335,P0104,1,56.02,0
O003335,P0022,1,535.5,0
O003336,P0054,1,22.5,0
O003337,P0060,2,131.68,0
O003338,P0019,3,225.54,0
O003338,P0078,2,46.55,0
O003339,P0003,3,70.0,0
O003340,P0035,1,228.97,0
O003340,P0132,2,9.56,0
O003341,P0028,1,456.12,0
O003341,P0065,1,128.91,0
O003341,P0027,1,261.66,0
O003341,P0026,3,143.66,0
O003342,P0122,1,44.07,0
O003343,P0093,3,36.5,0
O003344,P0066,2,29.64,10
O003344,P0028,1,456.12,10
O003344,P0119,3,111.41,10
O003344,P0058,2,96.6,10
O003345,P0026,1,143.66,0
O003345,P0025,1,63.7,0
O003345,P0052,1,96.7,0
O003345,P0067,1,20.79,0
O003346,P0059,1,46.72,0
O003347,P0123,1,13.17,0
O003347,P0031,1,100.42,0
O003348,P0024,2,70.63,0
O003349,P0122,1,44.07,0
O003350,P0143,1,10.62,0
O003350,P0129,1,10.47,0
O003350,P0056,1,54.99,0
O003351,P0060,1,131.68,0
O003352,P0120,1,233.46,0
O003352,P0027,1,261.66,0
O003353,P0109,2,191.49,0
O003353,P0030,3,111.36,0
O003353,P0126,2,119.65,0
O003353,P0031,1,100.42,0
O003354,P0107,1,42.73,0
O003354,P0134,1,14.57,0
O003355,P0115,1,65.77,0
O003355,P0024,3,70.63,0
O003356,P0050,3,23.7,0
O003357,P0057,1,62.31,0
O003358,P0039,3,35.85,0
O003358,P0130,1,22.25,0
O003358,P0037,1,46.51,0
O003358,P0074,1,26.63,0
O003359,P0048,3,80.09,0
O003360,P0037,2,46.51,0
O003360,P0019,1,225.54,0
O003361,P0061,1,30.11,10
O003361,P0017,2,45.26,10
O003362,P0109,1,191.49,0
O003363,P0047,2,22.6,0
O003363,P0034,1,12.47,0
O003364,P0054,2,22.5,0
O003365,P0089,1,75.8,10
O003365,P0071,1,88.96,10
O003365,P0102,3,6.1,10
O003366,P0116,1,64.62,0
O003366,P0133,1,68.25,0
O003366,P0042,3,94.19,0
O003366,P0088,1,12.2,0
O003367,P0111,1,68.84,10
O003367,P0043,1,15.93,10
O003368,P0094,1,42.24,10
O003369,P0045,1,36.65,0
O003369,P0049,2,192.27,0
O003369,P0033,1,58.2,0
O003370,P0003,1,70.0,0
O003371,P0129,1,10.47,0
O003372,P0134,2,14.57,0
O003372,P0042,1,94.19,0
O003373,P0066,3,29.64,0
O003374,P0023,2,234.72,0
O003374,P0090,1,74.94,0
O003375,P0065,1,128.91,0
O003375,P0065,2,128.91,0
O003376,P0008,1,47.86,0
O003376,P0014,1,280.69,0
O003377,P0102,1,6.1,0
O003378,P0127,1,69.7,0
O003378,P0059,2,46.72,0
O003379,P0124,3,16.63,0
O003379,P0012,1,202.16,0
O003379,P0102,1,6.1,0
O003380,P0114,1,30.32,0
O003381,P0038,1,11.96,0
O003382,P0025,1,63.7,10
O003382,P0074,1,26.63,10
O003383,P0009,3,879.03,40
O003384,P0018,3,103.25,0
O003384,P0129,3,10.47,0
O003384,P0006,1,317.9,0
O003384,P0011,1,746.1,0
O003385,P0067,2,20.79,0
O003386,P0110,2,231.1,0
O003387,P0098,2,5.21,0
O003387,P0099,2,42.13,0
O003387,P0110,3,231.1,0
O003388,P0038,2,11.96,0
O003388,P0030,2,111.36,0
O003388,P0036,1,0.0,0
O003388,P0124,1,16.63,0
O003389,P0057,3,62.31,0
O003390,P0097,3,39.47,0
O003391,P0063,1,95.57,0
O003391,P0059,1,46.72,0
O003392,P0125,1,231.1,0
O003392,P0028,1,456.12,0
O003392,P0054,3,22.5,0
O003393,P0043,2,15.93,0
O003393,P0091,1,55.44,0
O003393,P0073,1,99.68,0
O003393,P0090,1,74.94,0
O003394,P0109,1,191.49,0
O003394,P0062,1,109.93,0
O003394,P0083,1,45.29,0
O003394,P0009,3,879.03,0
O003395,P0046,1,93.34,10
O003395,P0006,2,317.9,10
O003396,P0060,1,131.68,0
O003396,P0051,1,37.8,0
O003396,P0054,1,22.5,0
O003396,P0038,3,11.96,0
O003397,P0032,2,28.68,0
O003397,P0115,2,65.77,0
O003397,P0032,1,28.68,0
O003397,P0036,3,80.43,0
O003398,P0037,2,46.51,0
O003398,P0116,1,64.62,0
O003399,P0007,1,566.07,0
O003399,P0015,2,54.36,0
O003400,P0089,2,75.8,0
O003401,P0122,1,44.07,0
O003401,P0013,2,237.97,0
O003401,P0049,2,192.27,0
O003401,P0066,1,29.64,0
O003402,P0023,3,234.72,10
O003402,P0121,1,35.48,10
O003403,P0051,3,37.8,0
O003404,P0052,1,96.7,0
O003404,P0109,1,191.49,0
O003405,P0056,1,54.99,0
O003406,P0013,2,237.97,0
O003407,P0067,1,20.79,0
O003408,P0015,1,54.36,0
O003409,P0050,2,23.7,0
O003410,P0035,1,228.97,0
O003410,P0030,2,111.36,0
O003410,P0035,2,228.97,0
O003410,P0022,3,535.5,0
O003411,P0042,1,94.19,0
O003411,P0035,1,228.97,0
O003411,P0127,3,69.7,0
O003411,P0014,1,280.69,0
O003412,P0139,1,117.86,0
O003413,P0073,2,99.68,0
O003413,P0074,3,26.63,0
O003413,P0129,1,10.47,0
O003414,P0150,1,28.39,0
O003415,P0129,1,10.47,0
O003415,P0116,3,64.62,0
O003415,P0004,3,203.73,0
O003415,P0100,1,14.85,0
O003416,P0143,1,10.62,0
O003417,P0089,1,75.8,20
O003417,P0074,1,26.63,20
O003417,P0011,1,746.1,20
O003417,P0051,1,37.8,20
O003418,P0119,1,111.41,0
O003419,P0047,1,22.6,0
O003420,P0034,1,12.47,0
O003420,P0110,2,231.1,0
O003421,P0020,3,48.67,0
O003422,P0120,3,233.46,0
O003423,P0149,2,21.0,0
O003423,P0144,1,10.61,0
O003423,P0135,2,61.66,0
O003423,P0059,1,46.72,0
O003424,P0127,1,69.7,0
O003424,P0093,1,36.5,0
O003425,P0136,1,64.01,10
O003426,P0056,1,54.99,0
O003427,P0046,1,93.34,0
O003427,P0121,2,35.48,0
O003427,P0016,3,490.88,0
O003428,P0087,2,72.97,0
O003428,P0002,1,428.99,0
O003429,P0051,2,37.8,0
O003430,P0077,1,86.48,20
O003431,P0027,1,261.66,0
O003431,P0108,1,153.58,0
O003431,P0039,1,35.85,0
O003431,P0126,1,119.65,0
O003432,P0146,1,36.39,0
O003433,P0089,1,75.8,0
O003433,P0056,1,54.99,0
O003434,P0073,3,99.68,0
O003434,P0143,1,10.62,0
O003435,P0060,1,131.68,0
O003435,P0004,2,203.73,0
O003436,P0016,2,490.88,0
O003436,P0124,1,16.63,0
O003436,P0118,1,60.49,0
O003437,P0137,1,9.05,0
O003437,P0085,1,72.91,0
O003438,P0030,3,111.36,0
O003439,P0068,1,23.84,10
O003440,P0032,2,28.68,0
O003440,P0138,2,119.25,0
O003440,P0028,3,456.12,0
O003441,P0038,1,11.96,0
O003441,P0068,1,23.84,0
O003441,P0043,2,15.93,0
O003442,P0009,3,879.03,0
O003443,P0135,1,61.66,10
O003444,P0147,1,8.3,0
O003445,P0028,3,456.12,0
O003446,P0130,3,22.25,0
O003446,P0091,1,55.44,0
O003447,P0085,1,72.91,0
O003447,P0044,2,96.71,0
O003447,P0124,1,16.63,0
O003448,P0003,2,70.0,0
O003448,P0019,1,225.54,0
O003449,P0131,3,10.19,0
O003449,P0109,1,191.49,0
O003450,P0005,1,105.05,0
O003451,P0024,1,70.63,0
O003451,P0005,1,105.05,0
O003452,P0022,1,535.5,0
O003453,P0064,1,101.18,10
O003454,P0081,2,38.74,0
O003455,P0051,2,37.8,0
O003456,P0101,1,12.63,0
O003457,P0098,1,5.21,0
O003458,P0077,1,86.48,0
O003458,P0049,1,192.27,0
O003458,P0058,3,96.6,0
O003459,P0108,1,153.58,0
O003460,P0125,1,231.1,0
O003461,P0036,1,80.43,0
O003462,P0033,3,58.2,0
O003463,P0143,1,10.62,0
O003464,P0062,3,109.93,20
O003464,P0100,1,14.85,20
O003464,P0122,3,44.07,20
O003464,P0060,1,131.68,20
O003465,P0074,1,26.63,0
O003465,P0087,2,72.97,0
O003466,P0009,1,879.03,0
O003467,P0031,1,100.42,0
O003468,P0046,1,93.34,0
O003469,P0012,3,202.16,0
O003470,P0046,1,93.34,0
O003470,P0079,1,21.76,0
O003470,P0073,2,99.68,0
O003471,P0033,2,58.2,0
O003471,P0057,3,62.31,0
O003472,P0007,2,566.07,0
O003473,P0007,1,566.07,0
O003474,P0021,3,103.85,0
O003475,P0057,1,62.31,0
O003476,P0094,2,42.24,10
O003476,P0004,2,203.73,10
O003476,P0003,3,70.0,10
O003476,P0057,2,62.31,10
O003477,P0023,3,234.72,0
O003477,P0117,3,37.62,0
O003477,P0065,1,128.91,0
O003478,P0068,2,23.84,0
O003479,P0138,1,119.25,0
O003480,P0128,1,40.97,0
O003481,P0068,1,23.84,0
O003481,P0125,3,231.1,0
O003482,P0079,2,21.76,5
O003483,P0034,2,12.47,0
O003483,P0062,3,109.93,0
O003484,P0060,1,131.68,0
O003485,P0043,1,15.93,0
O003486,P0129,2,10.47,0
O003486,P0036,1,80.43,0
O003487,P0143,3,10.62,0
O003488,P0145,2,10.1,0
O003489,P0055,1,21.55,0
O003489,P0006,1,317.9,0
O003490,P0062,1,109.93,10
O003490,P0069,3,25.15,10
O003490,P0021,3,103.85,10
O003490,P0012,1,202.16,10
O003491,P0045,1,36.65,0
O003491,P0036,1,80.43,0
O003492,P0112,2,121.72,0
O003492,P0012,1,202.16,0
O003493,P0126,3,119.65,0
O003494,P0067,2,20.79,15
O003494,P0029,1,612.77,15
O003494,P0038,3,11.96,15
O003494,P0058,1,96.6,15
O003495,P0108,1,153.58,0
O003496,P0026,1,143.66,0
O003496,P0007,1,566.07,0
O003497,P0093,1,36.5,0
O003497,P0003,1,70.0,0
O003497,P0007,2,566.07,0
O003498,P0003,1,70.0,0
O003498,P0057,1,62.31,0
O003499,P0081,2,38.74,0
O003500,P0109,2,191.49,0
O003501,P0013,1,237.97,0
O003502,P0088,1,12.2,0
O003503,P0139,2,117.86,0
O003503,P0148,1,74.21,0
O003504,P0066,1,29.64,0
O003504,P0125,1,231.1,0
O003504,P0017,1,45.26,0
O003505,P0070,1,144.85,0
O003505,P0002,3,428.99,0
O003506,P0006,2,317.9,0
O003506,P0008,1,47.86,0
O003506,P0128,3,40.97,0
O003506,P0078,1,46.55,0
O003507,P0043,1,15.93,0
O003507,P0039,1,35.85,0
O003508,P0069,2,25.15,0
O003509,P0030,3,111.36,10
O003509,P0080,1,52.81,10
O003510,P0061,1,30.11,0
O003511,P0066,1,29.64,0
O003511,P0060,3,131.68,0
O003511,P0007,2,566.07,0
O003511,P0004,1,203.73,0
O003512,P0040,1,12.05,0
O003512,P0042,3,94.19,0
O003512,P0060,2,131.68,0
O003512,P0138,2,119.25,0
O003513,P0126,2,119.65,0
O003513,P0049,2,192.27,0
O003514,P0031,2,100.42,0
O003514,P0050,1,23.7,0
O003514,P0073,1,99.68,0
O003514,P0113,3,52.25,0
O003515,P0147,1,8.3,0
O003515,P0094,2,42.24,0
O003516,P0044,2,96.71,0
O003517,P0031,1,100.42,0
O003518,P0135,1,61.66,10
O003519,P0120,1,233.46,0
O003519,P0130,2,22.25,0
O003520,P0048,1,80.09,0
O003521,P0119,1,111.41,0
O003521,P0015,1,54.36,0
O003522,P0124,1,16.63,0
O003522,P0028,3,456.12,0
O003522,P0021,1,103.85,0
O003523,P0139,3,117.86,0
O003524,P0082,3,69.13,0
O003524,P0109,3,191.49,0
O003524,P0022,1,535.5,0
O003524,P0090,2,74.94,0
O003525,P0024,1,70.63,0
O003526,P0004,1,203.73,0
O003527,P0024,1,70.63,0
O003527,P0063,1,95.57,0
O003527,P0005,3,105.05,0
O003527,P0069,3,25.15,0
O003528,P0050,1,23.7,0
O003529,P0048,2,80.09,0
O003529,P0023,1,234.72,0
O003530,P0024,1,70.63,0
O003530,P0077,1,86.48,0
O003531,P0091,2,55.44,0
O003532,P0061,1,30.11,0
O003533,P0092,3,9.46,0
O003533,P0057,1,62.31,0
O003533,P0005,2,105.05,0
O003534,P0018,3,103.25,0
O003534,P0108,1,153.58,0
O003535,P0029,1,612.77,0
O003535,P0112,1,121.72,0
O003535,P0015,1,54.36,0
O003536,P0015,1,54.36,40
O003536,P0074,1,26.63,40
O003536,P0019,1,225.54,40
O003536,P0082,3,69.13,40
O003537,P0007,1,566.07,0
O003538,P0003,2,70.0,20
O003538,P0119,1,111.41,20
O003539,P0006,3,317.9,0
O003539,P0110,3,231.1,0
O003540,P0050,2,23.7,0
O003541,P0019,3,225.54,0
O003541,P0018,1,103.25,0
O003542,P0011,1,0.0,0
O003542,P0092,1,9.46,0
O003543,P0057,2,62.31,0
O003543,P0038,2,11.96,0
O003544,P0020,3,48.67,20
O003545,P0013,1,237.97,5
O003546,P0072,2,22.81,0
O003546,P0015,3,54.36,0
O003547,P0003,1,70.0,0
O003547,P0078,3,46.55,0
O003548,P0013,1,237.97,0
O003548,P0062,1,109.93,0
O003548,P0021,1,103.85,0
O003549,P0002,1,428.99,0
O003550,P0004,1,203.73,0
O003551,P0036,3,80.43,0
O003552,P0097,2,39.47,0
O003552,P0126,2,119.65,0
O003552,P0024,1,70.63,0
O003552,P0060,1,131.68,0
O003553,P0063,3,95.57,0
O003553,P0052,1,96.7,0
O003554,P0104,2,56.02,0
O003555,P0045,3,36.65,0
O003555,P0124,1,16.63,0
O003556,P0036,1,80.43,0
O003557,P0041,3,240.17,0
O003557,P0114,3,30.32,0
O003558,P0011,3,746.1,0
O003559,P0029,1,612.77,0
O003560,P0132,1,9.56,0
O003561,P0035,1,228.97,0
O003561,P0090,1,74.94,0
O003561,P0056,1,54.99,0
O003562,P0054,3,22.5,0
O003563,P0058,1,96.6,10
O003564,P0095,2,45.19,0
O003564,P0056,3,54.99,0
O003565,P0007,1,566.07,0
O003566,P0050,1,23.7,0
O003566,P0121,1,35.48,0
O003567,P0102,1,6.1,0
O003567,P0028,1,456.12,0
O003568,P0023,1,234.72,0
O003568,P0020,2,48.67,0
O003569,P0036,1,80.43,0
O003570,P0004,1,203.73,0
O003571,P0012,1,202.16,0
O003572,P0022,1,535.5,0
O003572,P0055,1,21.55,0
O003573,P0120,3,233.46,0
O003574,P0060,2,131.68,0
O003574,P0067,1,20.79,0
O003574,P0018,2,103.25,0
O003574,P0018,1,103.25,0
O003575,P0051,3,37.8,0
O003575,P0019,3,225.54,0
O003576,P0107,1,42.73,0
O003577,P0029,2,612.77,0
O003578,P0029,1,612.77,0
O003578,P0061,1,30.11,0
O003578,P0004,1,203.73,0
O003578,P0081,1,38.74,0
O003579,P0074,1,26.63,0
O003580,P0111,1,68.84,0
O003581,P0080,1,52.81,0
O003581,P0005,3,105.05,0
O003581,P0126,1,119.65,0
O003582,P0096,2,62.39,0
O003583,P0045,2,36.65,0
O003583,P0085,2,72.91,0
O003583,P0140,2,95.27,0
O003584,P0011,1,746.1,0
O003585,P0037,1,46.51,0
O003585,P0047,2,22.6,0
O003585,P0015,3,54.36,0
O003585,P0093,1,36.5,0
O003586,P0112,1,121.72,0
O003587,P0091,2,55.44,0
O003587,P0086,1,7.88,0
O003588,P0064,1,101.18,0
O003589,P0132,2,9.56,5
O003589,P0101,1,12.63,5
O003590,P0128,1,40.97,0
O003590,P0135,1,61.66,0
O003590,P0082,2,69.13,0
O003590,P0125,1,231.1,0
O003591,P0057,3,62.31,0
O003592,P0048,2,80.09,0
O003593,P0098,1,5.21,0
O003593,P0123,3,13.17,0
O003594,P0068,1,23.84,0
O003595,P0085,1,72.91,0
O003595,P0111,2,68.84,0
O003596,P0094,1,42.24,40
O003596,P0116,2,64.62,40
O003597,P0102,1,6.1,0
O003598,P0148,1,74.21,0
O003599,P0122,1,44.07,0
O003599,P0074,1,26.63,0
O003600,P0067,3,20.79,0
O003600,P0138,1,119.25,0
O003601,P0024,1,70.63,0
O003602,P0129,1,10.47,0
O003602,P0067,3,20.79,0
O003603,P0133,1,68.25,0
O003604,P0048,1,80.09,0
O003605,P0038,1,11.96,0
O003606,P0023,1,234.72,0
O003606,P0052,3,96.7,0
O003606,P0071,3,88.96,0
O003606,P0091,2,55.44,0
O003607,P0041,1,240.17,0
O003607,P0008,3,47.86,0
O003608,P0054,1,22.5,0
O003609,P0047,3,22.6,20
O003609,P0066,1,29.64,20
O003609,P0008,3,47.86,20
O003610,P0139,1,117.86,0
O003610,P0028,3,456.12,0
O003610,P0149,1,21.0,0
O003611,P0145,1,10.1,0
O003611,P0048,2,80.09,0
O003611,P0045,3,36.65,0
O003612,P0072,3,22.81,0
O003612,P0054,1,22.5,0
O003613,P0017,1,45.26,0
O003613,P0008,3,47.86,0
O003613,P0120,3,233.46,0
O003613,P0068,2,23.84,0
O003614,P0098,1,5.21,0
O003614,P0038,1,11.96,0
O003615,P0060,1,131.68,0
O003616,P0059,3,46.72,0
O003616,P0130,3,22.25,0
O003616,P0062,2,109.93,0
O003616,P0113,1,52.25,0
O003617,P0120,2,233.46,0
O003617,P0002,1,428.99,0
O003617,P0062,2,109.93,0
O003618,P0028,1,456.12,0
O003619,P0061,1,30.11,0
O003620,P0148,1,74.21,0
O003620,P0062,1,109.93,0
O003621,P0145,1,10.1,0
O003622,P0008,1,47.86,0
O003622,P0038,3,11.96,0
O003622,P0126,1,119.65,0
O003623,P0066,2,29.64,0
O003623,P0136,3,64.01,0
O003624,P0036,1,80.43,10
O003624,P0138,2,119.25,10
O003625,P0134,3,14.57,0
O003625,P0038,1,11.96,0
O003625,P0141,1,32.3,0
O003626,P0137,2,9.05,0
O003626,P0044,1,96.71,0
O003627,P0124,1,16.63,0
O003628,P0077,1,86.48,0
O003628,P0092,1,9.46,0
O003628,P0149,2,21.0,0
O003629,P0046,1,93.34,0
O003629,P0024,1,70.63,0
O003630,P0078,2,46.55,0
O003631,P0114,1,30.32,10
O003631,P0077,2,86.48,10
O003632,P0103,3,43.56,0
O003632,P0095,1,45.19,0
O003633,P0069,1,25.15,0
O003633,P0149,3,21.0,0
O003633,P0101,1,12.63,0
O003634,P0038,1,11.96,0
O003634,P0115,2,65.77,0
O003635,P0011,2,746.1,0
O003635,P0016,1,490.88,0
O003636,P0102,1,6.1,0
O003637,P0068,1,23.84,5
O003638,P0058,3,96.6,0
O003639,P0012,3,202.16,0
O003640,P0065,2,128.91,0
O003641,P0094,1,42.24,0
O003642,P0065,1,128.91,0
O003643,P0094,1,42.24,20
O003644,P0110,2,231.1,0
O003644,P0048,1,80.09,0
O003644,P0044,2,96.71,0
O003645,P0071,2,88.96,0
O003646,P0100,1,14.85,0
O003646,P0118,1,60.49,0
O003646,P0064,1,101.18,0
O003647,P0031,3,100.42,0
O003648,P0023,2,234.72,0
O003649,P0038,3,11.96,0
O003650,P0028,3,456.12,0
O003650,P0118,2,60.49,0
O003651,P0100,1,14.85,0
O003651,P0020,1,48.67,0
O003651,P0149,2,21.0,0
O003651,P0023,3,234.72,0
O003652,P0018,1,103.25,0
O003653,P0049,3,192.27,0
O003654,P0040,2,12.05,0
O003655,P0068,1,23.84,0
O003655,P0021,1,103.85,0
O003655,P0123,2,13.17,0
O003656,P0027,1,261.66,0
O003656,P0111,1,68.84,0
O003657,P0063,1,95.57,0
O003658,P0106,2,93.16,0
O003658,P0118,1,60.49,0
O003658,P0134,1,14.57,0
O003659,P0040,3,12.05,0
O003660,P0056,3,54.99,0
O003661,P0008,1,47.86,0
O003661,P0005,3,105.05,0
O003661,P0017,1,45.26,0
O003661,P0055,1,21.55,0
O003662,P0028,2,456.12,0
O003663,P0115,1,65.77,0
O003664,P0024,3,70.63,0
O003664,P0035,1,228.97,0
O003664,P0093,1,36.5,0
O003665,P0004,3,203.73,0
O003665,P0108,1,153.58,0
O003666,P0125,1,231.1,5
O003666,P0069,1,25.15,5
O003666,P0043,1,15.93,5
O003667,P0007,3,566.07,10
O003667,P0041,3,240.17,10
O003668,P0045,2,36.65,0
O003669,P0018,2,0.0,0
O003669,P0106,2,93.16,0
O003670,P0010,2,261.54,0
O003670,P0132,2,9.56,0
O003671,P0048,1,80.09,0
O003672,P0075,1,50.52,0
O003672,P0056,2,54.99,0
O003673,P0025,1,63.7,0
O003674,P0134,1,14.57,0
O003674,P0095,3,45.19,0
O003674,P0045,3,36.65,0
O003675,P0044,3,96.71,0
O003675,P0040,1,12.05,0
O003675,P0137,1,9.05,0
O003676,P0146,1,36.39,0
O003677,P0037,3,46.51,0
O003677,P0113,2,52.25,0
O003678,P0130,3,22.25,0
O003678,P0061,1,30.11,0
O003679,P0050,1,23.7,0
O003679,P0128,1,40.97,0
O003680,P0129,1,10.47,0
O003680,P0038,2,11.96,0
O003681,P0014,2,280.69,0
O003681,P0032,2,28.68,0
O003681,P0026,3,143.66,0
O003682,P0043,3,15.93,0
O003682,P0039,1,35.85,0
O003683,P0037,3,46.51,0
O003684,P0059,3,46.72,0
O003685,P0006,1,317.9,0
O003685,P0010,1,261.54,0
O003686,P0066,1,29.64,0
O003687,P0018,1,103.25,10
O003688,P0047,1,22.6,0
O003689,P0074,1,26.63,0
O003690,P0047,3,22.6,0
O003690,P0034,2,12.47,0
O003691,P0137,1,9.05,0
O003691,P0125,1,231.1,0
O003691,P0035,1,228.97,0
O003691,P0133,1,68.25,0
O003692,P0144,3,10.61,0
O003692,P0037,2,46.51,0
O003693,P0072,2,22.81,0
O003693,P0138,3,119.25,0
O003693,P0055,3,21.55,0
O003694,P0117,1,37.62,0
O003695,P0135,1,61.66,0
O003695,P0144,1,10.61,0
O003696,P0018,1,103.25,0
O003697,P0036,3,80.43,0
O003698,P0081,1,38.74,0
O003699,P0099,3,42.13,0
O003699,P0022,1,535.5,0
O003699,P0106,2,93.16,0
O003700,P0012,3,202.16,0
O003700,P0091,1,55.44,0
O003701,P0074,1,26.63,0
O003701,P0052,1,96.7,0
O003701,P0055,1,21.55,0
O003702,P0114,3,30.32,0
O003703,P0001,3,59.15,0
O003704,P0141,1,32.3,0
O003705,P0019,3,225.54,0
O003706,P0029,1,612.77,0
O003707,P0138,2,119.25,0
O003707,P0148,1,74.21,0
O003708,P0061,1,30.11,0
O003708,P0149,3,21.0,0
O003708,P0125,2,231.1,0
O003709,P0035,1,228.97,0
O003709,P0034,1,12.47,0
O003709,P0067,1,20.79,0
O003710,P0072,1,22.81,0
O003711,P0049,1,192.27,0
O003712,P0078,1,46.55,0
O003712,P0049,1,192.27,0
O003713,P0033,2,58.2,0
O003713,P0130,1,22.25,0
O003714,P0106,1,93.16,0
O003715,P0150,1,28.39,0
O003716,P0035,3,228.97,40
O003717,P0143,1,10.62,0
O003717,P0138,1,119.25,0
O003718,P0068,1,23.84,0
O003719,P0143,1,10.62,0
O003719,P0027,2,261.66,0
O003719,P0051,1,37.8,0
O003719,P0037,2,46.51,0
O003720,P0121,1,35.48,10
O003720,P0084,1,13.25,10
O003721,P0123,1,13.17,0
O003721,P0119,1,111.41,0
O003722,P0137,2,9.05,0
O003723,P0071,3,88.96,0
O003723,P0064,1,101.18,0
O003723,P0055,3,21.55,0
O003724,P0020,1,48.67,0
O003725,P0111,1,68.84,0
O003725,P0008,3,47.86,0
O003725,P0128,1,40.97,0
O003725,P0072,1,22.81,0
O003726,P0111,1,68.84,0
O003726,P0058,1,96.6,0
O003726,P0066,1,29.64,0
O003727,P0062,2,109.93,15
O003728,P0004,1,203.73,15
O003729,P0145,3,10.1,0
O003730,P0020,3,48.67,0
O003731,P0019,1,225.54,0
O003731,P0061,1,30.11,0
O003732,P0088,1,12.2,0
O003733,P0048,1,80.09,0
O003734,P0063,1,95.57,5
O003734,P0042,1,94.19,5
O003734,P0006,1,317.9,5
O003735,P0052,1,96.7,15
O003735,P0125,1,231.1,15
O003736,P0041,3,240.17,15
O003736,P0072,1,22.81,15
O003737,P0103,1,43.56,0
O003738,P0068,1,23.84,0
O003739,P0092,1,9.46,0
O003740,P0053,1,79.81,0
O003740,P0039,1,35.85,0
O003741,P0119,1,111.41,0
O003741,P0049,3,192.27,0
O003741,P0039,1,35.85,0
O003741,P0042,2,94.19,0
O003742,P0077,2,86.48,0
O003743,P0127,2,69.7,0
O003744,P0069,3,25.15,0
O003744,P0027,2,261.66,0
O003745,P0022,2,535.5,0
O003745,P0004,1,203.73,0
O003746,P0074,1,26.63,0
O003747,P0022,1,535.5,0
O003747,P0006,1,317.9,0
O003747,P0073,1,99.68,0
O003748,P0128,3,40.97,0
O003749,P0147,2,8.3,0
O003749,P0095,2,45.19,0
O003750,P0096,3,62.39,0
O003751,P0147,2,8.3,0
O003751,P0144,1,10.61,0
O003751,P0132,3,9.56,0
O003752,P0059,2,46.72,5
O003752,P0032,1,28.68,5
O003753,P0038,2,11.96,0
O003754,P0100,3,14.85,0
O003754,P0040,3,12.05,0
O003754,P0033,1,58.2,0
O003755,P0074,1,0.0,0
O003756,P0074,1,26.63,0
O003756,P0108,1,153.58,0
O003756,P0056,2,54.99,0
O003756,P0037,1,46.51,0
O003757,P0041,2,240.17,0
O003757,P0035,2,228.97,0
O003758,P0116,1,64.62,0
O003758,P0034,1,12.47,0
O003758,P0002,3,428.99,0
O003758,P0038,2,11.96,0
O003759,P0093,1,36.5,0
O003759,P0016,1,490.88,0
O003760,P0017,3,45.26,0
O003760,P0013,1,237.97,0
O003760,P0121,2,35.48,0
O003761,P0040,1,12.05,0
O003761,P0058,1,96.6,0
O003762,P0029,3,612.77,0
O003762,P0052,3,96.7,0
O003762,P0135,1,61.66,0
O003762,P0076,1,53.1,0
O003763,P0100,1,14.85,0
O003763,P0028,1,456.12,0
O003763,P0120,3,233.46,0
O003764,P0107,1,42.73,0
O003764,P0094,1,42.24,0
O003765,P0009,1,879.03,0
O003765,P0037,1,46.51,0
O003766,P0051,2,37.8,0
O003766,P0077,1,86.48,0
O003766,P0011,3,746.1,0
O003767,P0031,1,100.42,0
O003767,P0136,3,64.01,0
O003767,P0107,2,42.73,0
O003768,P0066,1,29.64,0
O003768,P0041,1,240.17,0
O003769,P0051,1,37.8,0
O003770,P0007,1,566.07,0
O003770,P0060,1,131.68,0
O003771,P0006,2,317.9,0
O003772,P0105,1,192.4,0
O003772,P0058,1,96.6,0
O003772,P0107,2,42.73,0
O003772,P0020,3,48.67,0
O003773,P0058,1,96.6,0
O003774,P0039,1,35.85,0
O003775,P0062,2,109.93,0
O003776,P0142,1,46.23,0
O003777,P0141,2,32.3,0
O003777,P0107,1,42.73,0
O003777,P0128,2,40.97,0
O003777,P0138,3,119.25,0
O003778,P0032,1,28.68,0
O003778,P0004,3,203.73,0
O003779,P0128,1,40.97,0
O003779,P0052,1,96.7,0
O003779,P0062,3,109.93,0
O003779,P0043,3,15.93,0
O003780,P0097,1,39.47,40
O003781,P0033,1,58.2,0
O003782,P0145,1,10.1,10
O003782,P0132,3,9.56,10
O003782,P0095,1,45.19,10
O003782,P0052,1,96.7,10
O003783,P0107,2,42.73,0
O003783,P0079,1,21.76,0
O003784,P0094,1,42.24,0
O003784,P0070,2,144.85,0
O003784,P0125,2,231.1,0
O003784,P0019,1,225.54,0
O003785,P0014,3,280.69,0
O003785,P0044,1,96.71,0
O003786,P0049,2,192.27,0
O003786,P0023,3,234.72,0
O003786,P0009,1,879.03,0
O003787,P0015,3,54.36,0
O003788,P0031,2,100.42,0
O003788,P0023,2,234.72,0
O003788,P0011,2,746.1,0
O003788,P0003,1,70.0,0
O003789,P0114,3,30.32,0
O003790,P0017,2,45.26,0
O003790,P0077,1,86.48,0
O003790,P0036,1,80.43,0
O003791,P0012,1,202.16,0
O003791,P0002,1,428.99,0
O003791,P0065,1,128.91,0
O003791,P0070,1,144.85,0
O003792,P0121,2,35.48,0
O003792,P0045,0,36.65,0
O003792,P0027,2,261.66,0
O003792,P0029,1,612.77,0
O003793,P0052,1,96.7,20
O003794,P0058,3,96.6,0
O003794,P0115,2,65.77,0
O003794,P0055,1,21.55,0
O003795,P0006,1,317.9,0
O003796,P0072,1,22.81,0
O003797,P0076,3,53.1,0
O003797,P0066,3,29.64,0
O003797,P0051,3,37.8,0
O003797,P0071,1,88.96,0
O003798,P0011,1,746.1,0
O003798,P0032,3,28.68,0
O003799,P0126,2,119.65,0
O003799,P0049,2,192.27,0
O003800,P0068,2,23.84,10
O003800,P0149,1,21.0,10
O003800,P0073,1,99.68,10
O003800,P0085,3,72.91,10
O003801,P0112,3,121.72,0
O003801,P0008,1,47.86,0
O003802,P0029,1,612.77,0
O003803,P0080,1,52.81,0
O003804,P0002,1,428.99,0
O003804,P0029,3,612.77,0
O003804,P0150,1,28.39,0
O003804,P0022,2,535.5,0
O003805,P0008,1,47.86,0
O003806,P0029,2,612.77,0
O003807,P0012,1,202.16,0
O003807,P0020,1,48.67,0
O003808,P0034,1,12.47,0
O003808,P0149,2,21.0,0
O003809,P0045,3,36.65,0
O003810,P0147,1,8.3,0
O003811,P0032,2,28.68,0
O003811,P0148,1,74.21,0
O003812,P0143,3,10.62,0
O003812,P0039,3,35.85,0
O003813,P0067,2,20.79,0
O003813,P0042,2,94.19,0
O003814,P0031,1,100.42,0
O003814,P0087,1,72.97,0
O003814,P0008,2,47.86,0
O003814,P0015,2,54.36,0
O003815,P0144,3,10.61,0
O003816,P0085,1,72.91,0
O003816,P0080,1,52.81,0
O003817,P0115,1,65.77,0
O003817,P0060,1,131.68,0
O003817,P0138,2,119.25,0
O003817,P0066,2,29.64,0
O003818,P0086,3,7.88,0
O003818,P0042,2,94.19,0
O003818,P0105,2,192.4,0
O003818,P0124,1,16.63,0
O003819,P0140,1,95.27,20
O003819,P0021,1,103.85,20
O003819,P0077,1,86.48,20
O003819,P0059,3,46.72,20
O003820,P0043,1,15.93,0
O003820,P0074,3,26.63,0
O003820,P0007,1,566.07,0
O003820,P0034,1,12.47,0
O003821,P0052,1,96.7,0
O003821,P0089,1,75.8,0
O003821,P0074,1,26.63,0
O003821,P0046,1,93.34,0
O003822,P0014,3,280.69,0
O003822,P0090,1,74.94,0
O003822,P0013,1,237.97,0
O003823,P0039,2,35.85,0
O003823,P0032,1,28.68,0
O003824,P0054,3,22.5,0
O003824,P0069,3,25.15,0
O003824,P0046,3,93.34,0
O003825,P0007,1,566.07,0
O003825,P0062,2,109.93,0
O003826,P0123,2,13.17,0
O003826,P0110,3,231.1,0
O003827,P0051,1,37.8,0
O003827,P0107,2,42.73,0
O003827,P0065,1,128.91,0
O003828,P0089,3,75.8,0
O003828,P0038,1,11.96,0
O003828,P0057,2,62.31,0
O003828,P0031,1,100.42,0
O003829,P0031,1,100.42,0
O003829,P0057,1,62.31,0
O003829,P0074,3,26.63,0
O003830,P0133,3,68.25,0
O003831,P0062,1,109.93,0
O003831,P0136,2,64.01,0
O003831,P0019,3,225.54,0
O003832,P0005,3,105.05,10
O003832,P0054,1,22.5,10
O003832,P0055,1,21.55,10
O003832,P0102,3,6.1,10
O003833,P0053,1,79.81,0
O003833,P0082,3,69.13,0
O003834,P0066,2,29.64,0
O003834,P0075,2,50.52,0
O003835,P0026,3,143.66,0
O003835,P0073,1,99.68,0
O003835,P0091,1,55.44,0
O003835,P0007,3,566.07,0
O003836,P0023,1,234.72,0
O003837,P0022,1,535.5,0
O003837,P0101,1,12.63,0
O003838,P0090,1,74.94,0
O003838,P0002,1,428.99,0
O003839,P0042,1,94.19,0
O003840,P0105,-1,192.4,0
O003841,P0048,2,80.09,0
O003842,P0021,1,103.85,0
O003842,P0021,1,103.85,0
O003842,P0048,1,80.09,0
O003843,P0047,1,22.6,0
O003844,P0041,3,240.17,0
O003845,P0137,1,9.05,0
O003845,P0089,1,75.8,0
O003845,P0133,2,68.25,0
O003846,P0108,1,153.58,0
O003847,P0065,2,128.91,0
O003848,P0020,2,48.67,0
O003848,P0069,2,25.15,0
O003848,P0122,1,44.07,0
O003848,P0038,1,11.96,0
O003849,P0025,1,63.7,0
O003850,P0044,2,96.71,0
O003850,P0004,1,203.73,0
O003851,P0009,1,879.03,0
O003852,P0026,1,143.66,0
O003853,P0017,1,45.26,0
O003853,P0140,1,95.27,0
O003853,P0004,2,203.73,0
O003853,P0033,1,58.2,0
O003854,P0010,3,261.54,10
O003854,P0107,1,42.73,10
O003855,P0017,3,45.26,20
O003856,P0126,1,119.65,0
O003856,P0146,2,36.39,0
O003856,P0130,3,22.25,0
O003857,P0032,3,28.68,0
O003857,P0139,1,117.86,0
O003857,P0149,2,21.0,0
O003857,P0143,2,10.62,0
O003858,P0148,1,74.21,0
O003858,P0095,1,45.19,0
O003858,P0029,1,612.77,0
O003859,P0065,3,128.91,0
O003859,P0110,1,231.1,0
O003859,P0060,2,131.68,0
O003860,P0024,1,70.63,0
O003860,P0067,2,20.79,0
O003861,P0011,1,746.1,0
O003862,P0122,2,44.07,0
O003862,P0030,1,111.36,0
O003862,P0025,1,63.7,0
O003862,P0018,3,103.25,0
O003863,P0010,1,261.54,0
O003864,P0106,1,93.16,0
O003865,P0012,3,202.16,0
O003866,P0108,2,153.58,0
O003866,P0078,1,46.55,0
O003866,P0003,3,70.0,0
O003866,P0062,1,109.93,0
O003867,P0052,1,96.7,0
O003867,P0073,1,99.68,0
O003867,P0111,1,68.84,0
O003868,P0013,1,237.97,0
O003869,P0150,1,28.39,0
O003869,P0030,1,111.36,0
O003869,P0013,1,237.97,0
O003870,P0061,2,30.11,0
O003871,P0038,1,11.96,0
O003871,P0122,3,44.07,0
O003871,P0001,1,59.15,0
O003871,P0009,1,879.03,0
O003872,P0108,1,153.58,0
O003873,P0060,2,131.68,0
O003874,P0115,1,65.77,10
O003875,P0034,3,12.47,0
O003876,P0060,1,131.68,20
O003876,P0066,1,29.64,20
O003876,P0117,3,37.62,20
O003877,P0109,3,191.49,0
O003877,P0074,1,26.63,0
O003878,P0080,1,52.81,0
O003878,P0064,1,101.18,0
O003878,P0108,3,153.58,0
O003878,P0045,1,36.65,0
O003879,P0067,2,20.79,0
O003880,P0024,2,70.63,0
O003881,P0039,3,35.85,15
O003881,P0033,1,58.2,15
O003881,P0090,3,74.94,15
O003881,P0055,1,21.55,15
O003882,P0054,1,22.5,0
O003883,P0018,3,103.25,0
O003883,P0065,1,128.91,0
O003883,P0087,1,72.97,0
O003884,P0150,1,28.39,0
O003884,P0116,1,64.62,0
O003885,P0085,0,72.91,0
O003886,P0068,3,23.84,0
O003886,P0054,2,22.5,0
O003887,P0019,1,225.54,0
O003888,P0146,1,36.39,0
O003888,P0023,1,234.72,0
O003889,P0064,1,101.18,0
O003889,P0069,1,25.15,0
O003889,P0010,1,261.54,0
O003889,P0061,1,30.11,0
O003890,P0075,1,50.52,0
O003891,P0034,1,12.47,0
O003892,P0028,1,456.12,0
O003893,P0038,3,11.96,0
O003893,P0070,1,144.85,0
O003893,P0022,1,535.5,0
O003893,P0061,1,30.11,0
O003894,P0072,1,22.81,0
O003895,P0025,1,63.7,0
O003895,P0011,3,746.1,0
O003895,P0149,3,21.0,0
O003896,P0104,2,56.02,20
O003897,P0103,1,43.56,0
O003898,P0067,1,20.79,0
O003898,P0017,1,45.26,0
O003898,P0062,3,109.93,0
O003898,P0011,1,746.1,0
O003899,P0042,2,94.19,0
O003900,P0015,1,54.36,0
O003901,P0134,1,14.57,0
O003902,P0149,1,21.0,0
O003902,P0051,2,37.8,0
O003902,P0061,2,30.11,0
O003902,P0077,1,86.48,0
O003903,P0019,1,225.54,10
O003903,P0104,3,56.02,10
O003904,P0009,3,879.03,0
O003904,P0029,1,612.77,0
O003905,P0004,1,203.73,0
O003906,P0012,2,202.16,0
O003907,P0115,3,65.77,0
O003908,P0091,1,55.44,0
O003909,P0098,1,5.21,0
O003910,P0142,1,46.23,0
O003911,P0007,1,566.07,0
O003911,P0062,1,109.93,0
O003912,P0018,1,103.25,0
O003913,P0062,1,109.93,0
O003913,P0024,1,70.63,0
O003913,P0063,3,95.57,0
O003914,P0019,1,225.54,0
O003914,P0127,2,69.7,0
O003914,P0146,1,36.39,0
O003915,P0058,2,96.6,0
O003916,P0008,3,47.86,0
O003917,P0042,3,94.19,0
O003917,P0105,3,192.4,0
O003918,P0025,1,63.7,0
O003919,P0106,1,93.16,0
O003919,P0054,1,22.5,0
O003920,P0124,1,16.63,0
O003921,P0047,1,22.6,0
O003921,P0013,1,237.97,0
O003921,P0091,1,55.44,0
O003922,P0053,2,79.81,0
O003922,P0062,1,109.93,0
O003922,P0120,1,233.46,0
O003923,P0074,2,26.63,0
O003924,P0048,2,80.09,0
O003925,P0044,1,96.71,0
O003925,P0063,2,95.57,0
O003925,P0001,1,59.15,0
O003925,P0143,3,10.62,0
O003926,P0039,3,35.85,0
O003926,P0042,2,94.19,0
O003927,P0100,1,14.85,0
O003928,P0020,2,48.67,0
O003928,P0014,2,280.69,0
O003928,P0118,1,60.49,0
O003929,P0038,3,11.96,0
O003929,P0001,1,59.15,0
O003929,P0041,1,240.17,0
O003930,P0007,1,566.07,0
O003930,P0076,1,53.1,0
O003930,P0041,1,240.17,0
O003931,P0145,1,10.1,0
O003931,P0025,1,63.7,0
O003932,P0065,1,128.91,10
O003933,P0078,1,46.55,10
O003933,P0050,2,23.7,10
O003933,P0035,1,228.97,10
O003934,P0075,3,50.52,20
O003935,P0090,2,74.94,0
O003935,P0127,1,69.7,0
O003936,P0091,2,55.44,0
O003936,P0006,3,317.9,0
O003936,P0134,3,14.57,0
O003936,P0036,1,80.43,0
O003937,P0026,1,143.66,0
O003937,P0058,2,96.6,0
O003938,P0069,1,25.15,10
O003938,P0136,1,64.01,10
O003938,P0041,1,240.17,10
O003938,P0010,1,261.54,10
O003939,P0046,1,93.34,0
O003940,P0149,1,21.0,0
O003940,P0134,3,14.57,0
O003941,P0034,1,12.47,0
O003941,P0004,1,203.73,0
O003942,P0085,1,72.91,0
O003943,P0093,1,36.5,0
O003943,P0047,1,22.6,0
O003944,P0147,3,8.3,0
O003945,P0012,1,202.16,0
O003945,P0090,1,74.94,0
O003946,P0037,3,46.51,0
O003946,P0017,1,45.26,0
O003947,P0052,1,96.7,0
O003947,P0025,1,63.7,0
O003947,P0067,2,20.79,0
O003947,P0047,1,22.6,0
O003948,P0093,1,36.5,15
O003948,P0110,1,231.1,15
O003948,P0110,1,231.1,15
O003948,P0064,1,101.18,15
O003949,P0029,1,612.77,40
O003949,P0015,1,54.36,40
O003950,P0052,3,96.7,40
O003950,P0038,3,11.96,40
O003950,P0049,1,192.27,40
O003951,P0017,2,45.26,0
O003951,P0042,3,94.19,0
O003952,P0139,1,117.86,0
O003952,P0128,1,40.97,0
O003952,P0034,1,12.47,0
O003952,P0001,1,59.15,0
O003953,P0005,1,105.05,0
O003953,P0033,2,58.2,0
O003953,P0014,2,280.69,0
O003953,P0054,2,22.5,0
O003954,P0056,1,54.99,20
O003954,P0126,1,119.65,20
O003954,P0090,1,74.94,20
O003955,P0146,1,36.39,0
O003955,P0046,1,93.34,0
O003956,P0108,1,153.58,0
O003956,P0071,3,88.96,0
O003957,P0024,1,70.63,0
O003957,P0058,1,96.6,0
O003957,P0059,1,46.72,0
O003958,P0004,2,203.73,0
O003958,P0014,1,280.69,0
O003958,P0004,1,203.73,0
O003959,P0061,1,30.11,0
O003959,P0086,2,7.88,0
O003960,P0078,0,46.55,0
O003961,P0027,-1,261.66,0
O003961,P0090,3,74.94,0
O003961,P0113,1,52.25,0
O003962,P0124,2,16.63,0
O003962,P0012,1,202.16,0
O003962,P0025,2,63.7,0
O003963,P0148,1,74.21,0
O003963,P0091,2,55.44,0
O003964,P0127,1,69.7,0
O003964,P0008,3,47.86,0
O003964,P0010,1,261.54,0
O003964,P0131,1,10.19,0
O003965,P0102,2,6.1,0
O003965,P0063,2,95.57,0
O003965,P0055,2,21.55,0
O003966,P0141,1,32.3,0
O003967,P0028,1,456.12,0
O003968,P0043,3,15.93,0
O003968,P0076,1,53.1,0
O003969,P0058,1,96.6,0
O003970,P0061,1,30.11,0
O003970,P0045,1,36.65,0
O003970,P0065,2,128.91,0
O003970,P0141,3,32.3,0
O003971,P0038,1,11.96,0
O003972,P0001,3,59.15,0
O003973,P0069,1,25.15,0
O003974,P0027,1,261.66,0
O003974,P0108,1,153.58,0
O003974,P0025,1,63.7,0
O003975,P0046,1,93.34,0
O003975,P0038,1,11.96,0
O003976,P0108,1,153.58,10
O003976,P0141,1,32.3,10
O003976,P0104,1,56.02,10
O003977,P0001,1,59.15,0
O003977,P0066,3,29.64,0
O003977,P0001,1,59.15,0
O003978,P0008,2,47.86,0
O003979,P0010,3,261.54,20
O003979,P0116,1,64.62,20
O003979,P0048,2,80.09,20
O003979,P0018,1,103.25,20
O003980,P0031,1,100.42,0
O003981,P0010,2,261.54,0
O003981,P0052,2,96.7,0
O003982,P0058,1,96.6,0
O003982,P0068,1,23.84,0
O003982,P0057,3,62.31,0
O003983,P0063,1,95.57,0
O003984,P0085,1,72.91,0
O003984,P0024,1,70.63,0
O003984,P0019,1,225.54,0
O003984,P0074,1,26.63,0
O003985,P0051,2,37.8,0
O003985,P0017,1,45.26,0
O003986,P0059,1,46.72,10
O003986,P0037,1,46.51,10
O003986,P0074,1,26.63,10
O003986,P0013,2,237.97,10
O003987,P0061,1,30.11,0
O003988,P0010,1,261.54,0
O003989,P0005,1,105.05,0
O003989,P0062,3,109.93,0
O003990,P0019,3,225.54,0
O003990,P0009,1,879.03,0
O003991,P0051,3,37.8,0
O003992,P0130,1,22.25,0
O003992,P0147,1,8.3,0
O003992,P0121,3,35.48,0
O003992,P0132,1,9.56,0
O003993,P0033,1,58.2,0
O003993,P0149,1,21.0,0
O003994,P0056,3,54.99,0
O003995,P0089,1,75.8,0
O003996,P0133,1,68.25,10
O003996,P0039,1,35.85,10
O003996,P0135,2,61.66,10
O003997,P0130,2,22.25,0
O003997,P0068,1,23.84,0
O003998,P0068,3,23.84,0
O003998,P0052,3,96.7,0
O003998,P0134,1,14.57,0
O003998,P0105,1,192.4,0
O003999,P0113,3,52.25,0
O003999,P0136,1,64.01,0
O003999,P0050,2,23.7,0
O003999,P0131,1,10.19,0
O004000,P0051,1,37.8,0
O004001,P0053,3,79.81,0
O004002,P0099,1,42.13,0
O004003,P0037,1,46.51,0
O004003,P0065,2,128.91,0
O004003,P0146,3,36.39,0
O004003,P0074,1,26.63,0
O004004,P0033,1,58.2,0
O004005,P0005,1,105.05,0
O004005,P0118,1,60.49,0
O004006,P0086,2,7.88,0
O004007,P0011,1,746.1,0
O004007,P0015,1,54.36,0
O004008,P0058,1,96.6,0
O004008,P0044,1,96.71,0
O004008,P0051,2,37.8,0
O004009,P0084,1,13.25,10
O004009,P0082,2,69.13,10
O004009,P0024,1,70.63,10
O004010,P0043,1,15.93,0
O004011,P0027,1,261.66,0
O004012,P0034,1,12.47,0
O004013,P0107,3,42.73,0
O004013,P0050,1,23.7,0
O004014,P0070,3,144.85,0
O004014,P0120,3,233.46,0
O004014,P0007,2,566.07,0
O004014,P0021,1,103.85,0
O004015,P0081,1,38.74,0
O004015,P0016,1,490.88,0
O004015,P0065,2,128.91,0
O004016,P0120,3,233.46,0
O004016,P0087,2,72.97,0
O004017,P0146,2,36.39,10
O004017,P0023,2,234.72,10
O004018,P0111,1,68.84,0
O004018,P0054,1,0.0,0
O004018,P0037,1,46.51,0
O004018,P0035,1,228.97,0
O004019,P0109,1,191.49,40
O004019,P0111,3,68.84,40
O004019,P0122,3,44.07,40
O004020,P0142,3,46.23,0
O004020,P0053,1,79.81,0
O004020,P0081,1,38.74,0
O004020,P0125,1,231.1,0
O004021,P0067,1,20.79,0
O004021,P0018,1,103.25,0
O004021,P0007,2,566.07,0
O004022,P0145,3,10.1,0
O004022,P0062,1,109.93,0
O004022,P0052,1,96.7,0
O004023,P0112,1,121.72,0
O004024,P0114,2,30.32,0
O004025,P0035,1,228.97,15
O004025,P0015,1,54.36,15
O004026,P0113,2,52.25,0
O004026,P0003,1,70.0,0
O004027,P0007,3,566.07,0
O004028,P0069,3,25.15,0
O004029,P0054,3,22.5,10
O004029,P0079,1,21.76,10
O004030,P0028,1,456.12,0
O004031,P0072,1,22.81,0
O004031,P0092,3,9.46,0
O004031,P0042,0,94.19,0
O004031,P0004,2,203.73,0
O004032,P0013,2,237.97,0
O004032,P0021,1,103.85,0
O004033,P0017,1,45.26,0
O004033,P0122,3,44.07,0
O004034,P0066,1,29.64,0
O004034,P0062,1,109.93,0
O004035,P0028,3,456.12,0
O004036,P0057,3,62.31,0
O004037,P0071,3,88.96,0
O004038,P0126,1,119.65,0
O004038,P0011,1,746.1,0
O004039,P0061,1,30.11,0
O004040,P0127,1,69.7,0
O004040,P0013,1,237.97,0
O004041,P0002,1,428.99,0
O004042,P0084,1,13.25,0
O004043,P0028,3,456.12,0
O004043,P0018,1,103.25,0
O004043,P0136,1,64.01,0
O004044,P0146,1,36.39,0
O004045,P0138,1,119.25,0
O004045,P0050,2,23.7,0
O004046,P0123,2,13.17,0
O004046,P0112,3,121.72,0
O004046,P0145,1,10.1,0
O004046,P0068,1,23.84,0
O004047,P0068,1,23.84,0
O004047,P0034,3,12.47,0
O004047,P0129,1,10.47,0
O004047,P0103,3,43.56,0
O004048,P0146,3,36.39,0
O004049,P0044,3,96.71,10
O004049,P0142,1,46.23,10
O004049,P0040,1,12.05,10
O004049,P0031,1,100.42,10
O004050,P0049,3,192.27,0
O004051,P0061,2,30.11,40
O004052,P0149,3,21.0,0
O004052,P0059,1,46.72,0
O004053,P0021,1,103.85,0
O004054,P0127,1,69.7,0
O004054,P0129,1,10.47,0
O004055,P0108,1,153.58,0
O004056,P0045,3,36.65,0
O004057,P0045,1,36.65,0
O004057,P0065,3,128.91,0
O004057,P0146,1,36.39,0
O004058,P0057,1,62.31,0
O004059,P0099,1,42.13,0
O004060,P0052,1,96.7,10
O004060,P0039,2,35.85,10
O004060,P0073,1,99.68,10
O004061,P0026,1,143.66,0
O004062,P0023,1,234.72,0
O004063,P0144,3,10.61,0
O004063,P0132,1,9.56,0
O004064,P0100,1,14.85,0
O004064,P0047,2,22.6,0
O004065,P0058,3,96.6,0
O004066,P0060,2,131.68,0
O004066,P0086,3,7.88,0
O004067,P0059,1,46.72,0
O004067,P0072,1,22.81,0
O004068,P0142,1,46.23,0
O004068,P0030,1,111.36,0
O004068,P0146,1,36.39,0
O004069,P0125,3,231.1,0
O004069,P0050,1,23.7,0
O004070,P0011,1,746.1,0
O004070,P0060,1,131.68,0
O004070,P0055,1,21.55,0
O004071,P0078,1,46.55,0
O004071,P0006,1,317.9,0
O004072,P0129,1,10.47,0
O004072,P0092,1,9.46,0
O004073,P0133,1,68.25,0
O004073,P0133,1,68.25,0
O004074,P0012,2,202.16,15
O004075,P0003,1,70.0,0
O004075,P0129,1,10.47,0
O004076,P0011,2,746.1,0
O004077,P0116,1,64.62,0
O004077,P0065,1,128.91,0
O004077,P0149,1,21.0,0
O004078,P0068,2,23.84,0
O004078,P0011,2,746.1,0
O004079,P0085,1,72.91,0
O004080,P0117,1,37.62,0
O004080,P0092,1,9.46,0
O004081,P0038,1,11.96,0
O004082,P0140,1,95.27,0
O004082,P0062,2,109.93,0
O004082,P0148,1,74.21,0
O004082,P0106,3,93.16,0
O004083,P0132,3,9.56,0
O004083,P0050,1,23.7,0
O004084,P0142,3,46.23,0
O004084,P0128,1,40.97,0
O004085,P0092,3,9.46,0
O004085,P0041,1,240.17,0
O004086,P0068,1,23.84,0
O004087,P0071,1,88.96,0
O004087,P0144,1,10.61,0
O004088,P0128,1,40.97,0
O004089,P0104,1,56.02,0
O004089,P0140,3,95.27,0
O004090,P0007,2,566.07,0
O004091,P0119,2,111.41,0
O004092,P0003,1,70.0,0
O004093,P0080,2,52.81,0
O004093,P0119,3,111.41,0
O004093,P0074,1,26.63,0
O004094,P0055,1,21.55,0
O004094,P0046,1,93.34,0
O004094,P0078,1,46.55,0
O004095,P0146,1,36.39,0
O004095,P0049,3,192.27,0
O004096,P0031,1,100.42,0
O004096,P0017,2,45.26,0
O004097,P0056,1,54.99,0
O004097,P0073,1,99.68,0
O004097,P0094,1,42.24,0
O004097,P0028,1,456.12,0
O004098,P0037,3,46.51,0
O004098,P0006,1,317.9,0
O004098,P0131,1,10.19,0
O004099,P0060,1,131.68,40
O004099,P0033,3,58.2,40
O004099,P0102,2,6.1,40
O004099,P0078,1,46.55,40
O004100,P0132,2,9.56,0
O004100,P0059,1,46.72,0
O004101,P0043,1,15.93,0
O004101,P0085,1,72.91,0
O004101,P0096,1,62.39,0
O004102,P0073,3,99.68,0
O004102,P0144,1,10.61,0
O004103,P0090,1,74.94,10
O004103,P0085,1,72.91,10
O004103,P0065,1,128.91,10
O004103,P0014,1,280.69,10
O004104,P0072,2,22.81,0
O004104,P0068,3,23.84,0
O004105,P0010,1,261.54,0
O004105,P0032,1,28.68,0
O004106,P0018,1,103.25,0
O004107,P0011,1,0.0,0
O004107,P0083,3,45.29,0
O004108,P0109,1,191.49,0
O004109,P0004,2,203.73,0
O004109,P0122,2,44.07,0
O004109,P0061,1,30.11,0
O004110,P0050,2,23.7,0
O004110,P0074,2,26.63,0
O004111,P0008,1,47.86,0
O004111,P0089,1,75.8,0
O004112,P0025,1,63.7,10
O004113,P0004,3,203.73,0
O004114,P0060,2,131.68,0
O004114,P0070,3,144.85,0
O004115,P0071,1,88.96,0
O004115,P0022,3,535.5,0
O004115,P0056,1,54.99,0
O004116,P0050,1,23.7,0
O004116,P0076,3,53.1,0
O004116,P0081,1,38.74,0
O004116,P0054,1,22.5,0
O004117,P0120,3,233.46,0
O004118,P0042,1,94.19,0
O004118,P0075,2,50.52,0
O004119,P0123,1,13.17,0
O004119,P0032,3,28.68,0
O004120,P0012,3,202.16,10
O004120,P0032,1,28.68,10
O004120,P0040,2,12.05,10
O004121,P0020,1,48.67,10
O004122,P0048,3,80.09,0
O004123,P0145,1,10.1,0
O004124,P0140,1,95.27,40
O004125,P0086,1,7.88,0
O004125,P0096,3,62.39,0
O004125,P0100,1,14.85,0
O004126,P0022,1,535.5,0
O004127,P0026,1,143.66,0
O004128,P0051,3,37.8,0
O004128,P0045,3,36.65,0
O004129,P0007,1,566.07,0
O004130,P0017,3,45.26,0
O004130,P0025,2,63.7,0
O004130,P0054,3,22.5,0
O004131,P0008,1,47.86,0
O004132,P0062,3,109.93,0
O004132,P0063,1,95.57,0
O004133,P0056,1,54.99,0
O004133,P0056,1,54.99,0
O004133,P0011,2,746.1,0
O004133,P0014,1,280.69,0
O004134,P0023,1,234.72,0
O004135,P0014,1,280.69,10
O004136,P0134,1,14.57,0
O004137,P0050,3,23.7,0
O004137,P0030,1,111.36,0
O004137,P0098,3,5.21,0
O004137,P0018,1,103.25,0
O004138,P0030,1,111.36,0
O004138,P0075,1,50.52,0
O004138,P0012,3,202.16,0
O004138,P0070,1,144.85,0
O004139,P0068,1,23.84,0
O004139,P0076,3,53.1,0
O004140,P0016,1,490.88,0
O004140,P0071,3,88.96,0
O004141,P0010,2,261.54,0
O004141,P0119,3,111.41,0
O004142,P0101,1,12.63,0
O004143,P0031,1,100.42,10
O004143,P0146,1,36.39,10
O004144,P0019,1,225.54,0
O004144,P0021,1,103.85,0
O004145,P0012,1,202.16,0
O004145,P0111,3,68.84,0
O004146,P0009,1,879.03,0
O004147,P0043,3,15.93,0
O004147,P0017,1,45.26,0
O004147,P0118,2,60.49,0
O004148,P0142,1,46.23,0
O004148,P0037,1,46.51,0
O004149,P0061,1,30.11,0
O004149,P0134,1,14.57,0
O004150,P0038,2,11.96,0
O004150,P0019,1,225.54,0
O004150,P0128,1,40.97,0
O004151,P0061,1,30.11,0
O004151,P0131,2,10.19,0
O004151,P0142,1,46.23,0
O004152,P0098,1,5.21,0
O004153,P0049,1,192.27,0
O004154,P0059,1,46.72,0
O004154,P0016,3,490.88,0
O004155,P0071,1,88.96,10
O004155,P0087,2,72.97,10
O004155,P0132,1,9.56,10
O004155,P0049,1,192.27,10
O004156,P0055,1,21.55,0
O004156,P0041,3,240.17,0
O004156,P0076,2,53.1,0
O004157,P0014,1,280.69,0
O004157,P0055,1,21.55,0
O004158,P0075,1,50.52,0
O004159,P0005,3,105.05,0
O004159,P0024,1,70.63,0
O004159,P0080,2,52.81,0
O004159,P0065,1,128.91,0
O004160,P0107,2,42.73,0
O004161,P0022,1,535.5,0
O004162,P0063,2,95.57,10
O004162,P0066,1,29.64,10
O004163,P0021,1,103.85,0
O004163,P0002,2,428.99,0
O004164,P0041,2,240.17,0
O004165,P0005,1,105.05,0
O004165,P0077,1,86.48,0
O004166,P0084,3,13.25,0
O004166,P0074,1,26.63,0
O004167,P0003,1,70.0,0
O004167,P0138,1,119.25,0
O004167,P0052,1,96.7,0
O004168,P0068,3,23.84,0
O004169,P0077,2,86.48,0
O004170,P0078,1,46.55,0
O004170,P0060,1,131.68,0
O004171,P0076,3,53.1,0
O004172,P0067,1,20.79,0
O004172,P0150,1,28.39,0
O004173,P0060,3,131.68,0
O004173,P0015,1,54.36,0
O004173,P0054,1,22.5,0
O004173,P0104,1,56.02,0
O004174,P0092,2,9.46,0
O004174,P0132,1,9.56,0
O004175,P0037,2,46.51,0
O004176,P0024,3,70.63,0
O004177,P0031,1,100.42,0
O004178,P0054,3,22.5,0
O004178,P0042,1,94.19,0
O004179,P0046,1,93.34,10
O004179,P0037,2,46.51,10
O004180,P0092,1,9.46,0
O004180,P0088,1,12.2,0
O004181,P0120,1,233.46,0
O004181,P0140,1,95.27,0
O004181,P0123,1,13.17,0
O004182,P0122,1,44.07,0
O004183,P0016,3,490.88,0
O004183,P0065,2,128.91,0
O004184,P0007,1,566.07,0
O004184,P0143,2,10.62,0
O004184,P0001,1,59.15,0
O004185,P0064,1,101.18,0
O004185,P0115,1,65.77,0
O004186,P0072,1,22.81,10
O004186,P0038,2,0.0,10
O004187,P0032,1,28.68,0
O004188,P0074,2,26.63,0
O004189,P0075,1,50.52,0
O004190,P0026,1,143.66,0
O004190,P0081,3,38.74,0
O004191,P0088,3,12.2,0
O004192,P0054,2,22.5,0
O004192,P0123,3,13.17,0
O004193,P0051,1,37.8,0
O004193,P0004,2,203.73,0
O004193,P0069,1,25.15,0
O004193,P0061,3,30.11,0
O004194,P0036,1,80.43,0
O004195,P0046,1,93.34,0
O004196,P0037,1,46.51,0
O004196,P0082,1,69.13,0
O004197,P0037,3,46.51,0
O004198,P0117,1,37.62,0
O004198,P0066,1,29.64,0
O004199,P0056,1,54.99,0
O004200,P0001,1,59.15,0
O004200,P0025,1,63.7,0
O004200,P0007,3,566.07,0
O004200,P0009,1,879.03,0
O004201,P0067,1,20.79,0
O004201,P0033,1,58.2,0
O004201,P0099,1,42.13,0
O004201,P0081,1,38.74,0
O004202,P0086,1,7.88,0
O004203,P0047,1,22.6,0
O004204,P0090,2,74.94,0
O004205,P0033,2,58.2,0
O004205,P0125,1,231.1,0
O004206,P0149,1,21.0,0
O004206,P0095,1,45.19,0
O004206,P0102,1,6.1,0
O004206,P0021,3,103.85,0
O004207,P0078,1,46.55,0
O004207,P0040,2,12.05,0
O004208,P0113,1,52.25,0
O004209,P0016,1,490.88,0
O004209,P0073,1,99.68,0
O004209,P0075,1,50.52,0
O004210,P0061,2,30.11,0
O004211,P0063,3,95.57,0
O004212,P0001,1,59.15,0
O004212,P0124,3,16.63,0
O004213,P0125,2,231.1,0
O004214,P0070,3,144.85,0
O004215,P0018,2,103.25,0
O004216,P0113,1,52.25,0
O004216,P0011,1,746.1,0
O004216,P0052,3,96.7,0
O004217,P0009,1,879.03,0
O004217,P0032,1,28.68,0
O004218,P0018,1,103.25,10
O004218,P0054,2,22.5,10
O004219,P0137,1,9.05,0
O004220,P0021,2,103.85,0
O004220,P0012,1,202.16,0
O004221,P0006,1,317.9,0
O004221,P0027,2,261.66,0
O004221,P0061,3,30.11,0
O004222,P0015,1,54.36,0
O004222,P0114,1,30.32,0
O004222,P0043,1,15.93,0
O004223,P0114,3,30.32,0
O004223,P0099,3,42.13,0
O004224,P0107,1,42.73,0
O004224,P0100,1,14.85,0
O004225,P0136,3,64.01,0
O004226,P0015,2,54.36,0
O004226,P0135,2,61.66,0
O004227,P0006,1,317.9,0
O004227,P0141,1,32.3,0
O004228,P0068,2,23.84,20
O004228,P0141,2,32.3,20
O004229,P0013,1,237.97,0
O004230,P0143,1,10.62,0
O004230,P0041,1,240.17,0
O004230,P0150,1,28.39,0
O004231,P0124,1,16.63,10
O004231,P0023,1,234.72,10
O004232,P0051,2,37.8,0
O004233,P0098,1,5.21,0
O004234,P0054,1,22.5,0
O004234,P0104,1,56.02,0
O004234,P0098,1,5.21,0
O004234,P0065,1,128.91,0
O004235,P0150,1,28.39,0
O004235,P0011,1,746.1,0
O004236,P0070,1,144.85,0
O004237,P0137,1,9.05,0
O004238,P0033,1,58.2,0
O004238,P0033,1,58.2,0
O004238,P0009,2,879.03,0
O004238,P0150,1,28.39,0
O004239,P0089,1,75.8,0
O004239,P0124,1,16.63,0
O004240,P0009,1,879.03,0
O004241,P0015,1,54.36,0
O004242,P0019,1,0.0,0
O004243,P0093,1,36.5,0
O004243,P0004,1,203.73,0
O004243,P0065,1,128.91,0
O004244,P0116,1,64.62,0
O004244,P0148,1,74.21,0
O004245,P0111,2,68.84,0
O004245,P0022,3,535.5,0
O004246,P0129,1,10.47,0
O004246,P0002,1,428.99,0
O004247,P0112,3,121.72,0
O004248,P0003,3,70.0,0
O004248,P0131,1,10.19,0
O004249,P0145,1,10.1,0
O004249,P0136,1,64.01,0
O004249,P0121,1,35.48,0
O004250,P0015,1,54.36,0
O004250,P0084,1,13.25,0
O004251,P0022,1,535.5,0
O004252,P0044,3,96.71,15
O004253,P0051,1,37.8,0
O004253,P0143,3,10.62,0
O004253,P0143,1,10.62,0
O004253,P0047,2,22.6,0
O004254,P0109,3,191.49,0
O004254,P0014,1,280.69,0
O004254,P0092,1,9.46,0
O004255,P0115,1,65.77,10
O004256,P0014,1,280.69,0
O004256,P0068,3,23.84,0
O004256,P0113,3,52.25,0
O004257,P0020,1,48.67,0
O004258,P0063,3,95.57,0
O004258,P0020,3,48.67,0
O004258,P0149,1,21.0,0
O004258,P0010,1,261.54,0
O004259,P0001,1,59.15,0
O004260,P0034,3,12.47,0
O004260,P0087,1,72.97,0
O004260,P0120,3,233.46,0
O004260,P0103,2,43.56,0
O004261,P0032,2,28.68,0
O004261,P0051,1,37.8,0
O004261,P0147,1,8.3,0
O004262,P0085,1,72.91,0
O004262,P0035,1,228.97,0
O004263,P0077,1,86.48,0
O004264,P0127,1,69.7,0
O004265,P0005,1,105.05,0
O004266,P0113,1,52.25,10
O004266,P0050,2,23.7,10
O004267,P0089,1,75.8,0
O004267,P0132,1,9.56,0
O004267,P0123,1,13.17,0
O004267,P0049,1,192.27,0
O004268,P0094,1,42.24,0
O004268,P0045,1,36.65,0
O004268,P0099,1,42.13,0
O004268,P0058,2,96.6,0
O004269,P0148,1,74.21,0
O004269,P0017,3,45.26,0
O004269,P0143,1,10.62,0
O004269,P0039,1,35.85,0
O004270,P0024,1,70.63,0
O004270,P0052,2,96.7,0
O004271,P0031,1,100.42,0
O004272,P0069,2,25.15,0
O004272,P0031,3,100.42,0
O004273,P0133,1,68.25,0
O004274,P0145,1,10.1,0
O004274,P0045,1,36.65,0
O004275,P0022,3,535.5,10
O004275,P0015,2,54.36,10
O004276,P0072,1,22.81,0
O004276,P0040,1,12.05,0
O004277,P0035,1,228.97,0
O004277,P0132,1,9.56,0
O004278,P0061,1,30.11,0
O004278,P0056,1,54.99,0
O004279,P0056,1,54.99,0
O004280,P0012,1,202.16,0
O004281,P0057,3,62.31,0
O004282,P0071,3,88.96,0
O004282,P0118,1,60.49,0
O004282,P0088,3,12.2,0
O004282,P0070,3,144.85,0
O004283,P0018,1,103.25,0
O004284,P0137,2,9.05,0
O004284,P0119,1,111.41,0
O004285,P0123,3,13.17,0
O004286,P0051,1,37.8,0
O004286,P0062,1,109.93,0
O004287,P0066,3,29.64,0
O004287,P0017,1,45.26,0
O004288,P0001,3,59.15,0
O004288,P0010,1,261.54,0
O004288,P0140,1,95.27,0
O004288,P0073,2,99.68,0
O004289,P0084,3,13.25,0
O004289,P0094,1,42.24,0
O004289,P0075,3,50.52,0
O004290,P0134,1,14.57,0
O004290,P0114,1,30.32,0
O004291,P0087,1,72.97,0
O004292,P0137,1,9.05,20
O004293,P0089,3,75.8,0
O004293,P0108,1,153.58,0
O004293,P0067,2,20.79,0
O004294,P0128,1,40.97,0
O004294,P0040,1,12.05,0
O004294,P0066,1,29.64,0
O004295,P0007,1,566.07,0
O004296,P0122,1,44.07,0
O004296,P0011,2,746.1,0
O004297,P0027,1,261.66,0
O004297,P0101,3,12.63,0
O004297,P0016,2,490.88,0
O004297,P0070,2,144.85,0
O004298,P0115,2,65.77,0
O004298,P0067,1,20.79,0
O004298,P0060,1,131.68,0
O004299,P0034,1,12.47,0
O004299,P0014,2,280.69,0
O004300,P0038,3,11.96,5
O004301,P0095,1,45.19,0
O004302,P0076,2,53.1,0
O004303,P0029,3,612.77,0
O004303,P0116,1,64.62,0
O004303,P0070,1,144.85,0
O004303,P0034,1,12.47,0
O004304,P0115,1,65.77,0
O004305,P0150,3,28.39,0
O004306,P0070,1,144.85,0
O004306,P0144,2,10.61,0
O004306,P0139,1,117.86,0
O004307,P0038,1,11.96,0
O004307,P0038,3,11.96,0
O004308,P0138,1,119.25,0
O004309,P0072,1,22.81,0
O004309,P0047,1,22.6,0
O004309,P0071,2,88.96,0
O004310,P0047,3,22.6,0
O004310,P0044,1,96.71,0
O004311,P0095,1,45.19,0
O004312,P0082,1,69.13,0
O004312,P0045,1,36.65,0
O004313,P0087,2,72.97,10
O004314,P0091,3,55.44,0
O004315,P0064,1,101.18,0
O004315,P0073,1,99.68,0
O004316,P0128,2,40.97,0
O004316,P0022,2,535.5,0
O004317,P0044,1,96.71,10
O004317,P0142,1,46.23,10
O004318,P0010,1,261.54,0
O004319,P0135,2,61.66,0
O004320,P0060,1,131.68,0
O004320,P0112,3,121.72,0
O004321,P0127,1,69.7,0
O004321,P0039,1,35.85,0
O004321,P0012,1,202.16,0
O004322,P0025,1,63.7,0
O004322,P0110,1,231.1,0
O004322,P0102,1,6.1,0
O004323,P0072,1,22.81,0
O004323,P0113,3,52.25,0
O004323,P0045,1,36.65,0
O004323,P0136,3,64.01,0
O004324,P0021,3,103.85,0
O004325,P0077,1,86.48,0
O004326,P0047,1,22.6,0
O004327,P0112,1,121.72,0
O004328,P0129,1,10.47,0
O004328,P0053,1,79.81,0
O004328,P0060,3,131.68,0
O004328,P0082,1,69.13,0
O004329,P0003,1,70.0,0
O004330,P0011,2,746.1,0
O004330,P0059,3,46.72,0
O004330,P0016,3,490.88,0
O004331,P0087,2,72.97,0
O004331,P0059,2,46.72,0
O004331,P0012,1,202.16,0
O004332,P0038,1,11.96,0
O004332,P0136,2,64.01,0
O004332,P0065,1,128.91,0
O004333,P0017,1,45.26,0
O004333,P0096,3,62.39,0
O004333,P0103,1,43.56,0
O004333,P0005,2,105.05,0
O004334,P0148,1,74.21,10
O004334,P0070,2,144.85,10
O004334,P0043,1,15.93,10
O004335,P0090,3,74.94,0
O004335,P0064,2,101.18,0
O004336,P0040,1,12.05,0
O004337,P0019,2,225.54,0
O004337,P0020,1,48.67,0
O004338,P0029,1,612.77,0
O004338,P0030,3,111.36,0
O004339,P0009,1,879.03,5
O004340,P0003,2,70.0,0
O004341,P0061,1,30.11,0
O004342,P0009,2,879.03,0
O004342,P0100,-1,14.85,0
O004342,P0017,1,45.26,0
O004342,P0052,1,96.7,0
O004343,P0041,2,240.17,0
O004343,P0006,2,317.9,0
O004344,P0120,3,233.46,0
O004344,P0005,1,105.05,0
O004344,P0003,1,70.0,0
O004345,P0045,1,36.65,10
O004346,P0034,1,12.47,0
O004346,P0036,3,80.43,0
O004347,P0107,1,42.73,0
O004348,P0052,1,96.7,5
O004349,P0011,1,746.1,5
O004349,P0116,1,64.62,5
O004350,P0107,1,42.73,15
O004350,P0045,1,36.65,15
O004350,P0089,1,75.8,15
O004350,P0073,1,99.68,15
O004351,P0068,1,23.84,0
O004352,P0012,1,202.16,15
O004352,P0148,1,74.21,15
O004353,P0055,1,21.55,5
O004353,P0120,1,233.46,5
O004354,P0071,3,88.96,0
O004354,P0050,1,23.7,0
O004355,P0011,1,746.1,0
O004355,P0035,1,228.97,0
O004355,P0044,1,96.71,0
O004355,P0117,1,37.62,0
O004356,P0121,1,35.48,0
O004356,P0078,2,46.55,0
O004356,P0060,1,131.68,0
O004357,P0105,1,192.4,0
O004357,P0120,1,233.46,0
O004357,P0040,1,12.05,0
O004358,P0118,1,60.49,0
O004358,P0002,3,428.99,0
O004358,P0100,2,14.85,0
O004358,P0002,1,428.99,0
O004359,P0076,3,53.1,0
O004359,P0063,3,95.57,0
O004360,P0068,1,23.84,5
O004360,P0061,1,30.11,5
O004361,P0041,1,240.17,0
O004362,P0058,1,96.6,0
O004362,P0059,1,46.72,0
O004363,P0087,2,72.97,0
O004364,P0115,1,65.77,0
O004364,P0128,3,40.97,0
O004364,P0003,2,70.0,0
O004364,P0150,2,28.39,0
O004365,P0137,3,9.05,0
O004365,P0018,3,103.25,0
O004366,P0104,3,56.02,0
O004366,P0100,3,14.85,0
O004366,P0049,1,192.27,0
O004366,P0086,1,7.88,0
O004367,P0056,2,54.99,0
O004367,P0140,1,95.27,0
O004368,P0127,3,69.7,0
O004369,P0006,1,317.9,0
O004369,P0053,1,79.81,0
O004369,P0136,1,64.01,0
O004370,P0114,2,30.32,0
O004370,P0023,1,234.72,0
O004371,P0137,3,9.05,0
O004371,P0073,3,99.68,0
O004371,P0109,2,191.49,0
O004372,P0127,2,69.7,0
O004372,P0070,1,144.85,0
O004372,P0135,2,61.66,0
O004372,P0064,2,101.18,0
O004373,P0136,1,64.01,0
O004374,P0009,3,879.03,0
O004375,P0037,1,46.51,0
O004375,P0113,3,52.25,0
O004375,P0029,3,612.77,0
O004375,P0038,3,11.96,0
O004376,P0081,3,38.74,0
O004376,P0014,3,280.69,0
O004377,P0111,2,68.84,0
O004377,P0109,2,191.49,0
O004377,P0149,1,21.0,0
O004378,P0073,3,99.68,0
O004379,P0063,1,95.57,0
O004380,P0129,2,10.47,20
O004380,P0081,1,38.74,20
O004380,P0024,1,70.63,20
O004380,P0030,1,111.36,20
O004381,P0115,3,65.77,0
O004382,P0121,1,35.48,10
O004383,P0110,2,231.1,0
O004384,P0037,3,46.51,0
O004384,P0121,0,35.48,0
O004384,P0012,3,202.16,0
O004384,P0105,2,192.4,0
O004385,P0092,1,9.46,0
O004385,P0003,2,70.0,0
O004385,P0042,3,94.19,0
O004386,P0126,1,119.65,0
O004386,P0043,3,15.93,0
O004387,P0119,1,111.41,0
O004388,P0111,1,68.84,0
O004389,P0070,2,144.85,0
O004389,P0038,3,11.96,0
O004390,P0046,1,93.34,0
O004390,P0015,3,54.36,0
O004390,P0010,2,261.54,0
O004391,P0009,1,879.03,10
O004391,P0078,3,46.55,10
O004392,P0014,1,280.69,0
O004393,P0049,2,192.27,10
O004394,P0100,1,14.85,0
O004394,P0043,2,15.93,0
O004395,P0053,3,79.81,0
O004395,P0120,2,233.46,0
O004396,P0006,1,317.9,10
O004397,P0110,1,231.1,0
O004397,P0104,3,56.02,0
O004397,P0109,1,191.49,0
O004397,P0016,1,490.88,0
O004398,P0047,2,22.6,0
O004398,P0098,1,5.21,0
O004399,P0013,2,237.97,0
O004399,P0016,2,490.88,0
O004400,P0044,1,96.71,0
O004400,P0031,-1,100.42,0
O004401,P0112,1,121.72,0
O004402,P0070,1,144.85,0
O004402,P0024,2,70.63,0
O004402,P0017,1,45.26,0
O004403,P0042,2,94.19,0
O004404,P0016,1,490.88,0
O004405,P0022,1,535.5,10
O004405,P0104,1,56.02,10
O004406,P0001,3,59.15,0
O004406,P0096,3,62.39,0
O004406,P0076,1,53.1,0
O004406,P0072,1,22.81,0
O004407,P0035,1,228.97,0
O004408,P0017,1,45.26,0
O004408,P0005,3,105.05,0
O004409,P0129,1,10.47,0
O004409,P0064,1,101.18,0
O004410,P0128,1,40.97,0
O004411,P0100,1,14.85,0
O004412,P0019,2,225.54,20
O004412,P0055,2,21.55,20
O004413,P0118,2,60.49,0
O004413,P0132,2,9.56,0
O004413,P0049,3,192.27,0
O004414,P0088,1,12.2,0
O004415,P0111,1,68.84,0
O004415,P0094,3,42.24,0
O004416,P0041,2,240.17,0
O004417,P0090,1,74.94,0
O004417,P0071,0,88.96,0
O004417,P0026,1,143.66,0
O004417,P0079,1,21.76,0
O004418,P0147,2,8.3,0
O004418,P0094,2,42.24,0
O004418,P0086,2,7.88,0
O004419,P0122,3,44.07,10
O004420,P0026,1,143.66,0
O004420,P0124,1,16.63,0
O004420,P0059,1,46.72,0
O004420,P0064,3,101.18,0
O004421,P0016,1,490.88,0
O004422,P0038,1,11.96,0
O004422,P0091,1,55.44,0
O004422,P0087,2,72.97,0
O004422,P0036,1,80.43,0
O004423,P0098,2,5.21,0
O004423,P0002,2,428.99,0
O004423,P0118,1,60.49,0
O004423,P0076,2,53.1,0
O004424,P0047,1,22.6,0
O004425,P0048,2,80.09,0
O004425,P0015,3,54.36,0
O004425,P0147,1,8.3,0
O004425,P0110,1,231.1,0
O004426,P0016,1,490.88,0
O004427,P0102,1,6.1,0
O004427,P0012,2,202.16,0
O004427,P0061,1,30.11,0
O004427,P0020,3,48.67,0
O004428,P0073,2,99.68,0
O004429,P0119,1,111.41,0
O004429,P0138,2,119.25,0
O004430,P0131,1,10.19,0
O004430,P0033,2,58.2,0
O004430,P0001,3,59.15,0
O004430,P0038,1,11.96,0
O004431,P0088,1,12.2,0
O004431,P0106,1,93.16,0
O004432,P0061,3,30.11,0
O004433,P0112,1,121.72,0
O004434,P0105,3,192.4,0
O004435,P0150,3,28.39,0
O004435,P0032,2,28.68,0
O004436,P0134,3,14.57,0
O004436,P0128,3,40.97,0
O004436,P0131,1,10.19,0
O004436,P0033,3,58.2,0
O004437,P0018,1,103.25,10
O004438,P0099,1,42.13,0
O004438,P0132,1,9.56,0
O004439,P0093,3,36.5,0
O004439,P0051,1,37.8,0
O004440,P0143,3,10.62,0
O004440,P0096,2,62.39,0
O004441,P0140,3,95.27,10
O004442,P0138,1,119.25,0
O004442,P0138,2,119.25,0
O004442,P0029,1,612.77,0
O004443,P0005,3,105.05,0
O004443,P0119,2,111.41,0
O004443,P0034,1,12.47,0
O004444,P0121,2,35.48,0
O004444,P0130,3,22.25,0
O004445,P0122,1,44.07,0
O004445,P0121,1,35.48,0
O004445,P0075,1,50.52,0
O004445,P0114,2,30.32,0
O004446,P0093,2,36.5,0
O004446,P0100,1,14.85,0
O004446,P0049,2,192.27,0
O004447,P0032,2,28.68,0
O004448,P0019,1,225.54,0
O004449,P0070,2,144.85,0
O004449,P0021,3,103.85,0
O004449,P0110,1,231.1,0
O004450,P0041,3,240.17,0
O004451,P0062,2,109.93,0
O004451,P0066,1,29.64,0
O004452,P0078,2,46.55,0
O004453,P0001,1,59.15,0
O004453,P0108,1,153.58,0
O004453,P0070,3,144.85,0
O004453,P0039,1,35.85,0
O004454,P0135,1,61.66,0
O004455,P0070,1,144.85,10
O004455,P0061,2,30.11,10
O004455,P0067,3,20.79,10
O004455,P0068,1,23.84,10
O004456,P0106,2,93.16,0
O004457,P0011,3,746.1,0
O004457,P0129,1,10.47,0
O004458,P0037,1,46.51,0
O004458,P0117,2,37.62,0
O004458,P0031,1,100.42,0
O004458,P0044,1,96.71,0
O004459,P0074,1,26.63,0
O004459,P0045,1,36.65,0
O004460,P0114,2,30.32,0
O004461,P0148,1,74.21,0
O004462,P0123,1,13.17,0
O004462,P0042,1,94.19,0
O004463,P0045,1,36.65,0
O004464,P0094,2,42.24,0
O004465,P0042,3,94.19,0
O004465,P0098,1,5.21,0
O004465,P0142,1,46.23,0
O004466,P0020,1,48.67,0
O004466,P0130,1,22.25,0
O004466,P0012,1,202.16,0
O004466,P0100,3,14.85,0
O004467,P0016,2,490.88,0
O004467,P0129,2,10.47,0
O004468,P0025,1,63.7,40
O004469,P0005,1,105.05,0
O004469,P0010,2,261.54,0
O004469,P0110,1,231.1,0
O004470,P0071,1,88.96,0
O004470,P0040,1,12.05,0
O004470,P0017,3,45.26,0
O004470,P0031,2,100.42,0
O004471,P0060,1,131.68,0
O004472,P0130,1,22.25,0
O004472,P0022,1,535.5,0
O004473,P0078,1,46.55,0
O004473,P0030,1,111.36,0
O004473,P0013,1,237.97,0
O004473,P0015,1,54.36,0
O004474,P0144,2,10.61,0
O004474,P0020,2,48.67,0
O004475,P0036,1,80.43,0
O004476,P0049,0,192.27,0
O004476,P0147,1,8.3,0
O004476,P0026,1,143.66,0
O004477,P0035,1,228.97,0
O004477,P0041,2,240.17,0
O004478,P0031,3,100.42,10
O004479,P0083,3,45.29,0
O004479,P0082,1,69.13,0
O004480,P0060,1,131.68,0
O004481,P0127,1,69.7,0
O004482,P0058,3,96.6,0
O004483,P0136,1,64.01,0
O004483,P0125,1,231.1,0
O004484,P0008,3,47.86,0
O004485,P0142,2,46.23,0
O004486,P0142,3,46.23,0
O004487,P0148,1,74.21,0
O004487,P0060,1,131.68,0
O004488,P0038,3,11.96,0
O004488,P0131,1,10.19,0
O004488,P0124,2,16.63,0
O004488,P0144,1,10.61,0
O004489,P0139,1,117.86,0
O004489,P0113,-1,52.25,0
O004489,P0133,1,68.25,0
O004489,P0057,1,62.31,0
O004490,P0046,1,93.34,10
O004490,P0140,3,95.27,10
O004491,P0128,1,40.97,0
O004492,P0137,1,9.05,0
O004492,P0030,1,111.36,0
O004492,P0084,1,13.25,0
O004493,P0122,1,44.07,0
O004493,P0125,1,231.1,0
O004493,P0016,1,490.88,0
O004493,P0032,1,28.68,0
O004494,P0016,1,490.88,0
O004495,P0070,1,144.85,0
O004496,P0039,1,35.85,0
O004497,P0060,1,131.68,0
O004498,P0004,2,203.73,0
O004499,P0037,1,46.51,0
O004499,P0035,3,228.97,0
O004500,P0081,2,38.74,0
O004500,P0003,1,70.0,0
O004501,P0015,3,54.36,0
O004502,P0077,1,86.48,0
O004503,P0073,1,99.68,5
O004503,P0026,3,143.66,5
O004504,P0133,1,68.25,0
O004505,P0009,1,879.03,0
O004505,P0089,3,75.8,0
O004506,P0127,1,69.7,0
O004506,P0032,1,28.68,0
O004507,P0146,1,36.39,40
O004507,P0110,3,231.1,40
O004507,P0009,2,879.03,40
O004507,P0051,2,37.8,40
O004508,P0120,2,233.46,0
O004509,P0024,3,70.63,0
O004509,P0056,3,54.99,0
O004509,P0124,1,16.63,0
O004510,P0104,1,56.02,0
O004510,P0021,1,103.85,0
O004510,P0149,2,21.0,0
O004510,P0060,2,131.68,0
O004511,P0077,1,86.48,0
O004511,P0028,1,456.12,0
O004512,P0062,1,109.93,0
O004512,P0115,1,65.77,0
O004512,P0015,1,54.36,0
O004512,P0098,1,5.21,0
O004513,P0110,3,231.1,0
O004513,P0085,1,72.91,0
O004513,P0087,1,72.97,0
O004514,P0070,2,144.85,0
O004514,P0006,1,317.9,0
O004514,P0060,1,131.68,0
O004514,P0022,1,535.5,0
O004515,P0020,1,48.67,0
O004516,P0067,0,20.79,0
O004517,P0114,2,30.32,0
O004518,P0055,3,21.55,0
O004519,P0038,2,11.96,0
O004519,P0098,1,5.21,0
O004519,P0143,2,10.62,0
O004520,P0067,2,20.79,0
O004521,P0070,2,144.85,0
O004522,P0051,1,37.8,0
O004523,P0148,3,74.21,0
O004523,P0110,1,231.1,0
O004523,P0057,1,62.31,0
O004524,P0048,1,80.09,5
O004525,P0119,3,111.41,15
O004525,P0037,1,46.51,15
O004526,P0010,2,261.54,10
O004527,P0029,2,612.77,0
O004528,P0033,1,58.2,0
O004529,P0082,3,69.13,0
O004529,P0118,1,60.49,0
O004530,P0006,1,317.9,0
O004530,P0073,1,99.68,0
O004531,P0002,2,428.99,0
O004531,P0018,1,103.25,0
O004531,P0017,2,45.26,0
O004532,P0044,1,96.71,0
O004533,P0032,2,28.68,0
O004534,P0009,2,879.03,0
O004535,P0104,1,56.02,0
O004535,P0107,1,42.73,0
O004535,P0071,1,88.96,0
O004535,P0062,1,109.93,0
O004536,P0137,3,9.05,0
O004537,P0040,1,12.05,0
O004537,P0070,3,144.85,0
O004537,P0002,3,428.99,0
O004537,P0039,1,35.85,0
O004538,P0037,3,46.51,10
O004538,P0075,1,50.52,10
O004538,P0110,2,231.1,10
O004539,P0099,1,42.13,0
O004539,P0044,1,96.71,0
O004539,P0108,1,153.58,0
O004539,P0092,1,9.46,0
O004540,P0053,1,79.81,10
O004540,P0010,3,261.54,10
O004540,P0012,2,202.16,10
O004541,P0079,0,21.76,0
O004542,P0098,1,5.21,0
O004542,P0146,2,36.39,0
O004543,P0032,1,28.68,0
O004544,P0122,1,44.07,0
O004545,P0060,1,131.68,0
O004546,P0122,1,44.07,0
O004547,P0134,1,14.57,10
O004548,P0010,1,261.54,0
O004548,P0034,1,12.47,0
O004548,P0051,1,37.8,0
O004548,P0124,2,16.63,0
O004549,P0126,2,119.65,20
O004549,P0006,2,317.9,20
O004550,P0082,3,69.13,0
O004550,P0140,1,95.27,0
O004550,P0143,3,10.62,0
O004551,P0066,3,29.64,0
O004552,P0026,1,0.0,0
O004552,P0008,3,47.86,0
O004553,P0111,1,68.84,0
O004554,P0071,3,88.96,0
O004554,P0107,1,42.73,0
O004554,P0110,1,231.1,0
O004554,P0029,2,612.77,0
O004555,P0063,1,95.57,0
O004555,P0106,1,93.16,0
O004555,P0065,2,128.91,0
O004555,P0106,2,93.16,0
O004556,P0124,1,16.63,0
O004557,P0052,2,96.7,0
O004557,P0036,3,80.43,0
O004558,P0040,1,12.05,0
O004558,P0077,1,86.48,0
O004559,P0038,1,11.96,0
O004559,P0087,3,72.97,0
O004560,P0081,2,38.74,0
O004560,P0078,1,46.55,0
O004561,P0013,1,237.97,0
O004562,P0033,1,58.2,0
O004562,P0079,1,21.76,0
O004562,P0093,1,36.5,0
O004562,P0109,1,191.49,0
O004563,P0148,1,74.21,0
O004563,P0106,3,93.16,0
O004563,P0091,1,55.44,0
O004564,P0036,1,80.43,0
O004564,P0027,1,261.66,0
O004565,P0052,3,96.7,0
O004565,P0054,3,22.5,0
O004565,P0036,1,80.43,0
O004565,P0032,1,28.68,0
O004566,P0065,1,128.91,0
O004566,P0006,1,317.9,0
O004567,P0128,2,40.97,15
O004567,P0010,1,261.54,15
O004568,P0084,3,13.25,0
O004568,P0053,1,79.81,0
O004568,P0076,3,53.1,0
O004568,P0064,2,101.18,0
O004569,P0005,3,105.05,0
O004570,P0017,1,45.26,10
O004571,P0047,3,22.6,10
O004571,P0148,1,74.21,10
O004572,P0008,1,47.86,0
O004572,P0077,3,86.48,0
O004572,P0114,1,30.32,0
O004573,P0111,1,68.84,0
O004574,P0019,2,225.54,0
O004574,P0073,3,99.68,0
O004575,P0122,3,44.07,0
O004575,P0076,1,53.1,0
O004575,P0087,2,72.97,0
O004576,P0118,3,60.49,0
O004577,P0075,2,50.52,0
O004577,P0062,2,109.93,0
O004577,P0124,1,16.63,0
O004578,P0033,1,58.2,0
O004579,P0104,1,56.02,0
O004580,P0036,1,80.43,0
O004580,P0032,1,28.68,0
O004581,P0109,1,191.49,0
O004581,P0058,1,0.0,0
O004581,P0098,3,5.21,0
O004582,P0039,1,35.85,0
O004582,P0130,1,22.25,0
O004583,P0137,1,9.05,0
O004584,P0034,3,12.47,0
O004585,P0048,1,80.09,0
O004586,P0065,1,128.91,0
O004587,P0098,1,5.21,0
O004587,P0092,3,9.46,0
O004588,P0042,1,94.19,0
O004588,P0027,1,261.66,0
O004588,P0138,1,119.25,0
O004589,P0125,1,231.1,0
O004589,P0140,1,95.27,0
O004589,P0144,3,10.61,0
O004589,P0102,2,6.1,0
O004590,P0140,1,95.27,0
O004590,P0047,3,22.6,0
O004591,P0098,1,5.21,0
O004591,P0004,2,203.73,0
O004591,P0065,3,128.91,0
O004592,P0060,2,131.68,0
O004593,P0015,1,54.36,0
O004594,P0012,1,202.16,0
O004594,P0003,1,70.0,0
O004595,P0017,1,45.26,0
O004595,P0010,3,261.54,0
O004596,P0113,2,52.25,0
O004597,P0037,1,46.51,0
O004598,P0002,1,428.99,0
O004599,P0103,1,43.56,0
O004600,P0074,1,26.63,0
O004601,P0091,1,55.44,0
O004602,P0126,3,119.65,0
O004603,P0096,1,62.39,0
O004604,P0055,1,21.55,20
O004604,P0131,1,10.19,20
O004605,P0070,1,144.85,5
O004605,P0020,1,48.67,5
O004605,P0046,1,93.34,5
O004606,P0126,2,0.0,0
O004606,P0064,1,101.18,0
O004607,P0073,3,99.68,40
O004608,P0048,3,80.09,0
O004608,P0021,1,103.85,0
O004609,P0043,1,15.93,0
O004610,P0056,1,54.99,10
O004611,P0029,2,612.77,0
O004611,P0005,2,105.05,0
O004612,P0149,2,21.0,0
O004613,P0010,1,261.54,0
O004614,P0013,1,237.97,10
O004615,P0059,1,46.72,0
O004615,P0052,2,96.7,0
O004616,P0091,3,55.44,0
O004616,P0065,1,128.91,0
O004617,P0095,3,45.19,0
O004618,P0132,1,9.56,0
O004618,P0136,2,64.01,0
O004619,P0053,3,79.81,0
O004620,P0087,3,72.97,0
O004621,P0078,1,46.55,10
O004621,P0029,2,612.77,10
O004621,P0057,2,62.31,10
O004622,P0066,1,29.64,0
O004623,P0091,3,55.44,0
O004624,P0052,2,96.7,40
O004625,P0148,2,74.21,0
O004626,P0134,2,14.57,0
O004626,P0052,2,96.7,0
O004627,P0137,1,9.05,0
O004628,P0044,1,96.71,0
O004628,P0046,2,93.34,0
O004629,P0145,2,10.1,0
O004630,P0042,1,94.19,0
O004630,P0067,1,20.79,0
O004631,P0099,3,42.13,0
O004631,P0085,1,72.91,0
O004631,P0041,1,240.17,0
O004631,P0036,1,80.43,0
O004632,P0145,1,10.1,0
O004633,P0076,1,53.1,0
O004634,P0009,1,879.03,20
O004634,P0131,2,10.19,20
O004634,P0043,1,15.93,20
O004634,P0062,1,109.93,20
O004635,P0024,2,70.63,0
O004636,P0148,2,74.21,0
O004637,P0061,1,30.11,0
O004637,P0025,1,63.7,0
O004637,P0078,1,46.55,0
O004638,P0002,2,428.99,10
O004639,P0083,1,45.29,0
O004639,P0031,2,100.42,0
O004640,P0038,2,11.96,0
O004641,P0139,2,117.86,0
O004641,P0057,3,62.31,0
O004642,P0068,3,23.84,0
O004642,P0077,1,86.48,0
O004643,P0076,1,53.1,0
O004644,P0110,1,231.1,0
O004644,P0053,1,79.81,0
O004644,P0122,3,44.07,0
O004645,P0122,1,44.07,0
O004645,P0069,1,25.15,0
O004645,P0050,1,0.0,0
O004646,P0070,2,144.85,0
O004646,P0052,1,96.7,0
O004646,P0039,1,35.85,0
O004647,P0067,1,20.79,0
O004647,P0091,1,55.44,0
O004648,P0057,1,62.31,0
O004648,P0058,1,96.6,0
O004648,P0080,3,52.81,0
O004649,P0017,1,45.26,0
O004649,P0028,1,456.12,0
O004650,P0033,1,58.2,0
O004651,P0031,3,100.42,0
O004652,P0016,1,490.88,0
O004653,P0081,1,38.74,0
O004653,P0029,3,612.77,0
O004654,P0013,2,237.97,0
O004654,P0028,2,456.12,0
O004655,P0010,1,261.54,0
O004655,P0072,1,22.81,0
O004656,P0136,1,64.01,0
O004657,P0059,1,46.72,0
O004657,P0061,1,30.11,0
O004657,P0098,1,5.21,0
O004657,P0026,1,143.66,0
O004658,P0011,1,746.1,0
O004659,P0096,1,62.39,0
O004660,P0110,1,231.1,0
O004661,P0060,1,131.68,0
O004661,P0004,1,203.73,0
O004662,P0030,1,111.36,0
O004662,P0087,1,72.97,0
O004662,P0129,1,10.47,0
O004663,P0130,1,22.25,0
O004664,P0144,1,10.61,0
O004665,P0096,1,62.39,0
O004665,P0130,1,22.25,0
O004665,P0053,3,79.81,0
O004665,P0142,1,46.23,0
O004666,P0127,1,69.7,0
O004667,P0148,1,74.21,0
O004667,P0047,1,22.6,0
O004667,P0073,3,99.68,0
O004668,P0047,1,22.6,0
O004668,P0066,1,29.64,0
O004669,P0141,1,32.3,0
O004670,P0032,3,28.68,40
O004670,P0142,1,46.23,40
O004670,P0101,2,12.63,40
O004671,P0147,1,8.3,0
O004671,P0140,3,95.27,0
O004672,P0138,1,119.25,10
O004673,P0135,1,61.66,0
O004674,P0132,1,9.56,0
O004674,P0044,2,96.71,0
O004675,P0016,2,490.88,0
O004676,P0091,1,55.44,0
O004677,P0137,2,9.05,0
O004678,P0140,1,95.27,0
O004678,P0132,1,9.56,0
O004679,P0021,3,103.85,0
O004680,P0083,2,45.29,0
O004681,P0078,1,46.55,0
O004681,P0058,2,96.6,0
O004682,P0139,3,117.86,10
O004682,P0031,2,100.42,10
O004683,P0099,1,42.13,0
O004684,P0074,2,26.63,0
O004685,P0058,1,96.6,0
O004686,P0072,1,22.81,0
O004687,P0006,2,317.9,0
O004687,P0042,2,94.19,0
O004687,P0013,1,237.97,0
O004688,P0001,1,59.15,0
O004688,P0134,1,14.57,0
O004689,P0093,1,36.5,15
O004689,P0023,1,234.72,15
O004689,P0113,2,52.25,15
O004690,P0066,1,29.64,0
O004690,P0005,1,105.05,0
O004690,P0034,3,12.47,0
O004690,P0145,1,10.1,0
O004691,P0100,2,14.85,10
O004691,P0015,3,54.36,10
O004692,P0014,1,280.69,0
O004692,P0035,2,228.97,0
O004692,P0019,1,225.54,0
O004692,P0106,1,93.16,0
O004693,P0048,1,80.09,0
O004693,P0008,1,47.86,0
O004694,P0030,3,111.36,0
O004695,P0082,1,69.13,0
O004695,P0045,1,36.65,0
O004695,P0041,1,240.17,0
O004696,P0075,1,50.52,0
O004696,P0039,2,35.85,0
O004696,P0094,3,42.24,0
O004696,P0010,1,261.54,0
O004697,P0045,1,36.65,0
O004698,P0072,1,22.81,0
O004698,P0072,2,22.81,0
O004699,P0146,1,36.39,0
O004700,P0030,1,111.36,5
O004700,P0121,1,35.48,5
O004701,P0025,1,63.7,0
O004701,P0018,1,103.25,0
O004701,P0109,2,191.49,0
O004702,P0034,2,12.47,0
O004703,P0032,2,28.68,0
O004704,P0005,2,105.05,0
O004705,P0062,1,109.93,0
O004706,P0018,3,103.25,0
O004707,P0044,2,96.71,10
O004707,P0047,1,22.6,10
O004708,P0023,1,234.72,0
O004708,P0142,1,46.23,0
O004708,P0135,1,61.66,0
O004709,P0046,1,93.34,0
O004709,P0055,2,21.55,0
O004709,P0059,3,46.72,0
O004710,P0129,3,10.47,0
O004711,P0133,1,68.25,0
O004711,P0140,3,95.27,0
O004712,P0114,2,30.32,0
O004713,P0045,2,36.65,10
O004713,P0150,3,28.39,10
O004713,P0043,1,15.93,10
O004713,P0125,1,231.1,10
O004714,P0047,3,22.6,0
O004714,P0058,3,96.6,0
O004715,P0099,2,42.13,0
O004715,P0031,1,100.42,0
O004716,P0115,1,65.77,0
O004717,P0137,3,9.05,0
O004718,P0015,1,54.36,0
O004719,P0010,1,261.54,0
O004720,P0014,3,280.69,0
O004721,P0030,1,111.36,0
O004721,P0013,1,237.97,0
O004721,P0099,1,42.13,0
O004722,P0080,1,52.81,0
O004722,P0019,1,225.54,0
O004722,P0043,1,15.93,0
O004723,P0081,1,38.74,0
O004723,P0146,2,36.39,0
O004724,P0093,2,36.5,0
O004725,P0001,1,59.15,0
O004725,P0136,1,64.01,0
O004726,P0017,1,45.26,0
O004726,P0032,3,28.68,0
O004727,P0133,2,68.25,0
O004727,P0146,1,36.39,0
O004727,P0044,1,96.71,0
O004727,P0125,3,231.1,0
O004728,P0074,2,26.63,0
O004728,P0146,1,36.39,0
O004729,P0135,1,61.66,0
O004729,P0130,2,22.25,0
O004730,P0080,2,52.81,0
O004731,P0142,1,46.23,0
O004732,P0051,1,37.8,0
O004733,P0102,1,6.1,40
O004733,P0079,1,21.76,40
O004733,P0093,1,36.5,40
O004734,P0104,1,56.02,0
O004735,P0034,3,12.47,0
O004735,P0061,3,30.11,0
O004735,P0038,1,11.96,0
O004735,P0141,1,32.3,0
O004736,P0027,1,261.66,0
O004736,P0054,1,22.5,0
O004737,P0146,2,36.39,0
O004737,P0135,1,61.66,0
O004738,P0036,1,80.43,0
O004739,P0015,1,54.36,0
O004740,P0106,3,93.16,0
O004740,P0033,1,58.2,0
O004741,P0059,1,46.72,0
O004741,P0004,3,203.73,0
O004742,P0048,1,80.09,0
O004742,P0057,1,62.31,0
O004742,P0010,1,261.54,0
O004742,P0106,1,93.16,0
O004743,P0064,3,101.18,0
O004744,P0013,1,237.97,0
O004744,P0017,1,45.26,0
O004745,P0140,1,95.27,0
O004745,P0121,1,35.48,0
O004745,P0002,1,428.99,0
O004746,P0019,3,225.54,20
O004746,P0012,1,202.16,20
O004747,P0068,2,23.84,10
O004747,P0093,1,36.5,10
O004747,P0046,2,93.34,10
O004747,P0004,2,203.73,10
O004748,P0068,1,23.84,0
O004748,P0066,1,29.64,0
O004748,P0013,2,237.97,0
O004748,P0050,1,23.7,0
O004749,P0038,1,11.96,0
O004750,P0053,3,79.81,5
O004750,P0071,1,88.96,5
O004750,P0042,3,94.19,5
O004750,P0075,1,50.52,5
O004751,P0037,1,46.51,0
O004751,P0029,3,612.77,0
O004752,P0080,1,52.81,0
O004752,P0055,1,21.55,0
O004752,P0039,1,35.85,0
O004752,P0083,2,45.29,0
O004753,P0108,1,153.58,0
O004753,P0005,2,105.05,0
O004753,P0029,3,612.77,0
O004754,P0059,3,46.72,0
O004754,P0026,1,143.66,0
O004755,P0094,1,42.24,0
O004756,P0074,1,26.63,10
O004756,P0113,1,52.25,10
O004757,P0037,1,46.51,0
O004757,P0021,1,103.85,0
O004757,P0089,1,75.8,0
O004758,P0095,2,45.19,0
O004758,P0028,1,456.12,0
O004759,P0115,3,65.77,0
O004759,P0062,1,109.93,0
O004759,P0022,3,535.5,0
O004759,P0087,3,72.97,0
O004760,P0017,1,45.26,0
O004761,P0010,1,261.54,10
O004762,P0043,1,15.93,0
O004762,P0065,3,128.91,0
O004762,P0050,1,23.7,0
O004762,P0011,3,746.1,0
O004763,P0058,3,96.6,0
O004763,P0008,1,47.86,0
O004764,P0021,1,103.85,0
O004764,P0139,1,0.0,0
O004764,P0043,1,15.93,0
O004764,P0017,3,45.26,0
O004765,P0012,3,202.16,15
O004765,P0047,1,22.6,15
O004766,P0046,3,93.34,0
O004766,P0056,1,54.99,0
O004767,P0064,1,101.18,0
O004767,P0061,1,30.11,0
O004767,P0024,1,70.63,0
O004768,P0005,1,105.05,0
O004768,P0039,3,35.85,0
O004769,P0098,2,5.21,0
O004769,P0062,1,109.93,0
O004770,P0040,1,12.05,0
O004770,P0095,2,45.19,0
O004771,P0023,1,234.72,0
O004771,P0083,1,45.29,0
O004771,P0023,3,234.72,0
O004772,P0015,3,54.36,0
O004773,P0126,1,119.65,0
O004773,P0029,1,612.77,0
O004774,P0058,1,96.6,0
O004775,P0108,1,153.58,0
O004775,P0008,3,47.86,0
O004776,P0031,1,100.42,0
O004776,P0020,2,48.67,0
O004776,P0013,1,237.97,0
O004776,P0001,3,59.15,0
O004777,P0064,1,101.18,0
O004778,P0031,1,100.42,0
O004778,P0114,3,30.32,0
O004778,P0061,3,30.11,0
O004779,P0007,2,566.07,0
O004780,P0092,2,9.46,0
O004781,P0125,1,231.1,0
O004781,P0055,3,21.55,0
O004781,P0011,1,746.1,0
O004782,P0087,1,72.97,0
O004782,P0064,1,101.18,0
O004783,P0030,2,111.36,0
O004783,P0054,1,22.5,0
O004783,P0006,1,317.9,0
O004784,P0132,3,9.56,0
O004784,P0103,3,43.56,0
O004784,P0034,1,12.47,0
O004784,P0042,1,94.19,0
O004785,P0047,1,22.6,0
O004785,P0124,3,16.63,0
O004785,P0016,2,490.88,0
O004785,P0033,1,58.2,0
O004786,P0141,1,32.3,0
O004786,P0096,1,62.39,0
O004787,P0013,3,237.97,0
O004788,P0140,1,95.27,0
O004788,P0007,3,566.07,0
O004788,P0145,1,10.1,0
O004789,P0021,1,103.85,0
O004789,P0064,1,101.18,0
O004790,P0062,3,109.93,10
O004790,P0134,1,14.57,10
O004790,P0013,3,237.97,10
O004791,P0144,3,10.61,0
O004792,P0049,3,192.27,0
O004792,P0123,2,13.17,0
O004793,P0051,3,37.8,10
O004793,P0017,3,45.26,10
O004793,P0065,3,128.91,10
O004794,P0016,3,490.88,0
O004795,P0024,1,70.63,0
O004796,P0116,1,64.62,0
O004796,P0057,1,62.31,0
O004797,P0024,1,70.63,0
O004797,P0117,1,37.62,0
O004798,P0071,1,88.96,0
O004799,P0035,1,228.97,0
O004800,P0074,1,26.63,0
O004800,P0026,2,143.66,0
O004800,P0150,3,28.39,0
O004801,P0018,1,103.25,0
O004801,P0028,1,456.12,0
O004802,P0092,3,9.46,0
O004803,P0020,1,48.67,0
O004803,P0121,1,35.48,0
O004804,P0029,2,612.77,0
O004804,P0119,1,111.41,0
O004805,P0015,1,54.36,0
O004805,P0014,3,280.69,0
O004805,P0079,3,21.76,0
O004806,P0018,3,103.25,10
O004807,P0048,1,80.09,10
O004807,P0004,2,203.73,10
O004807,P0065,1,128.91,10
O004807,P0015,2,54.36,10
O004808,P0016,1,490.88,0
O004809,P0002,2,428.99,0
O004810,P0077,1,86.48,0
O004810,P0108,1,153.58,0
O004811,P0052,1,96.7,0
O004811,P0005,1,105.05,0
O004812,P0083,2,45.29,0
O004813,P0022,1,535.5,0
O004813,P0100,1,14.85,0
O004814,P0038,1,11.96,0
O004814,P0023,1,234.72,0
O004814,P0092,2,9.46,0
O004814,P0008,2,47.86,0
O004815,P0115,1,65.77,0
O004815,P0071,1,88.96,0
O004816,P0006,1,317.9,0
O004816,P0122,2,44.07,0
O004817,P0041,1,240.17,0
O004818,P0011,3,746.1,0
O004819,P0014,1,280.69,0
O004819,P0043,2,15.93,0
O004819,P0112,1,121.72,0
O004820,P0090,2,74.94,0
O004820,P0138,1,119.25,0
O004820,P0061,1,30.11,0
O004821,P0084,2,13.25,0
O004821,P0080,3,52.81,0
O004821,P0096,3,62.39,0
O004822,P0041,3,240.17,0
O004822,P0092,3,9.46,0
O004823,P0088,3,12.2,0
O004823,P0114,1,30.32,0
O004823,P0049,3,192.27,0
O004824,P0001,2,59.15,0
O004824,P0070,1,144.85,0
O004825,P0073,1,99.68,0
O004826,P0084,1,13.25,10
O004826,P0051,1,37.8,10
O004827,P0137,2,9.05,0
O004828,P0047,3,22.6,0
O004828,P0029,1,612.77,0
O004828,P0146,2,36.39,0
O004828,P0021,1,103.85,0
O004829,P0052,1,96.7,0
O004829,P0079,1,21.76,0
O004830,P0079,1,21.76,0
O004831,P0132,1,9.56,0
O004831,P0111,1,68.84,0
O004831,P0130,1,22.25,0
O004832,P0133,3,68.25,0
O004832,P0071,1,88.96,0
O004832,P0026,2,143.66,0
O004832,P0073,1,99.68,0
O004833,P0070,1,144.85,0
O004833,P0018,3,103.25,0
O004833,P0116,2,64.62,0
O004833,P0022,1,535.5,0
O004834,P0015,3,54.36,10
O004834,P0061,1,30.11,10
O004835,P0009,2,879.03,0
O004835,P0053,1,79.81,0
O004836,P0126,3,119.65,0
O004836,P0072,1,22.81,0
O004837,P0069,1,25.15,0
O004837,P0034,1,12.47,0
O004837,P0018,1,103.25,0
O004837,P0139,1,117.86,0
O004838,P0047,1,22.6,15
O004838,P0080,1,52.81,15
O004839,P0106,1,93.16,0
O004839,P0131,1,10.19,0
O004839,P0149,2,21.0,0
O004839,P0052,1,96.7,0
O004840,P0084,3,13.25,0
O004840,P0068,1,23.84,0
O004841,P0114,1,30.32,0
O004841,P0103,1,43.56,0
O004841,P0063,1,95.57,0
O004841,P0076,1,53.1,0
O004842,P0008,2,47.86,0
O004842,P0040,3,12.05,0
O004843,P0104,1,56.02,40
O004843,P0013,2,237.97,40
O004844,P0119,1,111.41,0
O004845,P0073,1,99.68,0
O004845,P0036,1,80.43,0
O004845,P0032,2,28.68,0
O004845,P0084,2,13.25,0
O004846,P0119,1,111.41,0
O004846,P0052,1,96.7,0
O004847,P0099,1,42.13,0
O004848,P0041,1,240.17,0
O004848,P0025,3,63.7,0
O004849,P0047,3,22.6,0
O004850,P0067,3,20.79,0
O004850,P0003,1,70.0,0
O004850,P0009,3,879.03,0
O004851,P0073,1,99.68,0
O004851,P0121,1,35.48,0
O004852,P0145,1,10.1,0
O004852,P0090,1,74.94,0
O004853,P0033,1,58.2,0
O004853,P0082,1,69.13,0
O004853,P0067,1,20.79,0
O004853,P0034,3,12.47,0
O004854,P0059,2,46.72,0
O004854,P0074,2,26.63,0
O004855,P0053,2,79.81,0
O004855,P0043,3,15.93,0
O004856,P0107,1,42.73,0
O004857,P0078,1,46.55,0
O004857,P0102,1,6.1,0
O004857,P0037,1,46.51,0
O004858,P0100,3,14.85,0
O004858,P0011,1,746.1,0
O004858,P0045,2,36.65,0
O004859,P0074,1,26.63,0
O004860,P0052,1,96.7,0
O004860,P0030,1,111.36,0
O004861,P0036,3,80.43,0
O004862,P0119,3,111.41,0
O004862,P0099,3,42.13,0
O004862,P0054,1,22.5,0
O004863,P0113,1,52.25,0
O004864,P0053,1,79.81,0
O004864,P0022,0,535.5,0
O004865,P0033,3,58.2,0
O004866,P0004,2,203.73,0
O004867,P0052,1,96.7,0
O004867,P0012,2,202.16,0
O004868,P0077,1,86.48,10
O004869,P0019,2,225.54,0
O004869,P0003,1,70.0,0
O004870,P0058,2,96.6,0
O004871,P0089,3,75.8,0
O004872,P0031,2,100.42,0
O004873,P0043,1,15.93,0
O004873,P0100,1,14.85,0
O004874,P0071,1,88.96,0
O004875,P0109,1,191.49,0
O004876,P0130,1,22.25,0
O004876,P0075,3,50.52,0
O004877,P0027,1,261.66,0
O004878,P0019,2,225.54,0
O004879,P0011,2,746.1,0
O004879,P0061,3,30.11,0
O004879,P0033,1,58.2,0
O004880,P0053,3,79.81,0
O004880,P0110,1,231.1,0
O004880,P0053,1,79.81,0
O004880,P0036,1,80.43,0
O004881,P0044,1,96.71,0
O004882,P0149,3,21.0,0
O004882,P0104,1,56.02,0
O004882,P0114,1,30.32,0
O004883,P0093,1,36.5,20
O004883,P0070,2,144.85,20
O004884,P0020,2,48.67,0
O004884,P0094,1,42.24,0
O004885,P0140,1,95.27,0
O004885,P0036,2,80.43,0
O004886,P0112,1,121.72,0
O004886,P0011,2,746.1,0
O004887,P0055,3,21.55,0
O004887,P0149,2,21.0,0
O004888,P0061,1,30.11,0
O004888,P0030,2,111.36,0
O004889,P0134,1,14.57,0
O004889,P0139,1,117.86,0
O004890,P0036,3,80.43,0
O004890,P0027,2,261.66,0
O004890,P0018,1,103.25,0
O004891,P0141,1,32.3,0
O004891,P0037,2,46.51,0
O004891,P0034,3,12.47,0
O004891,P0111,1,68.84,0
O004892,P0050,3,23.7,0
O004892,P0119,1,111.41,0
O004893,P0108,3,153.58,0
O004894,P0053,1,79.81,0
O004895,P0002,2,428.99,0
O004895,P0064,3,101.18,0
O004896,P0094,3,42.24,0
O004896,P0058,1,96.6,0
O004897,P0047,1,22.6,0
O004897,P0135,1,61.66,0
O004897,P0100,3,14.85,0
O004897,P0011,1,746.1,0
O004898,P0038,2,11.96,10
O004898,P0057,3,62.31,10
O004898,P0145,1,10.1,10
O004898,P0051,2,37.8,10
O004899,P0040,1,12.05,0
O004900,P0128,2,40.97,0
O004901,P0148,1,74.21,0
O004901,P0047,1,22.6,0
O004902,P0038,3,11.96,0
O004902,P0134,2,14.57,0
O004902,P0098,1,5.21,0
O004903,P0051,1,37.8,0
O004904,P0053,1,79.81,0
O004905,P0103,3,43.56,0
O004906,P0109,3,191.49,0
O004907,P0027,3,261.66,0
O004908,P0101,1,12.63,0
O004908,P0096,1,62.39,0
O004909,P0066,3,29.64,0
O004909,P0132,1,9.56,0
O004909,P0048,1,80.09,0
O004910,P0100,1,14.85,0
O004910,P0032,2,28.68,0
O004911,P0081,2,38.74,0
O004912,P0086,1,7.88,0
O004912,P0052,3,96.7,0
O004913,P0046,2,93.34,10
O004913,P0064,2,101.18,10
O004913,P0068,1,23.84,10
O004914,P0092,1,9.46,10
O004914,P0106,2,93.16,10
O004914,P0085,1,72.91,10
O004914,P0029,3,612.77,10
O004915,P0142,3,46.23,0
O004916,P0149,1,21.0,0
O004917,P0030,1,111.36,0
O004917,P0067,3,20.79,0
O004918,P0056,3,54.99,0
O004918,P0017,1,45.26,0
O004918,P0136,3,64.01,0
O004919,P0054,1,22.5,0
O004919,P0091,2,55.44,0
O004919,P0044,2,96.71,0
O004919,P0138,3,119.25,0
O004920,P0073,3,99.68,10
O004921,P0008,2,47.86,10
O004922,P0107,1,42.73,0
O004923,P0044,2,96.71,0
O004924,P0147,2,8.3,0
O004925,P0092,2,9.46,10
O004925,P0006,1,317.9,10
O004925,P0088,2,12.2,10
O004926,P0143,1,10.62,0
O004926,P0045,1,36.65,0
O004926,P0029,3,612.77,0
O004927,P0144,1,10.61,0
O004928,P0004,2,203.73,0
O004928,P0146,3,36.39,0
O004929,P0080,3,52.81,0
O004929,P0053,1,79.81,0
O004930,P0112,1,121.72,0
O004931,P0102,2,6.1,0
O004932,P0107,1,42.73,0
O004932,P0059,1,46.72,0
O004932,P0095,1,45.19,0
O004932,P0090,3,74.94,0
O004933,P0103,2,43.56,0
O004933,P0009,3,879.03,0
O004933,P0102,1,6.1,0
O004934,P0077,3,86.48,0
O004934,P0034,2,12.47,0
O004934,P0092,1,9.46,0
O004935,P0069,2,25.15,0
O004935,P0031,3,100.42,0
O004936,P0075,2,50.52,0
O004936,P0127,1,69.7,0
O004937,P0120,1,233.46,0
O004938,P0104,1,56.02,0
O004939,P0150,3,28.39,0
O004940,P0008,1,47.86,0
O004941,P0023,3,234.72,0
O004942,P0038,2,11.96,0
O004942,P0028,3,456.12,0
O004942,P0102,1,6.1,0
O004942,P0044,1,96.71,0
O004943,P0004,3,203.73,0
O004944,P0072,1,22.81,0
O004944,P0036,1,80.43,0
O004945,P0116,1,64.62,0
O004945,P0015,1,54.36,0
O004945,P0049,1,192.27,0
O004945,P0037,1,46.51,0
O004946,P0043,1,15.93,0
O004947,P0068,1,23.84,5
O004947,P0114,1,30.32,5
O004948,P0025,1,63.7,0
O004948,P0008,1,47.86,0
O004949,P0019,1,225.54,0
O004949,P0093,1,36.5,0
O004950,P0020,1,48.67,0
O004950,P0039,1,35.85,0
O004951,P0032,1,28.68,0
O004952,P0024,1,70.63,0
O004952,P0008,3,47.86,0
O004952,P0009,2,879.03,0
O004952,P0002,3,428.99,0
O004953,P0052,3,96.7,0
O004954,P0096,3,62.39,0
O004955,P0128,3,40.97,0
O004955,P0104,3,56.02,0
O004956,P0029,1,612.77,15
O004956,P0035,1,228.97,15
O004957,P0142,1,46.23,0
O004958,P0150,1,28.39,0
O004958,P0080,1,52.81,0
O004958,P0054,1,22.5,0
O004958,P0063,1,95.57,0
O004959,P0141,1,32.3,0
O004960,P0044,3,96.71,0
O004960,P0046,1,93.34,0
O004960,P0049,1,192.27,0
O004960,P0081,2,38.74,0
O004961,P0148,1,74.21,0
O004961,P0050,1,23.7,0
O004961,P0135,1,61.66,0
O004962,P0150,2,28.39,0
O004962,P0044,1,96.71,0
O004963,P0047,2,22.6,10
O004963,P0064,1,101.18,10
O004963,P0044,3,96.71,10
O004963,P0026,3,143.66,10
O004964,P0046,1,93.34,0
O004965,P0012,2,202.16,0
O004965,P0071,1,88.96,0
O004965,P0028,1,456.12,0
O004965,P0118,2,60.49,0
O004966,P0102,1,6.1,0
O004966,P0022,1,535.5,0
O004967,P0069,1,25.15,10
O004967,P0024,1,70.63,10
O004968,P0049,1,192.27,0
O004968,P0037,3,46.51,0
O004968,P0044,3,96.71,0
O004968,P0125,1,231.1,0
O004969,P0020,2,48.67,0
O004969,P0043,1,15.93,0
O004970,P0117,1,37.62,0
O004971,P0037,1,46.51,0
O004972,P0014,1,280.69,0
O004972,P0011,1,746.1,0
O004973,P0146,1,36.39,0
O004974,P0054,1,22.5,0
O004974,P0029,1,612.77,0
O004975,P0008,1,47.86,0
O004975,P0007,1,566.07,0
O004975,P0007,1,566.07,0
O004976,P0021,1,103.85,0
O004977,P0003,1,70.0,0
O004978,P0063,1,95.57,0
O004979,P0068,1,23.84,0
O004980,P0082,1,69.13,0
O004981,P0022,3,535.5,0
O004981,P0056,1,54.99,0
O004982,P0123,3,13.17,0
O004982,P0118,1,60.49,0
O004983,P0032,2,28.68,0
O004983,P0019,1,225.54,0
O004984,P0026,1,143.66,0
O004985,P0025,1,63.7,10
O004985,P0019,1,225.54,10
O004985,P0146,1,36.39,10
O004986,P0070,1,144.85,0
O004987,P0082,1,69.13,0
O004988,P0082,1,69.13,10
O004989,P0058,1,96.6,0
O004990,P0087,2,72.97,0
O004991,P0073,1,99.68,0
O004992,P0025,1,63.7,0
O004992,P0054,2,22.5,0
O004992,P0031,1,100.42,0
O004992,P0073,3,99.68,0
O004993,P0076,3,53.1,0
O004994,P0056,1,54.99,10
O004994,P0108,2,153.58,10
O004995,P0082,2,69.13,10
O004995,P0127,1,69.7,10
O004996,P0039,1,35.85,0
O004996,P0131,1,10.19,0
O004996,P0050,3,23.7,0
O004996,P0105,1,192.4,0
O004997,P0036,2,80.43,10
O004998,P0022,1,535.5,0
O004998,P0140,1,95.27,0
O004998,P0049,1,192.27,0
O004999,P0150,1,28.39,0
O004999,P0121,1,35.48,0
O004999,P0108,2,153.58,0
O004999,P0018,1,103.25,0
O005000,P0077,2,86.48,0
O005000,P0018,1,103.25,0
O005001,P0031,3,100.42,0
O005002,P0120,1,233.46,0
O005003,P0114,2,30.32,0
O005003,P0134,1,14.57,0
O005003,P0012,1,202.16,0
O005003,P0012,1,202.16,0
O005004,P0053,2,79.81,0
O005004,P0122,1,44.07,0
O005005,P0038,1,11.96,0
O005005,P0134,1,14.57,0
O005006,P0113,3,52.25,0
O005007,P0069,2,25.15,0
O005008,P0147,2,8.3,0
O005008,P0095,1,45.19,0
O005009,P0038,2,11.96,0
O005010,P0058,1,96.6,0
O005010,P0059,1,46.72,0
O005010,P0113,1,52.25,0
O005011,P0001,3,59.15,10
O005011,P0114,3,30.32,10
O005012,P0024,2,70.63,10
O005013,P0057,1,62.31,0
O005014,P0143,2,10.62,0
O005015,P0099,2,42.13,0
O005016,P0043,3,15.93,0
O005016,P0116,2,64.62,0
O005016,P0021,1,103.85,0
O005017,P0076,1,53.1,5
O005017,P0007,3,566.07,5
O005018,P0110,1,231.1,0
O005019,P0018,1,103.25,15
O005019,P0150,1,28.39,15
O005020,P0114,3,30.32,0
O005021,P0003,1,70.0,0
O005021,P0033,2,58.2,0
O005021,P0047,1,22.6,0
O005021,P0003,1,70.0,0
O005022,P0008,3,47.86,0
O005022,P0125,3,231.1,0
O005022,P0014,2,280.69,0
O005022,P0114,1,30.32,0
O005023,P0052,2,96.7,0
O005023,P0010,2,261.54,0
O005023,P0131,1,10.19,0
O005023,P0087,1,72.97,0
O005024,P0089,2,75.8,0
O005024,P0048,1,80.09,0
O005024,P0008,1,47.86,0
O005024,P0129,3,10.47,0
O005025,P0128,1,40.97,0
O005026,P0067,2,20.79,0
O005026,P0133,3,68.25,0
O005026,P0144,2,10.61,0
O005027,P0094,3,42.24,0
O005028,P0092,1,9.46,10
O005029,P0129,2,10.47,0
O005030,P0071,2,88.96,0
O005031,P0120,3,233.46,40
O005032,P0084,1,13.25,0
O005032,P0032,2,28.68,0
O005033,P0141,1,32.3,0
O005034,P0133,3,68.25,10
O005034,P0099,1,42.13,10
O005034,P0029,1,612.77,10
O005034,P0027,1,261.66,10
O005035,P0011,1,746.1,0
O005035,P0136,2,64.01,0
O005035,P0066,1,29.64,0
O005036,P0134,1,14.57,0
O005037,P0072,1,22.81,5
O005038,P0066,2,29.64,0
O005039,P0071,1,88.96,0
O005040,P0125,1,231.1,0
O005040,P0127,1,69.7,0
O005041,P0147,1,8.3,0
O005041,P0031,3,100.42,0
O005042,P0134,1,14.57,10
O005042,P0094,1,42.24,10
O005042,P0086,1,7.88,10
O005043,P0112,3,121.72,0
O005043,P0145,1,10.1,0
O005044,P0110,1,231.1,0
O005044,P0130,3,22.25,0
O005044,P0083,1,45.29,0
O005045,P0050,1,23.7,0
O005045,P0008,1,47.86,0
O005046,P0117,1,37.62,0
O005047,P0077,2,86.48,10
O005048,P0143,3,10.62,0
O005049,P0089,1,75.8,0
O005050,P0130,2,22.25,0
O005051,P0083,2,45.29,0
O005052,P0057,2,62.31,0
O005052,P0041,3,240.17,0
O005052,P0041,1,240.17,0
O005053,P0023,1,234.72,0
O005053,P0068,2,23.84,0
O005053,P0097,3,39.47,0
O005053,P0044,1,96.71,0
O005054,P0015,1,54.36,0
O005055,P0096,1,62.39,15
O005056,P0110,1,231.1,10
O005056,P0018,1,103.25,10
O005056,P0041,1,240.17,10
O005056,P0059,3,46.72,10
O005057,P0091,3,55.44,0
O005057,P0098,2,5.21,0
O005058,P0147,1,8.3,0
O005059,P0013,1,237.97,0
O005059,P0029,1,612.77,0
O005059,P0040,2,12.05,0
O005059,P0132,1,9.56,0
O005060,P0058,2,96.6,0
O005060,P0105,2,192.4,0
O005060,P0040,1,12.05,0
O005061,P0086,3,7.88,0
O005061,P0018,3,103.25,0
O005061,P0065,1,128.91,0
O005061,P0036,1,80.43,0
O005062,P0021,1,103.85,0
O005062,P0026,1,143.66,0
O005063,P0072,1,22.81,0
O005064,P0024,1,70.63,0
O005064,P0021,1,103.85,0
O005064,P0004,1,203.73,0
O005065,P0015,1,54.36,0
O005066,P0082,1,69.13,0
O005066,P0053,1,79.81,0
O005067,P0115,2,65.77,0
O005067,P0124,1,16.63,0
O005068,P0001,2,59.15,0
O005068,P0060,2,131.68,0
O005068,P0114,1,30.32,0
O005069,P0015,1,54.36,0
O005070,P0132,1,9.56,0
O005070,P0008,1,47.86,0
O005071,P0147,1,8.3,0
O005072,P0061,2,30.11,5
O005073,P0037,2,46.51,0
O005073,P0035,1,228.97,0
O005073,P0032,2,28.68,0
O005074,P0083,1,45.29,0
O005075,P0127,1,69.7,0
O005075,P0044,3,96.71,0
O005076,P0058,2,96.6,0
O005076,P0054,3,22.5,0
O005076,P0143,3,10.62,0
O005077,P0049,2,192.27,0
O005077,P0072,1,22.81,0
O005078,P0026,1,143.66,0
O005079,P0035,1,228.97,0
O005079,P0041,2,240.17,0
O005080,P0139,3,117.86,0
O005080,P0140,3,95.27,0
O005080,P0149,1,21.0,0
O005081,P0101,1,12.63,0
O005081,P0017,2,45.26,0
O005081,P0062,1,109.93,0
O005082,P0136,1,64.01,0
O005082,P0139,1,117.86,0
O005082,P0019,2,225.54,0
O005082,P0142,3,46.23,0
O005083,P0037,0,46.51,0
O005083,P0061,2,30.11,0
O005084,P0079,2,21.76,0
O005085,P0150,3,28.39,0
O005086,P0143,3,10.62,0
O005087,P0073,3,99.68,0
O005087,P0040,3,12.05,0
O005088,P0088,2,12.2,0
O005088,P0123,1,13.17,0
O005088,P0136,3,64.01,0
O005088,P0129,3,10.47,0
O005089,P0034,1,12.47,0
O005089,P0051,1,37.8,0
O005090,P0048,1,80.09,0
O005090,P0010,2,261.54,0
O005091,P0070,1,144.85,0
O005091,P0149,1,21.0,0
O005091,P0142,1,46.23,0
O005092,P0017,1,45.26,0
O005093,P0149,2,21.0,0
O005093,P0044,1,96.71,0
O005094,P0139,1,117.86,10
O005095,P0055,2,21.55,0
O005096,P0131,1,10.19,0
O005097,P0150,3,28.39,0
O005098,P0072,1,22.81,0
O005098,P0055,1,21.55,0
O005098,P0060,1,131.68,0
O005098,P0067,1,20.79,0
O005099,P0050,2,23.7,0
O005099,P0011,1,746.1,0
O005099,P0021,1,103.85,0
O005099,P0048,3,80.09,0
O005100,P0027,1,261.66,0
O005100,P0065,3,128.91,0
O005101,P0057,2,62.31,0
O005101,P0049,1,192.27,0
O005101,P0061,3,30.11,0
O005102,P0028,1,456.12,0
O005103,P0051,1,37.8,0
O005103,P0122,1,44.07,0
O005104,P0140,1,95.27,0
O005104,P0010,1,261.54,0
O005105,P0141,1,32.3,20
O005105,P0088,2,12.2,20
O005105,P0120,1,233.46,20
O005106,P0141,2,32.3,20
O005107,P0009,1,879.03,0
O005108,P0091,1,55.44,0
O005108,P0037,2,46.51,0
O005109,P0064,1,101.18,10
O005109,P0112,2,121.72,10
O005110,P0018,1,103.25,0
O005110,P0016,1,490.88,0
O005111,P0014,1,280.69,0
O005112,P0068,3,23.84,0
O005112,P0136,2,64.01,0
O005113,P0098,1,5.21,0
O005113,P0112,1,121.72,0
O005113,P0118,3,60.49,0
O005113,P0028,1,456.12,0
O005114,P0063,1,95.57,0
O005114,P0148,1,74.21,0
O005114,P0133,1,68.25,0
O005114,P0061,1,30.11,0
O005115,P0060,3,131.68,0
O005115,P0011,1,746.1,0
O005116,P0022,3,535.5,0
O005116,P0020,2,48.67,0
O005116,P0092,2,9.46,0
O005116,P0021,1,103.85,0
O005117,P0079,1,21.76,0
O005118,P0031,1,100.42,0
O005119,P0054,1,22.5,0
O005119,P0077,1,86.48,0
O005120,P0142,2,46.23,0
O005120,P0133,1,68.25,0
O005121,P0148,3,74.21,40
O005122,P0150,1,28.39,0
O005122,P0137,1,9.05,0
O005123,P0139,2,117.86,0
O005123,P0088,3,12.2,0
O005123,P0138,1,119.25,0
O005124,P0113,3,52.25,0
O005124,P0032,1,28.68,0
O005125,P0037,2,46.51,0
O005126,P0115,1,65.77,0
O005126,P0048,1,80.09,0
O005126,P0079,1,21.76,0
O005127,P0079,1,21.76,0
O005128,P0007,3,566.07,0
O005128,P0122,1,44.07,0
O005129,P0108,1,153.58,0
O005130,P0112,1,121.72,0
O005131,P0056,1,54.99,0
O005131,P0104,1,56.02,0
O005131,P0056,1,54.99,0
O005132,P0054,3,0.0,0
O005132,P0040,1,12.05,0
O005132,P0034,1,12.47,0
O005133,P0084,1,13.25,0
O005134,P0098,1,5.21,0
O005135,P0087,2,72.97,0
O005136,P0061,2,30.11,0
O005136,P0028,2,456.12,0
O005136,P0060,1,131.68,0
O005136,P0042,1,94.19,0
O005137,P0080,1,52.81,0
O005138,P0057,1,62.31,0
O005139,P0007,2,566.07,0
O005140,P0022,1,535.5,0
O005140,P0149,1,21.0,0
O005140,P0002,2,428.99,0
O005140,P0111,1,68.84,0
O005141,P0086,2,7.88,0
O005141,P0107,2,42.73,0
O005142,P0020,1,48.67,0
O005142,P0128,1,40.97,0
O005142,P0096,2,62.39,0
O005143,P0090,1,74.94,0
O005143,P0001,1,59.15,0
O005144,P0075,1,50.52,0
O005144,P0141,1,32.3,0
O005145,P0031,1,100.42,5
O005145,P0125,2,231.1,5
O005145,P0001,1,59.15,5
O005146,P0021,2,103.85,0
O005147,P0005,1,105.05,0
O005148,P0003,1,70.0,40
O005149,P0075,1,50.52,0
O005150,P0078,1,46.55,0
O005151,P0100,2,14.85,0
O005151,P0057,1,62.31,0
O005151,P0018,1,103.25,0
O005152,P0034,3,12.47,0
O005153,P0022,1,535.5,0
O005154,P0010,1,261.54,0
O005154,P0012,1,202.16,0
O005155,P0006,2,317.9,0
O005155,P0126,2,0.0,0
O005156,P0078,3,46.55,0
O005157,P0021,1,103.85,0
O005158,P0053,1,79.81,0
O005158,P0112,3,121.72,0
O005158,P0062,2,109.93,0
O005158,P0042,1,94.19,0
O005159,P0001,1,59.15,0
O005160,P0026,1,143.66,0
O005160,P0058,1,96.6,0
O005160,P0023,3,234.72,0
O005160,P0004,2,203.73,0
O005161,P0075,1,50.52,0
O005162,P0079,1,21.76,0
O005163,P0141,2,32.3,0
O005163,P0110,2,231.1,0
O005164,P0078,1,46.55,0
O005164,P0123,1,13.17,0
O005164,P0075,1,50.52,0
O005164,P0116,3,64.62,0
O005165,P0058,1,96.6,0
O005165,P0039,1,35.85,0
O005166,P0108,1,153.58,0
O005166,P0141,2,32.3,0
O005166,P0131,1,10.19,0
O005166,P0041,1,240.17,0
O005167,P0079,2,21.76,0
O005168,P0013,1,237.97,0
O005169,P0138,1,119.25,0
O005170,P0147,3,8.3,0
O005171,P0072,1,22.81,0
O005172,P0073,1,99.68,0
O005173,P0071,2,88.96,0
O005174,P0075,1,50.52,0
O005174,P0118,3,60.49,0
O005174,P0082,1,69.13,0
O005174,P0010,1,261.54,0
O005175,P0039,1,35.85,0
O005175,P0051,1,37.8,0
O005175,P0075,1,50.52,0
O005176,P0026,1,143.66,0
O005177,P0067,3,20.79,0
O005178,P0106,2,93.16,0
O005179,P0109,3,191.49,0
O005180,P0117,1,37.62,0
O005181,P0037,1,46.51,0
O005181,P0029,1,612.77,0
O005181,P0009,3,879.03,0
O005182,P0114,1,30.32,0
O005183,P0108,3,153.58,0
O005184,P0067,1,20.79,0
O005184,P0024,3,70.63,0
O005185,P0130,3,22.25,0
O005186,P0126,1,119.65,0
O005187,P0008,1,47.86,0
O005187,P0149,1,21.0,0
O005187,P0133,1,68.25,0
O005188,P0042,2,94.19,0
O005189,P0089,1,75.8,0
O005190,P0144,1,10.61,0
O005191,P0006,1,317.9,0
O005191,P0015,3,54.36,0
O005192,P0003,3,70.0,0
O005193,P0148,1,74.21,0
O005194,P0118,3,60.49,0
O005195,P0021,1,103.85,0
O005196,P0080,1,52.81,10
O005197,P0121,2,35.48,0
O005198,P0001,3,59.15,0
O005198,P0036,1,80.43,0
O005198,P0025,1,63.7,0
O005199,P0016,2,490.88,0
O005199,P0015,1,54.36,0
O005200,P0065,2,128.91,5
O005200,P0034,1,12.47,5
O005201,P0051,1,37.8,0
O005202,P0049,1,192.27,0
O005202,P0040,1,12.05,0
O005202,P0049,1,192.27,0
O005203,P0070,2,144.85,10
O005203,P0025,1,63.7,10
O005203,P0004,2,203.73,10
O005204,P0118,-1,60.49,0
O005205,P0047,1,22.6,0
O005205,P0013,1,237.97,0
O005206,P0025,2,63.7,0
O005207,P0065,2,128.91,0
O005207,P0126,1,119.65,0
O005207,P0072,1,22.81,0
O005208,P0019,3,225.54,0
O005209,P0082,3,69.13,0
O005209,P0010,1,261.54,0
O005210,P0018,1,103.25,0
O005210,P0040,2,12.05,0
O005210,P0071,2,88.96,0
O005211,P0130,3,22.25,0
O005211,P0071,2,88.96,0
O005212,P0072,2,22.81,0
O005213,P0096,3,62.39,0
O005213,P0023,1,234.72,0
O005214,P0021,1,103.85,0
O005215,P0115,2,65.77,0
O005215,P0030,3,111.36,0
O005215,P0093,1,36.5,0
O005215,P0014,1,280.69,0
O005216,P0023,1,234.72,0
O005217,P0087,1,72.97,0
O005218,P0022,2,535.5,0
O005218,P0076,2,53.1,0
O005219,P0014,3,280.69,0
O005219,P0124,3,16.63,0
O005220,P0105,1,192.4,0
O005221,P0015,1,54.36,10
O005221,P0054,1,22.5,10
O005222,P0012,1,202.16,10
O005223,P0041,1,240.17,0
O005224,P0015,1,54.36,0
O005224,P0021,1,103.85,0
O005225,P0002,1,428.99,0
O005225,P0072,1,22.81,0
O005225,P0006,1,317.9,0
O005225,P0063,1,95.57,0
O005226,P0075,1,50.52,0
O005227,P0043,1,15.93,0
O005227,P0102,1,6.1,0
O005228,P0045,1,36.65,0
O005228,P0043,3,15.93,0
O005229,P0072,1,22.81,0
O005230,P0053,1,79.81,0
O005231,P0017,1,45.26,0
O005231,P0003,1,70.0,0
O005231,P0039,1,35.85,0
O005232,P0075,1,50.52,0
O005232,P0027,1,261.66,0
O005233,P0056,3,54.99,0
O005234,P0116,1,64.62,0
O005235,P0128,-1,40.97,0
O005236,P0100,1,14.85,0
O005236,P0071,3,88.96,0
O005236,P0002,1,428.99,0
O005236,P0090,1,74.94,0
O005237,P0048,1,80.09,0
O005237,P0025,1,63.7,0
O005238,P0053,1,79.81,0
O005239,P0024,1,70.63,0
O005240,P0045,1,36.65,10
O005240,P0028,3,456.12,10
O005240,P0018,3,103.25,10
O005240,P0001,2,59.15,10
O005241,P0115,1,65.77,0
O005241,P0021,1,103.85,0
O005242,P0036,2,80.43,0
O005243,P0045,1,36.65,0
O005243,P0009,3,879.03,0
O005244,P0140,1,95.27,0
O005244,P0029,1,612.77,0
O005244,P0101,1,12.63,0
O005244,P0107,1,42.73,0
O005245,P0095,1,45.19,40
O005246,P0101,2,12.63,0
O005246,P0021,1,103.85,0
O005246,P0039,1,35.85,0
O005246,P0137,3,9.05,0
O005247,P0146,1,36.39,10
O005247,P0072,1,22.81,10
O005248,P0068,1,23.84,0
O005249,P0027,1,261.66,0
O005249,P0081,1,38.74,0
O005250,P0016,1,490.88,0
O005251,P0068,3,23.84,0
O005252,P0021,1,103.85,0
O005252,P0132,2,9.56,0
O005252,P0073,1,99.68,0
O005252,P0118,2,60.49,0
O005253,P0017,1,45.26,0
O005254,P0048,1,80.09,0
O005254,P0079,1,21.76,0
O005255,P0149,3,21.0,0
O005255,P0070,1,144.85,0
O005255,P0027,2,261.66,0
O005255,P0031,1,100.42,0
O005256,P0092,1,9.46,20
O005257,P0081,2,38.74,0
O005257,P0078,1,46.55,0
O005257,P0010,1,261.54,0
O005258,P0003,3,70.0,0
O005259,P0087,3,72.97,0
O005260,P0142,1,46.23,0
O005260,P0135,1,61.66,0
O005260,P0022,1,535.5,0
O005261,P0142,1,46.23,0
O005262,P0048,1,80.09,0
O005262,P0130,1,22.25,0
O005262,P0092,1,9.46,0
O005263,P0023,2,234.72,0
O005264,P0108,1,153.58,0
O005264,P0123,3,13.17,0
O005264,P0073,3,99.68,0
O005265,P0026,3,143.66,0
O005265,P0039,3,35.85,0
O005265,P0145,1,10.1,0
O005266,P0049,3,192.27,0
O005266,P0032,1,28.68,0
O005266,P0053,1,79.81,0
O005267,P0147,2,8.3,10
O005267,P0128,1,40.97,10
O005267,P0144,1,10.61,10
O005268,P0078,1,46.55,10
O005269,P0090,1,74.94,0
O005270,P0033,2,58.2,0
O005271,P0105,2,192.4,0
O005271,P0097,1,39.47,0
O005271,P0023,1,234.72,0
O005271,P0053,1,79.81,0
O005272,P0117,1,37.62,0
O005273,P0130,1,22.25,0
O005274,P0070,1,144.85,0
O005274,P0038,1,11.96,0
O005274,P0039,2,35.85,0
O005274,P0150,1,28.39,0
O005275,P0084,1,13.25,10
O005276,P0005,3,105.05,10
O005276,P0072,1,22.81,10
O005276,P0059,1,46.72,10
O005277,P0027,3,261.66,0
O005277,P0032,2,28.68,0
O005278,P0082,1,69.13,0
O005279,P0024,1,70.63,0
O005280,P0029,3,612.77,0
O005281,P0054,1,22.5,0
O005281,P0052,1,96.7,0
O005282,P0069,2,25.15,0
O005282,P0073,1,99.68,0
O005283,P0110,1,231.1,0
O005284,P0091,1,55.44,0
O005285,P0130,1,22.25,10
O005285,P0091,3,55.44,10
O005286,P0013,1,237.97,0
O005287,P0028,1,456.12,0
O005288,P0083,1,45.29,0
O005288,P0038,1,11.96,0
O005288,P0048,1,80.09,0
O005288,P0051,1,37.8,0
O005289,P0041,2,240.17,0
O005290,P0102,1,6.1,0
O005290,P0072,2,22.81,0
O005291,P0062,0,109.93,0
O005291,P0085,1,72.91,0
O005292,P0126,3,119.65,0
O005293,P0132,3,9.56,0
O005294,P0134,1,14.57,0
O005295,P0143,1,10.62,0
O005295,P0048,3,80.09,0
O005296,P0146,1,36.39,0
O005296,P0043,1,15.93,0
O005296,P0020,1,48.67,0
O005296,P0112,1,121.72,0
O005297,P0011,3,746.1,0
O005297,P0086,3,7.88,0
O005297,P0074,1,26.63,0
O005298,P0132,1,9.56,0
O005298,P0066,3,29.64,0
O005299,P0019,3,225.54,0
O005300,P0083,2,45.29,0
O005300,P0101,1,12.63,0
O005301,P0108,2,153.58,0
O005301,P0061,1,30.11,0
O005302,P0012,1,202.16,0
O005303,P0097,1,39.47,0
O005303,P0104,1,56.02,0
O005303,P0025,3,63.7,0
O005303,P0006,2,317.9,0
O005304,P0076,1,53.1,0
O005304,P0032,1,28.68,0
O005304,P0118,1,60.49,0
O005304,P0096,2,62.39,0
O005305,P0069,3,25.15,0
O005305,P0064,2,101.18,0
O005306,P0127,3,69.7,0
O005307,P0072,1,22.81,0
O005307,P0028,1,456.12,0
O005308,P0088,2,12.2,0
O005308,P0011,3,746.1,0
O005309,P0089,3,75.8,0
O005309,P0088,1,12.2,0
O005310,P0012,1,202.16,0
O005310,P0025,1,63.7,0
O005311,P0047,2,22.6,0
O005311,P0074,1,26.63,0
O005312,P0052,2,96.7,0
O005313,P0085,1,72.91,0
O005313,P0024,2,70.63,0
O005314,P0093,1,36.5,0
O005314,P0093,1,36.5,0
O005315,P0056,1,54.99,0
O005315,P0052,3,96.7,0
O005316,P0051,1,37.8,0
O005317,P0023,3,234.72,0
O005317,P0017,2,45.26,0
O005318,P0088,1,12.2,0
O005318,P0059,1,46.72,0
O005319,P0044,2,96.71,0
O005319,P0112,1,121.72,0
O005319,P0136,1,64.01,0
O005320,P0047,2,22.6,0
O005321,P0115,3,65.77,0
O005321,P0109,1,191.49,0
O005322,P0144,3,10.61,0
O005322,P0006,1,317.9,0
O005323,P0007,1,566.07,0
O005323,P0150,1,28.39,0
O005324,P0067,2,20.79,0
O005324,P0114,3,30.32,0
O005325,P0137,1,9.05,0
O005326,P0061,1,30.11,0
O005327,P0009,3,879.03,0
O005327,P0015,2,54.36,0
O005327,P0059,1,46.72,0
O005327,P0144,1,10.61,0
O005328,P0143,1,10.62,0
O005329,P0079,1,21.76,0
O005329,P0020,2,48.67,0
O005329,P0012,3,202.16,0
O005329,P0147,1,8.3,0
O005330,P0136,2,64.01,0
O005330,P0017,1,45.26,0
O005330,P0012,1,202.16,0
O005330,P0010,2,261.54,0
O005331,P0001,3,59.15,0
O005331,P0109,2,191.49,0
O005331,P0075,1,50.52,0
O005331,P0079,1,21.76,0
O005332,P0046,1,93.34,0
O005332,P0094,1,42.24,0
O005333,P0055,1,21.55,0
O005333,P0007,2,566.07,0
O005333,P0043,3,15.93,0
O005334,P0012,1,202.16,40
O005334,P0097,1,39.47,40
O005335,P0113,1,52.25,0
O005336,P0115,1,65.77,0
O005337,P0066,3,29.64,0
O005337,P0141,2,32.3,0
O005337,P0124,1,16.63,0
O005338,P0139,0,117.86,0
O005339,P0026,1,143.66,10
O005339,P0062,1,109.93,10
O005340,P0059,1,46.72,0
O005340,P0057,1,62.31,0
O005340,P0014,2,280.69,0
O005340,P0112,1,121.72,0
O005341,P0075,2,50.52,5
O005342,P0068,2,23.84,0
O005343,P0104,2,56.02,0
O005344,P0042,1,94.19,0
O005344,P0077,0,86.48,0
O005345,P0053,1,79.81,0
O005345,P0111,3,68.84,0
O005346,P0051,3,37.8,0
O005346,P0069,3,25.15,0
O005346,P0040,1,12.05,0
O005347,P0112,1,121.72,0
O005347,P0056,1,54.99,0
O005348,P0069,1,25.15,0
O005348,P0109,1,191.49,0
O005348,P0109,1,191.49,0
O005348,P0104,1,56.02,0
O005349,P0076,1,53.1,0
O005350,P0058,1,96.6,0
O005350,P0137,3,9.05,0
O005351,P0094,3,42.24,40
O005351,P0061,1,30.11,40
O005352,P0037,3,46.51,0
O005352,P0097,3,39.47,0
O005352,P0114,1,30.32,0
O005352,P0002,1,428.99,0
O005353,P0069,1,25.15,0
O005354,P0106,1,93.16,0
O005354,P0014,1,280.69,0
O005355,P0057,1,62.31,0
O005356,P0136,2,64.01,0
O005357,P0017,1,45.26,0
O005357,P0059,1,46.72,0
O005357,P0075,2,50.52,0
O005358,P0020,3,48.67,0
O005359,P0113,1,52.25,0
O005359,P0068,2,23.84,0
O005360,P0019,1,225.54,0
O005361,P0028,3,456.12,0
O005361,P0012,3,202.16,0
O005361,P0070,3,144.85,0
O005362,P0046,1,93.34,0
O005363,P0026,1,143.66,0
O005364,P0140,1,95.27,0
O005364,P0112,2,121.72,0
O005365,P0043,1,15.93,0
O005365,P0038,2,11.96,0
O005365,P0084,1,13.25,0
O005365,P0064,3,101.18,0
O005366,P0048,2,80.09,0
O005366,P0058,2,96.6,0
O005366,P0012,1,202.16,0
O005367,P0135,2,61.66,0
O005367,P0142,1,46.23,0
O005367,P0046,1,93.34,0
O005368,P0133,2,68.25,0
O005369,P0076,1,53.1,0
O005369,P0084,2,13.25,0
O005369,P0075,1,50.52,0
O005369,P0078,2,46.55,0
O005370,P0101,2,12.63,0
O005370,P0056,1,54.99,0
O005370,P0057,3,62.31,0
O005370,P0076,1,53.1,0
O005371,P0075,1,50.52,40
O005371,P0066,1,29.64,40
O005371,P0050,1,23.7,40
O005371,P0029,3,612.77,40
O005372,P0056,1,54.99,0
O005373,P0078,1,46.55,0
O005374,P0150,3,28.39,0
O005374,P0055,1,21.55,0
O005375,P0009,1,879.03,0
O005375,P0107,2,42.73,0
O005375,P0117,3,37.62,0
O005376,P0015,1,54.36,0
O005377,P0093,1,36.5,0
O005378,P0005,1,105.05,0
O005378,P0045,1,36.65,0
O005379,P0056,1,54.99,20
O005379,P0042,1,94.19,20
O005379,P0029,1,612.77,20
O005380,P0011,1,746.1,0
O005381,P0060,1,131.68,0
O005381,P0016,1,490.88,0
O005381,P0047,3,22.6,0
O005381,P0042,1,94.19,0
O005382,P0006,3,317.9,0
O005382,P0026,1,143.66,0
O005382,P0073,1,99.68,0
O005382,P0112,1,121.72,0
O005383,P0078,1,46.55,0
O005384,P0129,1,10.47,0
O005384,P0033,1,58.2,0
O005384,P0083,3,45.29,0
O005384,P0132,1,9.56,0
O005385,P0043,1,15.93,0
O005385,P0122,3,44.07,0
O005385,P0001,3,59.15,0
O005386,P0028,1,456.12,0
O005386,P0034,3,12.47,0
O005387,P0067,1,20.79,0
O005388,P0029,3,612.77,0
O005388,P0035,3,228.97,0
O005389,P0050,2,23.7,0
O005389,P0030,2,111.36,0
O005389,P0056,2,54.99,0
O005389,P0077,1,86.48,0
O005390,P0059,1,46.72,0
O005390,P0016,3,490.88,0
O005390,P0006,2,317.9,0
O005391,P0034,3,12.47,0
O005391,P0026,3,143.66,0
O005391,P0035,2,228.97,0
O005392,P0040,1,12.05,0
O005392,P0054,3,22.5,0
O005392,P0081,1,38.74,0
O005392,P0147,1,8.3,0
O005393,P0061,1,30.11,0
O005394,P0147,1,8.3,10
O005394,P0073,3,99.68,10
O005394,P0104,3,56.02,10
O005394,P0002,3,428.99,10
O005395,P0003,1,70.0,0
O005395,P0083,3,45.29,0
O005395,P0085,1,72.91,0
O005395,P0065,2,128.91,0
O005396,P0123,2,13.17,0
O005397,P0106,1,93.16,0
O005397,P0087,3,72.97,0
O005398,P0075,2,50.52,0
O005398,P0126,1,119.65,0
O005399,P0077,1,86.48,0
O005399,P0124,3,16.63,0
O005399,P0088,2,12.2,0
O005399,P0105,3,192.4,0
O005400,P0033,3,58.2,0
O005401,P0111,1,68.84,0
O005402,P0140,1,95.27,0
O005402,P0115,1,65.77,0
O005402,P0061,2,30.11,0
O005402,P0052,3,96.7,0
O005403,P0020,1,48.67,0
O005403,P0027,1,261.66,0
O005403,P0064,3,101.18,0
O005403,P0137,3,9.05,0
O005404,P0150,1,28.39,0
O005404,P0143,3,10.62,0
O005405,P0103,3,43.56,0
O005405,P0017,3,45.26,0
O005406,P0005,2,105.05,0
O005407,P0008,1,47.86,0
O005408,P0092,1,9.46,0
O005408,P0064,1,101.18,0
O005408,P0017,1,45.26,0
O005409,P0050,3,23.7,0
O005410,P0042,1,94.19,10
O005411,P0040,1,12.05,0
O005412,P0076,1,53.1,0
O005412,P0107,1,42.73,0
O005412,P0065,2,128.91,0
O005412,P0023,1,234.72,0
O005413,P0089,1,75.8,0
O005414,P0012,1,202.16,0
O005415,P0047,3,22.6,0
O005415,P0128,1,40.97,0
O005415,P0118,2,60.49,0
O005416,P0004,1,203.73,0
O005417,P0008,1,47.86,0
O005418,P0052,1,96.7,0
O005418,P0004,1,203.73,0
O005418,P0018,2,103.25,0
O005419,P0002,1,428.99,0
O005420,P0116,1,64.62,0
O005420,P0076,1,53.1,0
O005420,P0056,1,54.99,0
O005420,P0069,1,25.15,0
O005421,P0022,2,535.5,0
O005422,P0079,1,21.76,0
O005422,P0029,3,612.77,0
O005422,P0065,1,128.91,0
O005423,P0062,2,109.93,0
O005424,P0006,1,317.9,0
O005424,P0018,1,103.25,0
O005424,P0100,1,14.85,0
O005424,P0024,1,70.63,0
O005425,P0109,1,191.49,0
O005426,P0021,1,103.85,0
O005426,P0117,2,37.62,0
O005427,P0072,3,22.81,0
O005427,P0023,1,234.72,0
O005427,P0066,2,29.64,0
O005427,P0070,2,144.85,0
O005428,P0124,1,16.63,0
O005429,P0046,3,93.34,0
O005429,P0056,3,54.99,0
O005429,P0005,0,105.05,0
O005429,P0107,1,42.73,0
O005430,P0044,2,96.71,10
O005430,P0093,2,36.5,10
O005430,P0080,2,52.81,10
O005431,P0069,1,25.15,0
O005432,P0064,1,101.18,10
O005432,P0141,2,32.3,10
O005433,P0049,2,192.27,0
O005434,P0054,3,22.5,0
O005434,P0015,1,54.36,0
O005434,P0056,1,54.99,0
O005434,P0048,2,80.09,0
O005435,P0067,1,20.79,5
O005435,P0088,2,12.2,5
O005435,P0031,1,100.42,5
O005436,P0048,1,80.09,0
O005437,P0082,1,69.13,0
O005437,P0070,1,144.85,0
O005438,P0014,1,280.69,0
O005439,P0046,1,93.34,10
O005439,P0060,3,131.68,10
O005439,P0007,3,566.07,10
O005439,P0040,3,12.05,10
O005440,P0123,1,13.17,10
O005440,P0114,3,30.32,10
O005440,P0092,1,9.46,10
O005440,P0002,1,428.99,10
O005441,P0057,1,62.31,0
O005442,P0125,3,231.1,0
O005443,P0007,3,566.07,0
O005444,P0008,3,47.86,0
O005444,P0034,2,12.47,0
O005445,P0053,3,79.81,0
O005445,P0078,2,46.55,0
O005445,P0043,3,15.93,0
O005446,P0021,1,103.85,40
O005446,P0077,1,86.48,40
O005446,P0030,1,111.36,40
O005447,P0046,1,93.34,0
O005448,P0064,2,101.18,0
O005449,P0006,1,317.9,0
O005450,P0023,2,234.72,0
O005451,P0023,1,234.72,10
O005451,P0030,2,111.36,10
O005451,P0063,3,95.57,10
O005452,P0029,1,612.77,40
O005452,P0074,1,26.63,40
O005452,P0062,1,109.93,40
O005452,P0022,2,535.5,40
O005453,P0068,1,23.84,20
O005453,P0034,2,12.47,20
O005454,P0071,2,88.96,0
O005455,P0004,1,203.73,0
O005456,P0009,2,879.03,0
O005457,P0057,3,62.31,0
O005457,P0020,3,48.67,0
O005458,P0033,3,58.2,0
O005458,P0018,2,103.25,0
O005458,P0018,2,103.25,0
O005459,P0019,1,225.54,0
O005460,P0073,1,99.68,0
O005460,P0008,3,47.86,0
O005460,P0021,2,103.85,0
O005460,P0053,1,79.81,0
O005461,P0107,2,42.73,0
O005461,P0142,2,46.23,0
O005461,P0142,1,46.23,0
O005462,P0144,2,10.61,0
O005463,P0138,1,119.25,0
O005463,P0111,2,68.84,0
O005464,P0085,1,72.91,0
O005464,P0002,3,428.99,0
O005465,P0138,1,119.25,0
O005465,P0032,1,28.68,0
O005466,P0097,1,39.47,0
O005467,P0120,1,233.46,10
O005467,P0056,3,54.99,10
O005468,P0014,1,280.69,0
O005468,P0147,2,8.3,0
O005469,P0117,2,37.62,0
O005470,P0053,1,79.81,0
O005470,P0065,1,128.91,0
O005470,P0120,1,233.46,0
O005471,P0026,1,143.66,0
O005471,P0008,1,47.86,0
O005472,P0103,1,43.56,0
O005472,P0024,3,70.63,0
O005472,P0108,1,153.58,0
O005472,P0072,1,22.81,0
O005473,P0103,2,43.56,5
O005473,P0019,1,225.54,5
O005473,P0023,2,234.72,5
O005474,P0137,1,9.05,0
O005474,P0070,1,144.85,0
O005474,P0064,1,101.18,0
O005475,P0146,1,36.39,5
O005475,P0061,1,30.11,5
O005476,P0025,2,63.7,0
O005477,P0140,1,95.27,0
O005477,P0027,1,261.66,0
O005478,P0048,1,80.09,0
O005479,P0020,3,48.67,0
O005480,P0074,3,26.63,0
O005481,P0080,1,52.81,0
O005482,P0085,2,72.91,0
O005482,P0072,1,22.81,0
O005482,P0039,1,35.85,0
O005482,P0044,2,96.71,0
O005483,P0146,3,36.39,0
O005483,P0104,3,56.02,0
O005483,P0004,1,203.73,0
O005483,P0067,2,20.79,0
O005484,P0132,1,9.56,0
O005484,P0007,1,566.07,0
O005484,P0083,1,45.29,0
O005485,P0094,1,42.24,0
O005485,P0010,1,261.54,0
O005485,P0145,1,10.1,0
O005485,P0144,1,10.61,0
O005486,P0042,1,94.19,0
O005487,P0138,2,119.25,0
O005487,P0140,2,95.27,0
O005487,P0045,2,36.65,0
O005488,P0142,1,46.23,0
O005489,P0058,2,96.6,0
O005489,P0005,1,105.05,0
O005490,P0140,2,95.27,0
O005490,P0132,2,9.56,0
O005490,P0028,1,456.12,0
O005491,P0129,2,10.47,0
O005492,P0117,2,37.62,0
O005493,P0133,2,68.25,0
O005493,P0100,1,14.85,0
O005493,P0138,1,119.25,0
O005494,P0068,2,23.84,0
O005494,P0058,1,96.6,0
O005494,P0071,1,88.96,0
O005495,P0118,1,60.49,0
O005496,P0140,1,95.27,0
O005496,P0079,1,21.76,0
O005497,P0130,2,22.25,0
O005497,P0037,3,46.51,0
O005497,P0051,1,37.8,0
O005497,P0144,1,10.61,0
O005498,P0099,1,42.13,0
O005498,P0093,1,36.5,0
O005498,P0137,1,9.05,0
O005498,P0144,1,10.61,0
O005499,P0098,3,5.21,0
O005499,P0001,1,59.15,0
O005500,P0013,1,237.97,0
O005501,P0008,1,47.86,0
O005502,P0024,1,70.63,0
O005502,P0018,1,103.25,0
O005503,P0037,3,46.51,0
O005503,P0124,2,16.63,0
O005504,P0075,1,50.52,0
O005504,P0078,1,46.55,0
O005504,P0058,1,96.6,0
O005504,P0073,1,99.68,0
O005505,P0122,2,44.07,0
O005505,P0034,1,12.47,0
O005506,P0024,2,70.63,0
O005506,P0015,2,54.36,0
O005506,P0065,1,128.91,0
O005507,P0072,1,22.81,0
O005507,P0095,1,45.19,0
O005507,P0082,1,69.13,0
O005508,P0037,3,46.51,0
O005509,P0057,2,62.31,0
O005509,P0063,1,95.57,0
O005509,P0008,2,47.86,0
O005509,P0083,1,45.29,0
O005510,P0075,1,50.52,0
O005511,P0063,1,95.57,0
O005511,P0071,1,88.96,0
O005512,P0124,1,16.63,0
O005512,P0049,1,192.27,0
O005513,P0034,1,12.47,0
O005513,P0058,3,96.6,0
O005513,P0064,1,101.18,0
O005513,P0020,1,48.67,0
O005514,P0011,1,746.1,0
O005514,P0080,2,52.81,0
O005514,P0018,1,103.25,0
O005515,P0075,2,50.52,10
O005516,P0061,2,30.11,20
O005517,P0070,2,144.85,0
O005517,P0001,1,59.15,0
O005518,P0023,1,234.72,0
O005519,P0033,1,58.2,0
O005519,P0071,3,88.96,0
O005520,P0056,1,54.99,0
O005520,P0068,1,23.84,0
O005521,P0016,1,490.88,10
O005521,P0020,1,48.67,10
O005521,P0023,3,234.72,10
O005522,P0009,3,879.03,0
O005523,P0129,3,10.47,20
O005523,P0010,1,261.54,20
O005524,P0076,1,53.1,0
O005525,P0110,1,231.1,0
O005526,P0050,2,23.7,0
O005526,P0092,1,9.46,0
O005526,P0057,3,62.31,0
O005527,P0150,1,28.39,0
O005528,P0022,1,535.5,0
O005528,P0027,2,261.66,0
O005529,P0025,3,63.7,10
O005529,P0067,2,20.79,10
O005529,P0009,1,879.03,10
O005529,P0082,2,69.13,10
O005530,P0093,2,36.5,0
O005530,P0017,1,45.26,0
O005530,P0041,3,240.17,0
O005531,P0017,1,45.26,0
O005532,P0021,2,103.85,5
O005532,P0027,1,261.66,5
O005533,P0063,1,95.57,0
O005534,P0052,1,96.7,0
O005534,P0133,1,68.25,0
O005534,P0044,1,96.71,0
O005535,P0032,1,28.68,15
O005535,P0023,3,234.72,15
O005536,P0150,1,28.39,0
O005536,P0035,1,228.97,0
O005537,P0137,1,9.05,15
O005537,P0132,1,9.56,15
O005537,P0035,3,228.97,15
O005538,P0038,3,11.96,0
O005538,P0135,3,61.66,0
O005539,P0079,1,21.76,0
O005539,P0120,1,233.46,0
O005539,P0135,1,61.66,0
O005540,P0137,1,9.05,0
O005541,P0108,2,153.58,0
O005542,P0137,2,9.05,0
O005543,P0043,1,15.93,0
O005544,P0067,3,20.79,0
O005544,P0017,1,45.26,0
O005545,P0047,1,22.6,0
O005546,P0043,2,15.93,0
O005546,P0009,1,879.03,0
O005547,P0076,3,53.1,0
O005548,P0046,1,93.34,0
O005549,P0093,1,36.5,0
O005550,P0054,1,22.5,0
O005550,P0018,1,103.25,0
O005551,P0063,1,95.57,10
O005551,P0107,3,42.73,10
O005551,P0022,1,535.5,10
O005552,P0024,1,70.63,0
O005553,P0070,1,144.85,0
O005553,P0038,1,11.96,0
O005553,P0031,-1,100.42,0
O005554,P0037,1,46.51,0
O005555,P0001,3,59.15,0
O005555,P0027,1,261.66,0
O005556,P0063,3,95.57,0
O005556,P0123,3,13.17,0
O005556,P0013,3,237.97,0
O005557,P0118,3,60.49,0
O005558,P0002,1,428.99,0
O005558,P0059,1,46.72,0
O005559,P0086,1,7.88,0
O005559,P0075,1,50.52,0
O005560,P0032,1,28.68,0
O005560,P0027,2,261.66,0
O005560,P0007,1,566.07,0
O005561,P0098,1,5.21,0
O005562,P0109,1,191.49,0
O005562,P0048,1,80.09,0
O005562,P0041,1,240.17,0
O005563,P0061,3,30.11,0
O005564,P0105,2,192.4,0
O005564,P0072,1,22.81,0
O005565,P0006,2,317.9,0
O005566,P0073,1,99.68,0
O005567,P0046,2,93.34,0
O005568,P0127,1,69.7,0
O005568,P0035,1,228.97,0
O005569,P0144,2,10.61,0
O005570,P0135,3,61.66,0
O005570,P0149,1,21.0,0
O005570,P0106,2,93.16,0
O005571,P0049,1,192.27,0
O005571,P0146,3,36.39,0
O005572,P0069,2,25.15,0
O005573,P0032,1,28.68,0
O005573,P0002,1,428.99,0
O005573,P0015,1,54.36,0
O005574,P0013,1,237.97,0
O005574,P0015,1,54.36,0
O005575,P0073,1,99.68,40
O005575,P0066,1,29.64,40
O005575,P0018,2,103.25,40
O005575,P0072,3,22.81,40
O005576,P0138,1,119.25,40
O005577,P0087,1,72.97,0
O005578,P0083,1,45.29,0
O005578,P0143,3,10.62,0
O005578,P0019,3,225.54,0
O005578,P0008,2,47.86,0
O005579,P0059,2,46.72,0
O005580,P0082,1,69.13,0
O005580,P0038,3,11.96,0
O005580,P0103,1,43.56,0
O005581,P0080,2,52.81,0
O005582,P0060,1,131.68,0
O005582,P0019,1,225.54,0
O005583,P0022,1,535.5,0
O005583,P0098,3,5.21,0
O005583,P0029,1,612.77,0
O005583,P0061,1,30.11,0
O005584,P0025,1,63.7,0
O005584,P0064,2,101.18,0
O005585,P0007,2,566.07,0
O005585,P0109,1,191.49,0
O005585,P0081,3,38.74,0
O005585,P0038,1,11.96,0
O005586,P0023,1,234.72,0
O005586,P0016,1,490.88,0
O005586,P0017,3,45.26,0
O005586,P0059,2,46.72,0
O005587,P0079,1,21.76,0
O005587,P0060,1,131.68,0
O005587,P0056,2,54.99,0
O005587,P0106,2,93.16,0
O005588,P0012,3,202.16,0
O005588,P0118,1,60.49,0
O005589,P0087,3,72.97,0
O005589,P0052,1,96.7,0
O005590,P0057,1,62.31,0
O005590,P0121,1,35.48,0
O005591,P0016,3,490.88,0
O005591,P0020,3,48.67,0
O005591,P0072,1,22.81,0
O005591,P0063,1,95.57,0
O005592,P0072,1,22.81,0
O005593,P0015,1,54.36,0
O005593,P0117,2,37.62,0
O005593,P0034,2,12.47,0
O005593,P0009,1,879.03,0
O005594,P0065,1,128.91,0
O005594,P0142,1,46.23,0
O005595,P0003,1,70.0,0
O005595,P0017,2,45.26,0
O005595,P0073,1,99.68,0
O005595,P0085,1,72.91,0
O005596,P0112,2,121.72,0
O005596,P0069,3,25.15,0
O005597,P0005,3,105.05,10
O005597,P0024,3,70.63,10
O005597,P0144,1,10.61,10
O005597,P0017,2,45.26,10
O005598,P0120,3,233.46,0
O005598,P0020,3,48.67,0
O005598,P0116,2,64.62,0
O005599,P0052,2,96.7,0
O005599,P0058,3,96.6,0
O005600,P0051,1,37.8,0
O005600,P0034,3,12.47,0
O005601,P0025,1,63.7,10
O005601,P0076,1,53.1,10
O005602,P0038,1,11.96,0
O005602,P0039,2,35.85,0
O005603,P0069,1,25.15,10
O005604,P0043,1,15.93,0
O005604,P0028,2,456.12,0
O005605,P0044,1,96.71,0
O005606,P0108,1,153.58,0
O005607,P0038,1,11.96,0
O005608,P0013,1,237.97,0
O005609,P0009,3,879.03,0
O005610,P0063,3,95.57,0
O005611,P0120,1,233.46,0
O005612,P0086,2,7.88,0
O005612,P0065,1,128.91,0
O005612,P0005,1,105.05,0
O005612,P0102,1,6.1,0
O005613,P0048,1,80.09,0
O005613,P0017,3,45.26,0
O005613,P0143,1,10.62,0
O005614,P0073,1,99.68,0
O005614,P0028,2,456.12,0
O005615,P0012,2,202.16,0
O005615,P0026,1,143.66,0
O005616,P0112,3,121.72,0
O005616,P0030,1,111.36,0
O005617,P0006,2,317.9,0
O005617,P0005,3,105.05,0
O005617,P0114,3,30.32,0
O005617,P0134,1,14.57,0
O005618,P0076,2,53.1,10
O005619,P0009,1,879.03,0
O005619,P0010,3,261.54,0
O005619,P0025,1,63.7,0
O005620,P0020,1,48.67,0
O005621,P0015,1,54.36,0
O005621,P0004,3,203.73,0
O005622,P0022,2,535.5,0
O005623,P0032,1,28.68,0
O005623,P0051,1,37.8,0
O005623,P0020,2,48.67,0
O005623,P0022,3,535.5,0
O005624,P0142,3,46.23,0
O005625,P0003,3,70.0,0
O005626,P0051,1,37.8,0
O005627,P0026,2,143.66,0
O005627,P0148,1,74.21,0
O005627,P0032,3,28.68,0
O005628,P0081,1,38.74,0
O005629,P0058,1,96.6,0
O005629,P0022,1,535.5,0
O005629,P0069,2,25.15,0
O005629,P0024,1,70.63,0
O005630,P0137,2,9.05,0
O005631,P0083,1,45.29,20
O005631,P0034,2,12.47,20
O005631,P0089,1,75.8,20
O005632,P0127,2,69.7,0
O005633,P0100,2,14.85,0
O005634,P0096,1,62.39,0
O005634,P0036,2,80.43,0
O005634,P0002,2,428.99,0
O005635,P0143,2,10.62,0
O005636,P0129,1,10.47,15
O005636,P0115,3,65.77,15
O005637,P0045,2,36.65,0
O005637,P0087,1,72.97,0
O005638,P0133,1,68.25,0
O005639,P0101,2,12.63,40
O005639,P0148,1,74.21,40
O005639,P0007,1,566.07,40
O005640,P0058,1,96.6,40
O005640,P0014,1,280.69,40
O005641,P0131,1,10.19,10
O005641,P0088,1,12.2,10
O005641,P0036,3,80.43,10
O005642,P0144,1,10.61,0
O005643,P0080,1,52.81,0
O005644,P0090,1,74.94,0
O005644,P0078,1,46.55,0
O005644,P0074,1,26.63,0
O005644,P0070,1,144.85,0
O005645,P0105,1,192.4,0
O005646,P0006,1,317.9,0
O005646,P0097,2,39.47,0
O005647,P0017,1,45.26,0
O005648,P0025,1,63.7,0
O005648,P0066,1,29.64,0
O005648,P0033,1,58.2,0
O005649,P0102,3,6.1,0
O005649,P0019,2,225.54,0
O005650,P0039,2,35.85,15
O005650,P0052,1,96.7,15
O005650,P0046,1,93.34,15
O005651,P0145,1,10.1,15
O005651,P0006,3,317.9,15
O005651,P0132,2,9.56,15
O005651,P0056,1,54.99,15
O005652,P0084,1,13.25,0
O005653,P0024,2,70.63,10
O005654,P0127,2,69.7,0
O005654,P0059,1,46.72,0
O005654,P0063,2,95.57,0
O005655,P0104,1,56.02,0
O005655,P0138,1,119.25,0
O005655,P0048,1,80.09,0
O005656,P0141,2,32.3,0
O005656,P0145,1,10.1,0
O005656,P0150,3,28.39,0
O005656,P0033,2,58.2,0
O005657,P0070,2,144.85,0
O005658,P0034,3,12.47,0
O005659,P0063,2,95.57,0
O005659,P0077,3,86.48,0
O005659,P0070,3,144.85,0
O005660,P0149,1,21.0,0
O005661,P0077,1,86.48,0
O005661,P0077,1,86.48,0
O005661,P0112,3,121.72,0
O005661,P0148,1,74.21,0
O005662,P0080,3,52.81,0
O005662,P0088,1,12.2,0
O005662,P0034,1,12.47,0
O005663,P0041,3,240.17,0
O005664,P0076,1,53.1,0
O005664,P0115,3,65.77,0
O005665,P0075,2,50.52,0
O005665,P0012,1,202.16,0
O005666,P0125,1,231.1,0
O005666,P0074,1,26.63,0
O005666,P0017,3,45.26,0
O005666,P0013,3,237.97,0
O005667,P0018,1,103.25,0
O005668,P0130,1,22.25,0
O005668,P0051,2,37.8,0
O005669,P0021,1,103.85,0
O005670,P0018,2,103.25,0
O005671,P0076,2,53.1,0
O005672,P0122,1,44.07,0
O005672,P0148,1,74.21,0
O005673,P0030,1,111.36,0
O005673,P0052,3,96.7,0
O005673,P0027,1,261.66,0
O005673,P0019,2,225.54,0
O005674,P0136,1,64.01,0
O005674,P0068,2,23.84,0
O005674,P0005,1,105.05,0
O005674,P0055,3,21.55,0
O005675,P0123,1,13.17,0
O005675,P0029,1,612.77,0
O005675,P0100,1,14.85,0
O005676,P0042,1,94.19,0
O005677,P0129,2,10.47,0
O005678,P0018,1,103.25,0
O005678,P0038,1,11.96,0
O005679,P0007,3,566.07,40
O005680,P0005,1,105.05,0
O005681,P0092,1,9.46,0
O005681,P0022,2,535.5,0
O005681,P0058,3,96.6,0
O005681,P0068,1,23.84,0
O005682,P0026,1,143.66,0
O005682,P0037,1,46.51,0
O005682,P0111,2,68.84,0
O005683,P0052,1,96.7,0
O005683,P0069,2,25.15,0
O005683,P0148,3,74.21,0
O005684,P0064,1,101.18,0
O005685,P0088,1,12.2,0
O005685,P0035,3,228.97,0
O005685,P0132,1,9.56,0
O005686,P0080,1,52.81,0
O005687,P0056,1,54.99,0
O005687,P0099,1,42.13,0
O005687,P0001,1,59.15,0
O005688,P0078,1,46.55,5
O005688,P0062,1,109.93,5
O005689,P0035,2,228.97,0
O005690,P0135,1,61.66,0
O005691,P0033,3,58.2,0
O005691,P0050,1,23.7,0
O005692,P0143,1,10.62,0
O005693,P0048,1,80.09,0
O005694,P0045,2,36.65,0
O005695,P0145,1,10.1,0
O005696,P0142,1,46.23,0
O005696,P0115,1,65.77,0
O005696,P0142,1,46.23,0
O005697,P0142,1,46.23,10
O005698,P0133,1,68.25,0
O005698,P0095,1,45.19,0
O005699,P0023,3,234.72,0
O005699,P0111,1,68.84,0
O005700,P0055,1,21.55,0
O005700,P0056,1,54.99,0
O005701,P0077,1,86.48,0
O005702,P0048,1,80.09,0
O005702,P0013,2,237.97,0
O005702,P0017,3,45.26,0
O005703,P0002,1,428.99,0
O005703,P0067,3,20.79,0
O005704,P0051,1,37.8,0
O005704,P0026,3,143.66,0
O005704,P0005,1,105.05,0
O005704,P0082,1,69.13,0
O005705,P0015,3,54.36,0
O005705,P0130,1,22.25,0
O005705,P0022,1,535.5,0
O005705,P0055,3,21.55,0
O005706,P0023,2,234.72,0
O005707,P0094,2,42.24,0
O005707,P0051,3,37.8,0
O005708,P0057,2,62.31,0
O005708,P0081,2,38.74,0
O005709,P0054,1,22.5,0
O005709,P0092,1,9.46,0
O005710,P0079,1,21.76,0
O005710,P0085,1,72.91,0
O005711,P0119,3,111.41,10
O005712,P0109,1,191.49,0
O005713,P0083,1,45.29,0
O005713,P0009,1,879.03,0
O005714,P0096,1,62.39,0
O005715,P0024,3,70.63,0
O005715,P0015,-1,54.36,0
O005715,P0084,1,13.25,0
O005715,P0087,2,72.97,0
O005716,P0009,1,879.03,0
O005716,P0068,1,23.84,0
O005716,P0065,2,128.91,0
O005717,P0084,3,13.25,10
O005717,P0067,1,20.79,10
O005717,P0060,3,131.68,10
O005718,P0009,3,879.03,0
O005719,P0066,1,29.64,0
O005719,P0061,1,30.11,0
O005720,P0070,2,144.85,0
O005720,P0059,2,46.72,0
O005720,P0003,3,70.0,0
O005721,P0066,1,29.64,10
O005721,P0009,1,879.03,10
O005721,P0023,1,234.72,10
O005722,P0020,2,48.67,0
O005722,P0043,3,15.93,0
O005723,P0022,2,535.5,10
O005724,P0139,2,117.86,0
O005725,P0092,1,9.46,0
O005725,P0016,1,490.88,0
O005725,P0086,1,7.88,0
O005725,P0058,1,96.6,0
O005726,P0010,1,261.54,0
O005726,P0077,1,86.48,0
O005726,P0004,1,203.73,0
O005727,P0099,3,42.13,0
O005727,P0076,1,53.1,0
O005727,P0067,1,20.79,0
O005727,P0109,1,191.49,0
O005728,P0076,3,53.1,0
O005728,P0093,3,36.5,0
O005728,P0042,2,94.19,0
O005728,P0071,2,88.96,0
O005729,P0128,2,40.97,0
O005730,P0031,3,100.42,0
O005730,P0129,2,10.47,0
O005730,P0074,1,26.63,0
O005731,P0146,1,36.39,0
O005731,P0016,1,490.88,0
O005731,P0146,2,36.39,0
O005732,P0046,2,93.34,0
O005732,P0134,2,14.57,0
O005733,P0035,3,228.97,0
O005734,P0145,2,10.1,0
O005735,P0047,3,22.6,0
O005735,P0141,1,32.3,0
O005736,P0059,1,46.72,0
O005737,P0041,3,240.17,0
O005737,P0083,1,45.29,0
O005738,P0052,1,96.7,0
O005739,P0097,1,39.47,0
O005740,P0113,3,52.25,0
O005741,P0053,1,79.81,0
O005742,P0090,1,74.94,0
O005743,P0124,3,16.63,10
O005744,P0013,3,237.97,10
O005744,P0068,3,23.84,10
O005745,P0073,1,99.68,0
O005745,P0089,2,75.8,0
O005746,P0024,2,70.63,10
O005746,P0045,1,36.65,10
O005746,P0099,2,42.13,10
O005746,P0076,1,53.1,10
O005747,P0045,2,36.65,0
O005748,P0067,1,20.79,0
O005749,P0118,2,60.49,0
O005750,P0122,1,44.07,0
O005750,P0030,1,111.36,0
O005751,P0051,3,37.8,0
O005751,P0028,1,456.12,0
O005752,P0124,1,16.63,0
O005753,P0032,1,28.68,0
O005754,P0130,2,22.25,20
O005754,P0074,1,26.63,20
O005754,P0123,1,13.17,20
O005755,P0075,1,50.52,0
O005756,P0053,2,79.81,0
O005757,P0029,1,612.77,10
O005758,P0085,2,72.91,0
O005758,P0123,2,13.17,0
O005759,P0105,2,192.4,0
O005759,P0024,1,70.63,0
O005760,P0101,1,12.63,0
O005761,P0023,1,234.72,0
O005761,P0115,1,65.77,0
O005761,P0051,1,37.8,0
O005762,P0046,2,93.34,0
O005763,P0085,2,72.91,0
O005763,P0053,2,79.81,0
O005764,P0134,3,14.57,0
O005764,P0143,1,10.62,0
O005764,P0137,1,9.05,0
O005764,P0126,1,119.65,0
O005765,P0051,3,37.8,0
O005765,P0040,2,12.05,0
O005765,P0144,1,10.61,0
O005766,P0051,1,37.8,0
O005767,P0097,1,39.47,0
O005767,P0136,3,64.01,0
O005768,P0116,2,64.62,0
O005768,P0091,1,55.44,0
O005769,P0130,1,22.25,0
O005769,P0073,1,99.68,0
O005770,P0137,1,9.05,0
O005771,P0046,3,93.34,0
O005771,P0132,2,9.56,0
O005771,P0100,1,14.85,0
O005771,P0134,2,14.57,0
O005772,P0106,2,93.16,0
O005772,P0055,1,21.55,0
O005772,P0031,1,100.42,0
O005773,P0146,1,36.39,0
O005773,P0043,1,15.93,0
O005774,P0132,2,9.56,0
O005774,P0116,2,64.62,0
O005774,P0012,1,202.16,0
O005775,P0033,1,58.2,0
O005775,P0016,1,490.88,0
O005775,P0035,1,228.97,0
O005776,P0039,1,35.85,0
O005776,P0032,2,28.68,0
O005776,P0075,3,50.52,0
O005776,P0130,1,22.25,0
O005777,P0117,3,37.62,0
O005778,P0071,2,88.96,0
O005778,P0065,1,128.91,0
O005778,P0073,2,99.68,0
O005779,P0099,3,42.13,5
O005779,P0020,2,48.67,5
O005780,P0131,1,10.19,0
O005781,P0072,1,22.81,0
O005781,P0135,3,61.66,0
O005781,P0131,1,10.19,0
O005781,P0050,1,23.7,0
O005782,P0038,3,11.96,0
O005783,P0032,1,28.68,10
O005783,P0031,1,100.42,10
O005784,P0001,2,59.15,0
O005784,P0116,3,64.62,0
O005785,P0142,1,46.23,0
O005785,P0143,1,10.62,0
O005786,P0149,2,21.0,0
O005786,P0095,1,45.19,0
O005786,P0149,2,21.0,0
O005786,P0001,1,59.15,0
O005787,P0032,1,28.68,10
O005787,P0139,1,117.86,10
O005788,P0146,3,36.39,0
O005788,P0145,1,10.1,0
O005789,P0144,1,10.61,0
O005789,P0128,2,40.97,0
O005790,P0117,1,37.62,0
O005791,P0090,1,74.94,10
O005791,P0069,2,25.15,10
O005792,P0086,1,7.88,0
O005793,P0022,1,535.5,0
O005794,P0081,3,38.74,0
O005794,P0078,2,46.55,0
O005794,P0034,1,12.47,0
O005795,P0020,2,48.67,10
O005795,P0026,2,143.66,10
O005795,P0063,1,95.57,10
O005795,P0146,3,36.39,10
O005796,P0116,2,64.62,0
O005796,P0043,3,15.93,0
O005796,P0128,2,40.97,0
O005797,P0149,3,21.0,0
O005797,P0096,1,62.39,0
O005797,P0044,1,96.71,0
O005798,P0144,1,10.61,0
O005798,P0078,3,46.55,0
O005798,P0096,3,62.39,0
O005798,P0032,1,28.68,0
O005799,P0037,1,46.51,0
O005799,P0076,1,53.1,0
O005799,P0051,2,37.8,0
O005799,P0068,1,23.84,0
O005800,P0123,1,13.17,0
O005800,P0075,1,50.52,0
O005801,P0040,2,12.05,0
O005801,P0058,1,96.6,0
O005802,P0053,2,79.81,0
O005803,P0147,1,8.3,0
O005804,P0014,2,280.69,0
O005804,P0115,2,65.77,0
O005805,P0123,2,13.17,0
O005806,P0096,1,62.39,20
O005806,P0008,1,47.86,20
O005806,P0136,1,64.01,20
O005806,P0024,1,70.63,20
O005807,P0011,2,746.1,0
O005808,P0056,1,54.99,0
O005808,P0001,2,59.15,0
O005809,P0017,1,45.26,0
O005809,P0069,2,25.15,0
O005809,P0115,2,65.77,0
O005810,P0072,1,22.81,40
O005811,P0072,2,22.81,0
O005812,P0034,2,12.47,0
O005812,P0057,1,62.31,0
O005812,P0028,1,456.12,0
O005813,P0048,1,80.09,0
O005813,P0122,1,44.07,0
O005813,P0057,2,62.31,0
O005814,P0090,1,74.94,0
O005814,P0035,1,228.97,0
O005814,P0115,1,65.77,0
O005814,P0056,1,54.99,0
O005815,P0060,1,131.68,0
O005815,P0088,3,12.2,0
O005816,P0135,3,61.66,0
O005816,P0149,3,21.0,0
O005817,P0045,2,36.65,0
O005817,P0049,3,192.27,0
O005817,P0121,2,35.48,0
O005818,P0076,1,53.1,0
O005818,P0090,2,74.94,0
O005818,P0099,2,42.13,0
O005818,P0103,2,43.56,0
O005819,P0129,1,10.47,0
O005819,P0052,3,96.7,0
O005820,P0043,3,15.93,0
O005821,P0044,1,96.71,10
O005821,P0017,1,45.26,10
O005822,P0146,1,36.39,0
O005823,P0084,1,13.25,0
O005823,P0043,2,15.93,0
O005824,P0089,1,75.8,40
O005825,P0002,2,428.99,0
O005825,P0136,1,64.01,0
O005826,P0141,1,32.3,0
O005826,P0048,1,80.09,0
O005826,P0125,1,231.1,0
O005826,P0031,3,100.42,0
O005827,P0033,1,58.2,0
O005827,P0080,3,52.81,0
O005827,P0052,1,96.7,0
O005827,P0061,1,30.11,0
O005828,P0044,2,96.71,0
O005829,P0064,1,101.18,0
O005829,P0031,2,100.42,0
O005829,P0045,1,36.65,0
O005829,P0078,1,46.55,0
O005830,P0052,1,96.7,0
O005831,P0021,1,103.85,5
O005832,P0032,2,28.68,0
O005833,P0053,1,79.81,15
O005833,P0004,2,203.73,15
O005833,P0089,1,75.8,15
O005833,P0029,1,612.77,15
O005834,P0115,1,65.77,0
O005834,P0012,1,202.16,0
O005835,P0029,1,612.77,0
O005836,P0008,2,47.86,0
O005837,P0054,2,22.5,0
O005838,P0061,3,30.11,0
O005838,P0034,1,12.47,0
O005838,P0043,1,15.93,0
O005839,P0147,2,8.3,0
O005839,P0135,1,61.66,0
O005839,P0004,2,203.73,0
O005840,P0015,2,54.36,0
O005840,P0133,1,68.25,0
O005841,P0072,1,22.81,0
O005841,P0033,1,58.2,0
O005842,P0134,1,14.57,0
O005842,P0066,2,29.64,0
O005842,P0050,3,23.7,0
O005842,P0136,1,64.01,0
O005843,P0011,2,746.1,15
O005844,P0045,1,36.65,0
O005844,P0145,2,10.1,0
O005844,P0127,1,69.7,0
O005844,P0144,3,10.61,0
O005845,P0132,2,9.56,0
O005845,P0147,1,8.3,0
O005845,P0118,1,60.49,0
O005845,P0134,1,14.57,0
O005846,P0143,3,10.62,0
O005847,P0150,2,28.39,0
O005847,P0092,1,9.46,0
O005848,P0142,1,46.23,0
O005849,P0127,1,69.7,0
O005849,P0053,1,79.81,0
O005849,P0130,2,22.25,0
O005850,P0014,3,280.69,0
O005851,P0074,3,26.63,0
O005852,P0138,3,119.25,0
O005852,P0090,1,74.94,0
O005853,P0145,1,10.1,0
O005854,P0079,1,21.76,0
O005854,P0051,1,37.8,0
O005855,P0092,2,9.46,0
O005856,P0139,1,117.86,0
O005857,P0134,1,14.57,0
O005858,P0051,1,37.8,0
O005858,P0111,1,68.84,0
O005859,P0145,3,10.1,0
O005859,P0086,1,7.88,0
O005859,P0063,1,95.57,0
O005860,P0146,3,36.39,0
O005860,P0037,3,46.51,0
O005861,P0040,1,12.05,0
O005862,P0011,3,746.1,0
O005863,P0128,1,40.97,0
O005864,P0039,1,35.85,0
O005864,P0069,1,25.15,0
O005865,P0143,1,10.62,0
O005865,P0149,1,21.0,0
O005866,P0019,2,225.54,0
O005866,P0117,1,37.62,0
O005867,P0067,2,20.79,0
O005867,P0120,1,233.46,0
O005867,P0110,2,231.1,0
O005868,P0075,3,50.52,10
O005869,P0009,1,879.03,0
O005869,P0080,1,52.81,0
O005870,P0135,1,61.66,0
O005870,P0029,3,612.77,0
O005870,P0146,1,36.39,0
O005870,P0049,1,192.27,0
O005871,P0091,3,55.44,0
O005871,P0036,1,80.43,0
O005871,P0021,1,103.85,0
O005871,P0114,2,30.32,0
O005872,P0072,2,22.81,0
O005873,P0144,1,10.61,0
O005874,P0038,1,11.96,0
O005874,P0137,2,9.05,0
O005874,P0045,2,36.65,0
O005875,P0033,1,58.2,0
O005875,P0147,1,8.3,0
O005875,P0001,1,59.15,0
O005876,P0091,1,55.44,0
O005877,P0052,1,96.7,0
O005878,P0032,1,28.68,0
O005879,P0098,2,5.21,10
O005879,P0071,1,88.96,10
O005880,P0068,1,23.84,0
O005881,P0053,3,79.81,0
O005881,P0103,1,43.56,0
O005882,P0129,1,10.47,0
O005883,P0047,1,22.6,0
O005883,P0070,2,144.85,0
O005883,P0039,1,35.85,0
O005884,P0046,1,93.34,0
O005884,P0114,1,30.32,0
O005885,P0124,1,16.63,0
O005886,P0136,1,64.01,0
O005886,P0037,3,46.51,0
O005887,P0133,1,68.25,0
O005888,P0041,2,240.17,0
O005888,P0052,1,96.7,0
O005888,P0119,1,111.41,0
O005889,P0097,1,39.47,0
O005889,P0139,1,117.86,0
O005889,P0133,2,68.25,0
O005889,P0125,1,231.1,0
O005890,P0054,2,22.5,0
O005890,P0140,2,95.27,0
O005890,P0042,2,94.19,0
O005890,P0129,3,10.47,0
O005891,P0045,1,36.65,0
O005892,P0045,2,36.65,0
O005893,P0022,2,535.5,5
O005893,P0060,3,131.68,5
O005894,P0045,2,36.65,10
O005895,P0133,1,68.25,0
O005896,P0080,1,52.81,0
O005896,P0025,1,63.7,0
O005896,P0091,1,55.44,0
O005897,P0097,1,39.47,0
O005897,P0070,1,144.85,0
O005898,P0112,2,121.72,0
O005898,P0093,1,36.5,0
O005899,P0044,1,96.71,0
O005899,P0104,3,56.02,0
O005900,P0118,1,60.49,0
O005900,P0143,1,10.62,0
O005900,P0099,1,42.13,0
O005901,P0016,2,490.88,0
O005902,P0008,1,47.86,10
O005902,P0091,1,55.44,10
O005903,P0070,2,144.85,0
O005904,P0022,2,535.5,0
O005904,P0065,3,128.91,0
O005905,P0078,3,46.55,0
O005905,P0121,3,35.48,0
O005906,P0080,2,52.81,0
O005906,P0069,3,25.15,0
O005907,P0046,1,93.34,10
O005907,P0048,3,80.09,10
O005907,P0098,1,5.21,10
O005907,P0049,2,192.27,10
O005908,P0073,1,99.68,0
O005908,P0035,3,228.97,0
O005909,P0006,1,317.9,0
O005909,P0003,1,70.0,0
O005910,P0039,1,35.85,0
O005911,P0019,3,225.54,0
O005911,P0041,1,240.17,0
O005912,P0102,1,6.1,0
O005913,P0042,3,94.19,5
O005914,P0064,1,101.18,0
O005914,P0064,1,101.18,0
O005914,P0101,1,12.63,0
O005914,P0056,1,54.99,0
O005915,P0137,1,9.05,0
O005916,P0020,1,48.67,0
O005916,P0046,2,93.34,0
O005916,P0052,1,96.7,0
O005917,P0072,1,22.81,0
O005917,P0118,1,60.49,0
O005918,P0041,1,240.17,0
O005918,P0053,3,79.81,0
O005919,P0050,1,23.7,0
O005920,P0047,2,22.6,0
O005921,P0012,3,202.16,10
O005922,P0028,3,456.12,0
O005922,P0013,1,237.97,0
O005923,P0077,2,86.48,0
O005924,P0003,1,70.0,0
O005924,P0133,3,68.25,0
O005924,P0033,1,58.2,0
O005924,P0106,1,93.16,0
O005925,P0005,1,105.05,0
O005925,P0009,2,879.03,0
O005926,P0030,1,111.36,0
O005927,P0077,3,86.48,0
O005927,P0064,1,101.18,0
O005928,P0011,1,746.1,0
O005928,P0145,1,10.1,0
O005929,P0029,1,612.77,0
O005929,P0101,3,12.63,0
O005929,P0118,1,60.49,0
O005929,P0049,1,192.27,0
O005930,P0103,1,43.56,0
O005931,P0117,2,37.62,10
O005931,P0092,1,9.46,10
O005932,P0043,1,15.93,0
O005933,P0148,1,74.21,0
O005934,P0040,1,12.05,0
O005934,P0025,3,63.7,0
O005935,P0087,3,72.97,0
O005936,P0033,3,58.2,0
O005936,P0143,3,10.62,0
O005937,P0134,1,14.57,0
O005937,P0071,1,88.96,0
O005937,P0148,1,74.21,0
O005938,P0062,1,109.93,15
O005938,P0109,1,191.49,15
O005939,P0030,1,111.36,40
O005939,P0085,2,72.91,40
O005940,P0049,1,192.27,10
O005941,P0014,1,280.69,0
O005941,P0009,1,879.03,0
O005942,P0008,2,47.86,0
O005942,P0029,1,612.77,0
O005942,P0076,1,53.1,0
O005942,P0009,1,879.03,0
O005943,P0132,2,9.56,0
O005943,P0049,1,192.27,0
O005943,P0136,1,64.01,0
O005944,P0143,3,10.62,0
O005944,P0022,2,535.5,0
O005944,P0024,2,70.63,0
O005945,P0053,2,79.81,0
O005945,P0026,2,143.66,0
O005945,P0138,1,119.25,0
O005945,P0096,1,62.39,0
O005946,P0135,1,61.66,0
O005946,P0134,1,14.57,0
O005947,P0031,3,100.42,0
O005948,P0144,3,10.61,0
O005948,P0029,2,612.77,0
O005949,P0044,1,96.71,40
O005949,P0126,1,119.65,40
O005949,P0136,2,64.01,40
O005949,P0136,1,64.01,40
O005950,P0101,1,12.63,0
O005951,P0132,2,9.56,20
O005951,P0054,1,22.5,20
O005952,P0103,2,43.56,0
O005952,P0135,1,61.66,0
O005953,P0094,3,42.24,0
O005953,P0063,1,95.57,0
O005953,P0128,1,40.97,0
O005954,P0141,2,32.3,0
O005954,P0141,3,32.3,0
O005955,P0108,1,153.58,0
O005956,P0102,1,6.1,0
O005957,P0080,3,52.81,0
O005957,P0113,2,52.25,0
O005957,P0097,1,39.47,0
O005957,P0054,1,22.5,0
O005958,P0048,1,80.09,0
O005959,P0003,1,70.0,0
O005959,P0041,3,240.17,0
O005959,P0059,0,46.72,0
O005960,P0126,1,119.65,0
O005960,P0129,1,10.47,0
O005961,P0008,1,47.86,0
O005961,P0099,1,42.13,0
O005962,P0089,1,75.8,0
O005963,P0009,2,879.03,0
O005964,P0058,1,96.6,0
O005965,P0030,2,111.36,0
O005966,P0013,1,237.97,0
O005967,P0052,1,96.7,0
O005967,P0105,3,192.4,0
O005968,P0030,1,111.36,10
O005968,P0073,1,99.68,10
O005969,P0089,3,75.8,0
O005970,P0028,3,456.12,0
O005971,P0012,3,202.16,0
O005971,P0034,2,12.47,0
O005971,P0074,1,26.63,0
O005971,P0089,1,75.8,0
O005972,P0053,1,79.81,0
O005973,P0055,1,21.55,0
O005973,P0010,1,261.54,0
O005974,P0004,2,203.73,0
O005975,P0038,2,11.96,0
O005976,P0050,1,23.7,20
O005977,P0030,3,111.36,0
O005977,P0142,1,46.23,0
O005978,P0040,1,12.05,0
O005978,P0115,1,65.77,0
O005979,P0030,1,111.36,0
O005980,P0034,1,12.47,0
O005981,P0034,1,12.47,0
O005982,P0031,2,100.42,0
O005983,P0082,3,69.13,5
O005984,P0044,2,96.71,0
O005984,P0039,1,35.85,0
O005985,P0078,3,46.55,5
O005986,P0088,1,12.2,15
O005986,P0013,3,237.97,15
O005986,P0010,2,261.54,15
O005986,P0142,1,46.23,15
O005987,P0019,3,225.54,0
O005988,P0014,1,280.69,0
O005988,P0026,1,143.66,0
O005988,P0049,1,192.27,0
O005989,P0011,1,746.1,0
O005989,P0017,3,45.26,0
O005989,P0117,2,37.62,0
O005990,P0058,2,96.6,0
O005990,P0122,1,44.07,0
O005990,P0107,3,42.73,0
O005991,P0025,3,63.7,0
O005991,P0024,0,70.63,0
O005992,P0026,1,143.66,0
O005992,P0009,1,879.03,0
O005992,P0138,1,119.25,0
O005993,P0029,1,612.77,0
O005993,P0028,2,456.12,0
O005994,P0095,3,45.19,0
O005994,P0135,1,61.66,0
O005994,P0055,3,21.55,0
O005995,P0089,1,75.8,0
O005995,P0016,1,490.88,0
O005996,P0107,3,42.73,10
O005997,P0104,2,56.02,0
O005998,P0099,2,42.13,0
O005998,P0121,3,35.48,0
O005999,P0042,1,94.19,0
O006000,P0089,1,75.8,0
O006001,P0067,3,20.79,0
O006001,P0006,1,317.9,0
O006002,P0122,2,44.07,0
O006002,P0033,1,58.2,0
O006003,P0144,1,10.61,0
O006003,P0009,3,879.03,0
O006004,P0123,1,13.17,20
O006004,P0119,1,111.41,20
O006005,P0091,1,55.44,0
O006005,P0049,1,192.27,0
O006006,P0056,1,54.99,15
O006007,P0033,1,58.2,10
O006007,P0014,3,280.69,10
O006007,P0003,3,70.0,10
O006007,P0026,3,143.66,10
O006008,P0084,2,13.25,0
O006009,P0065,1,128.91,0
O006009,P0049,1,192.27,0
O006009,P0016,1,490.88,0
O006009,P0026,3,143.66,0
O006010,P0098,1,5.21,0
O006010,P0124,1,16.63,0
O006010,P0018,1,103.25,0
O006011,P0030,3,111.36,20
O006012,P0055,1,21.55,0
O006013,P0023,1,234.72,0
O006013,P0040,1,12.05,0
O006014,P0019,3,225.54,0
O006014,P0050,1,23.7,0
O006015,P0024,1,70.63,0
O006015,P0042,3,94.19,0
O006016,P0139,2,117.86,0
O006017,P0089,2,75.8,0
O006017,P0095,2,45.19,0
O006018,P0039,3,35.85,0
O006019,P0036,2,80.43,0
O006020,P0042,1,94.19,0
O006020,P0052,2,96.7,0
O006021,P0079,1,21.76,0
O006022,P0002,2,428.99,15
O006022,P0110,1,231.1,15
O006023,P0030,2,111.36,40
O006024,P0056,1,54.99,0
O006025,P0014,2,280.69,0
O006025,P0066,1,29.64,0
O006026,P0063,1,95.57,0
O006027,P0068,1,23.84,0
O006027,P0101,1,12.63,0
O006028,P0094,2,42.24,0
O006028,P0138,3,119.25,0
O006029,P0060,1,131.68,0
O006029,P0057,1,62.31,0
O006029,P0040,3,12.05,0
O006029,P0113,1,52.25,0
O006030,P0072,1,22.81,0
O006031,P0076,1,53.1,0
O006031,P0018,1,103.25,0
O006032,P0008,3,47.86,0
O006032,P0126,1,119.65,0
O006033,P0099,3,42.13,0
O006033,P0068,1,23.84,0
O006034,P0039,1,35.85,0
O006034,P0029,1,612.77,0
O006035,P0038,1,11.96,0
O006036,P0041,3,240.17,0
O006036,P0019,1,225.54,0
O006036,P0065,1,128.91,0
O006036,P0137,1,9.05,0
O006037,P0013,2,237.97,0
O006037,P0056,1,54.99,0
O006038,P0028,1,456.12,0
O006039,P0139,1,117.86,0
O006039,P0111,1,68.84,0
O006039,P0148,1,74.21,0
O006040,P0120,1,233.46,0
O006041,P0005,3,105.05,0
O006041,P0039,1,35.85,0
O006041,P0027,3,261.66,0
O006041,P0121,1,35.48,0
O006042,P0038,3,11.96,0
O006042,P0060,2,131.68,0
O006042,P0028,1,456.12,0
O006043,P0080,1,52.81,0
O006044,P0117,1,37.62,0
O006045,P0021,1,103.85,0
O006046,P0063,1,95.57,10
O006046,P0001,1,59.15,10
O006046,P0040,1,12.05,10
O006046,P0009,2,879.03,10
O006047,P0025,1,63.7,0
O006048,P0118,3,60.49,5
O006048,P0142,2,46.23,5
O006049,P0035,1,228.97,0
O006050,P0054,2,22.5,0
O006050,P0019,2,225.54,0
O006050,P0103,1,43.56,0
O006050,P0066,1,29.64,0
O006051,P0100,2,14.85,0
O006051,P0091,3,55.44,0
O006051,P0019,3,225.54,0
O006051,P0073,1,99.68,0
O006052,P0149,1,21.0,0
O006052,P0104,2,56.02,0
O006052,P0035,2,228.97,0
O006052,P0027,2,261.66,0
O006053,P0027,2,261.66,0
O006053,P0075,3,50.52,0
O006054,P0018,1,103.25,0
O006054,P0026,2,143.66,0
O006054,P0087,1,72.97,0
O006055,P0032,1,28.68,0
O006056,P0103,3,43.56,0
O006056,P0028,1,456.12,0
O006056,P0104,1,56.02,0
O006057,P0018,1,103.25,0
O006057,P0010,3,261.54,0
O006058,P0059,3,46.72,0
O006058,P0150,1,28.39,0
O006058,P0112,3,121.72,0
O006058,P0038,3,11.96,0
O006059,P0113,3,52.25,0
O006060,P0041,2,240.17,0
O006060,P0010,1,261.54,0
O006061,P0006,1,317.9,10
O006061,P0009,1,879.03,10
O006061,P0104,1,56.02,10
O006061,P0123,1,13.17,10
O006062,P0082,1,69.13,0
O006062,P0056,3,54.99,0
O006062,P0004,1,203.73,0
O006063,P0072,1,22.81,0
O006063,P0076,1,53.1,0
O006064,P0007,2,566.07,0
O006065,P0102,3,6.1,10
O006065,P0044,3,96.71,10
O006066,P0131,2,10.19,0
O006067,P0075,2,50.52,0
O006067,P0045,1,36.65,0
O006068,P0148,2,74.21,0
O006068,P0131,1,10.19,0
O006068,P0041,1,240.17,0
O006069,P0044,3,96.71,0
O006069,P0128,1,40.97,0
O006070,P0082,1,69.13,0
O006071,P0133,3,68.25,0
O006071,P0041,1,240.17,0
O006071,P0132,2,9.56,0
O006071,P0068,1,23.84,0
O006072,P0061,1,30.11,0
O006072,P0107,2,42.73,0
O006073,P0091,3,55.44,0
O006073,P0144,1,10.61,0
O006073,P0078,1,46.55,0
O006074,P0028,3,456.12,0
O006075,P0056,1,54.99,10
O006075,P0039,1,35.85,10
O006076,P0079,1,21.76,0
O006077,P0125,1,231.1,0
O006077,P0120,1,233.46,0
O006078,P0095,1,45.19,0
O006078,P0104,3,56.02,0
O006078,P0080,1,52.81,0
O006078,P0066,2,29.64,0
O006079,P0032,3,28.68,0
O006079,P0139,2,117.86,0
O006080,P0147,1,8.3,0
O006080,P0145,1,10.1,0
O006081,P0143,1,10.62,0
O006082,P0060,3,131.68,0
O006082,P0091,1,55.44,0
O006083,P0007,1,566.07,10
O006084,P0093,1,36.5,0
O006084,P0112,1,121.72,0
O006084,P0133,2,68.25,0
O006084,P0029,1,612.77,0
O006085,P0095,1,45.19,20
O006086,P0103,3,43.56,0
O006086,P0032,3,28.68,0
O006087,P0137,1,9.05,0
O006088,P0047,1,22.6,0
O006088,P0059,3,46.72,0
O006089,P0074,1,26.63,10
O006090,P0103,2,43.56,5
O006090,P0025,3,63.7,5
O006091,P0068,3,23.84,0
O006092,P0015,1,54.36,0
O006092,P0072,1,22.81,0
O006093,P0026,3,143.66,0
O006093,P0007,2,566.07,0
O006093,P0024,2,70.63,0
O006093,P0090,3,74.94,0
O006094,P0126,1,119.65,0
O006094,P0010,2,261.54,0
O006094,P0136,1,64.01,0
O006095,P0038,1,11.96,0
O006096,P0052,2,96.7,0
O006096,P0122,1,44.07,0
O006096,P0034,1,12.47,0
O006096,P0052,1,96.7,0
O006097,P0038,1,11.96,40
O006097,P0015,2,54.36,40
O006098,P0056,1,54.99,0
O006098,P0047,2,22.6,0
O006098,P0143,2,10.62,0
O006098,P0058,3,96.6,0
O006099,P0003,1,70.0,0
O006099,P0111,1,68.84,0
O006099,P0120,1,233.46,0
O006099,P0043,3,15.93,0
O006100,P0035,3,228.97,0
O006100,P0015,2,54.36,0
O006100,P0048,1,80.09,0
O006100,P0092,2,9.46,0
O006101,P0086,1,7.88,0
O006101,P0106,1,93.16,0
O006101,P0107,1,42.73,0
O006102,P0111,3,68.84,0
O006102,P0040,2,12.05,0
O006103,P0007,2,566.07,0
O006103,P0018,1,103.25,0
O006103,P0064,2,101.18,0
O006103,P0108,1,153.58,0
O006104,P0136,1,64.01,15
O006105,P0140,1,95.27,0
O006106,P0138,2,119.25,0
O006106,P0126,1,119.65,0
O006107,P0009,2,879.03,0
O006107,P0113,1,52.25,0
O006108,P0035,3,228.97,0
O006109,P0084,1,13.25,5
O006109,P0067,1,20.79,5
O006109,P0036,1,80.43,5
O006109,P0048,1,80.09,5
O006110,P0115,3,65.77,0
O006111,P0067,2,20.79,0
O006111,P0054,1,22.5,0
O006112,P0092,1,9.46,0
O006112,P0031,2,100.42,0
O006113,P0049,1,192.27,0
O006114,P0117,1,37.62,0
O006114,P0105,3,192.4,0
O006114,P0035,3,228.97,0
O006114,P0123,2,13.17,0
O006115,P0010,3,261.54,0
O006115,P0011,1,746.1,0
O006115,P0110,3,231.1,0
O006115,P0112,1,121.72,0
O006116,P0030,1,111.36,0
O006116,P0023,2,234.72,0
O006117,P0139,3,117.86,0
O006117,P0061,1,30.11,0
O006117,P0106,3,93.16,0
O006117,P0096,1,62.39,0
O006118,P0006,1,317.9,0
O006119,P0069,1,25.15,0
O006119,P0143,1,10.62,0
O006119,P0031,1,100.42,0
O006119,P0076,1,53.1,0
O006120,P0067,1,20.79,10
O006121,P0142,3,46.23,10
O006121,P0037,1,46.51,10
O006121,P0050,3,23.7,10
O006122,P0055,2,21.55,0
O006123,P0055,1,21.55,0
O006123,P0131,3,10.19,0
O006123,P0147,2,8.3,0
O006123,P0079,2,21.76,0
O006124,P0075,3,50.52,0
O006124,P0075,1,50.52,0
O006124,P0035,1,228.97,0
O006125,P0032,2,28.68,0
O006125,P0133,1,68.25,0
O006126,P0027,1,261.66,10
O006126,P0095,1,45.19,10
O006127,P0007,2,566.07,0
O006127,P0088,1,12.2,0
O006128,P0101,1,12.63,0
O006128,P0024,1,70.63,0
O006128,P0026,1,143.66,0
O006129,P0065,1,128.91,0
O006130,P0113,1,52.25,0
O006130,P0091,1,55.44,0
O006130,P0072,3,22.81,0
O006131,P0047,3,22.6,0
O006131,P0076,2,53.1,0
O006131,P0058,1,96.6,0
O006131,P0110,2,231.1,0
O006132,P0130,1,22.25,0
O006133,P0037,1,46.51,0
O006133,P0067,3,20.79,0
O006134,P0011,1,746.1,0
O006134,P0052,-1,96.7,0
O006135,P0018,2,103.25,0
O006135,P0107,1,42.73,0
O006135,P0075,3,50.52,0
O006135,P0009,1,879.03,0
O006136,P0071,3,88.96,0
O006136,P0032,1,28.68,0
O006137,P0049,1,192.27,0
O006138,P0137,1,9.05,0
O006138,P0055,2,21.55,0
O006138,P0011,1,746.1,0
O006138,P0025,3,63.7,0
O006139,P0010,2,261.54,0
O006139,P0075,3,50.52,0
O006140,P0002,1,428.99,0
O006140,P0045,3,36.65,0
O006140,P0016,2,490.88,0
O006140,P0085,3,72.91,0
O006141,P0111,2,68.84,0
O006142,P0044,2,96.71,10
O006142,P0048,2,80.09,10
O006143,P0030,2,111.36,0
O006144,P0063,1,95.57,0
O006145,P0066,1,29.64,0
O006145,P0080,1,52.81,0
O006145,P0044,1,96.71,0
O006146,P0066,1,29.64,0
O006147,P0017,1,45.26,0
O006147,P0125,2,231.1,0
O006147,P0006,3,317.9,0
O006148,P0067,1,20.79,0
O006149,P0005,1,105.05,0
O006150,P0022,1,535.5,0
O006150,P0018,2,103.25,0
O006151,P0015,1,54.36,0
O006151,P0052,1,96.7,0
O006151,P0062,1,109.93,0
O006152,P0078,1,46.55,0
O006153,P0015,2,54.36,0
O006153,P0057,1,62.31,0
O006153,P0052,3,96.7,0
O006154,P0075,3,50.52,0
O006155,P0073,1,99.68,0
O006156,P0107,1,42.73,0
O006156,P0107,1,42.73,0
O006157,P0073,1,99.68,10
O006158,P0003,1,70.0,0
O006158,P0100,1,14.85,0
O006158,P0089,3,75.8,0
O006158,P0026,1,143.66,0
O006159,P0091,1,55.44,0
O006159,P0078,1,46.55,0
O006159,P0125,1,231.1,0
O006160,P0009,1,879.03,20
O006161,P0089,1,75.8,0
O006161,P0044,2,96.71,0
O006161,P0037,1,46.51,0
O006161,P0011,1,746.1,0
O006162,P0029,3,612.77,0
O006163,P0069,3,25.15,0
O006163,P0143,1,10.62,0
O006164,P0115,3,65.77,10
O006165,P0148,2,74.21,0
O006165,P0138,2,119.25,0
O006166,P0037,1,46.51,0
O006166,P0059,1,46.72,0
O006167,P0087,3,72.97,0
O006167,P0129,2,10.47,0
O006167,P0067,1,20.79,0
O006167,P0059,1,46.72,0
O006168,P0025,1,63.7,0
O006169,P0002,1,428.99,0
O006169,P0077,1,86.48,0
O006170,P0055,1,21.55,0
O006170,P0064,1,101.18,0
O006170,P0144,1,10.61,0
O006170,P0021,3,103.85,0
O006171,P0008,1,47.86,0
O006171,P0046,1,93.34,0
O006172,P0100,1,14.85,0
O006173,P0129,1,10.47,0
O006173,P0008,2,47.86,0
O006173,P0028,1,456.12,0
O006173,P0063,1,95.57,0
O006174,P0102,1,6.1,0
O006175,P0068,1,23.84,0
O006175,P0001,3,59.15,0
O006175,P0017,3,45.26,0
O006175,P0040,1,12.05,0
O006176,P0022,1,535.5,0
O006177,P0095,1,45.19,0
O006177,P0070,2,144.85,0
O006177,P0022,2,535.5,0
O006178,P0053,1,79.81,0
O006178,P0040,1,12.05,0
O006178,P0019,1,225.54,0
O006178,P0022,3,535.5,0
O006179,P0066,1,29.64,0
O006179,P0130,1,22.25,0
O006180,P0113,1,52.25,0
O006181,P0139,2,117.86,0
O006182,P0136,1,64.01,0
O006183,P0011,2,746.1,0
O006183,P0063,1,95.57,0
O006183,P0067,3,20.79,0
O006184,P0020,1,48.67,0
O006184,P0029,1,612.77,0
O006185,P0044,2,96.71,0
O006185,P0121,3,35.48,0
O006186,P0016,1,490.88,0
O006187,P0128,1,40.97,0
O006187,P0133,1,68.25,0
O006187,P0128,1,40.97,0
O006187,P0143,1,10.62,0
O006188,P0083,3,45.29,0
O006188,P0018,1,103.25,0
O006189,P0048,1,80.09,0
O006189,P0126,2,119.65,0
O006190,P0114,2,30.32,0
O006190,P0126,1,119.65,0
O006191,P0127,1,69.7,10
O006191,P0100,1,14.85,10
O006191,P0111,3,68.84,10
O006192,P0100,3,14.85,10
O006193,P0021,1,103.85,0
O006193,P0061,3,30.11,0
O006194,P0030,1,111.36,15
O006194,P0029,1,612.77,15
O006195,P0066,1,29.64,0
O006196,P0055,1,21.55,0
O006197,P0079,2,21.76,0
O006197,P0057,1,62.31,0
O006197,P0030,3,111.36,0
O006197,P0059,2,46.72,0
O006198,P0042,3,94.19,0
O006199,P0065,1,128.91,0
O006199,P0015,1,54.36,0
O006200,P0010,1,261.54,0
O006201,P0044,1,96.71,0
O006201,P0106,3,93.16,0
O006202,P0054,1,22.5,0
O006202,P0106,1,93.16,0
O006202,P0118,1,0.0,0
O006203,P0005,2,105.05,0
O006203,P0118,1,60.49,0
O006204,P0135,1,61.66,10
O006204,P0052,1,96.7,10
O006205,P0049,3,192.27,0
O006205,P0050,1,23.7,0
O006205,P0089,3,75.8,0
O006205,P0098,3,5.21,0
O006206,P0045,2,36.65,0
O006207,P0050,-1,23.7,0
O006208,P0034,1,12.47,0
O006208,P0118,1,60.49,0
O006208,P0068,1,23.84,0
O006209,P0057,1,62.31,0
O006209,P0015,3,54.36,0
O006209,P0026,1,143.66,0
O006209,P0069,2,25.15,0
O006210,P0036,1,80.43,0
O006211,P0075,3,50.52,0
O006211,P0056,2,54.99,0
O006212,P0065,1,128.91,0
O006212,P0020,3,48.67,0
O006213,P0044,1,96.71,0
O006213,P0003,1,70.0,0
O006214,P0122,1,44.07,0
O006214,P0081,1,38.74,0
O006214,P0031,1,100.42,0
O006215,P0044,3,96.71,0
O006216,P0041,1,240.17,0
O006217,P0001,1,59.15,5
O006217,P0096,3,62.39,5
O006217,P0136,1,64.01,5
O006218,P0025,1,63.7,0
O006219,P0129,1,10.47,0
O006219,P0050,2,23.7,0
O006220,P0097,1,39.47,0
O006221,P0049,2,192.27,0
O006222,P0141,3,32.3,0
O006222,P0019,1,225.54,0
O006223,P0010,2,261.54,0
O006223,P0079,1,21.76,0
O006223,P0029,2,612.77,0
O006224,P0134,3,14.57,0
O006224,P0042,1,94.19,0
O006225,P0041,1,240.17,0
O006226,P0058,1,96.6,0
O006226,P0131,3,10.19,0
O006226,P0102,2,6.1,0
O006227,P0063,1,95.57,0
O006228,P0011,3,746.1,0
O006229,P0098,1,5.21,0
O006229,P0126,2,119.65,0
O006230,P0044,1,96.71,5
O006230,P0120,1,233.46,5
O006231,P0039,1,35.85,0
O006231,P0108,2,153.58,0
O006231,P0129,1,10.47,0
O006232,P0027,3,261.66,0
O006232,P0107,2,42.73,0
O006232,P0043,1,15.93,0
O006233,P0131,1,10.19,0
O006234,P0034,3,12.47,0
O006234,P0023,1,234.72,0
O006235,P0129,3,10.47,0
O006235,P0142,1,46.23,0
O006235,P0039,1,35.85,0
O006236,P0093,1,36.5,0
O006237,P0139,2,117.86,0
O006237,P0027,1,261.66,0
O006238,P0101,3,12.63,0
O006238,P0142,2,46.23,0
O006238,P0077,2,86.48,0
O006239,P0126,1,119.65,0
O006239,P0047,1,22.6,0
O006240,P0006,3,317.9,0
O006240,P0032,1,28.68,0
O006240,P0003,3,70.0,0
O006240,P0109,1,191.49,0
O006241,P0112,1,121.72,0
O006242,P0065,2,128.91,0
O006243,P0041,1,240.17,0
O006244,P0057,3,62.31,0
O006244,P0147,1,8.3,0
O006244,P0064,1,101.18,0
O006245,P0133,1,68.25,0
O006245,P0043,3,15.93,0
O006245,P0107,2,42.73,0
O006246,P0019,1,225.54,0
O006246,P0073,2,99.68,0
O006247,P0013,1,237.97,0
O006247,P0075,1,50.52,0
O006248,P0110,2,231.1,0
O006249,P0057,2,62.31,0
O006250,P0072,1,22.81,0
O006251,P0025,1,63.7,0
O006252,P0096,1,62.39,0
O006252,P0062,2,109.93,0
O006253,P0004,1,203.73,0
O006253,P0112,2,121.72,0
O006253,P0063,1,95.57,0
O006254,P0018,3,103.25,0
O006254,P0023,1,234.72,0
O006254,P0013,3,237.97,0
O006255,P0109,3,191.49,10
O006255,P0107,2,42.73,10
O006255,P0069,1,25.15,10
O006256,P0092,3,9.46,0
O006256,P0112,3,121.72,0
O006256,P0073,3,99.68,0
O006256,P0078,2,46.55,0
O006257,P0122,3,44.07,0
O006257,P0079,3,21.76,0
O006257,P0020,1,48.67,0
O006258,P0018,2,103.25,0
O006258,P0067,3,20.79,0
O006259,P0055,1,21.55,0
O006259,P0056,2,54.99,0
O006260,P0031,2,100.42,0
O006260,P0146,1,36.39,0
O006260,P0032,2,28.68,0
O006261,P0134,1,14.57,5
O006262,P0129,3,10.47,0
O006263,P0070,2,144.85,0
O006264,P0128,2,40.97,0
O006264,P0092,1,9.46,0
O006264,P0108,1,153.58,0
O006264,P0046,1,93.34,0
O006265,P0073,1,99.68,0
O006266,P0083,1,45.29,10
O006267,P0148,3,74.21,0
O006268,P0076,1,53.1,0
O006268,P0119,1,111.41,0
O006269,P0150,3,28.39,0
O006270,P0095,1,45.19,0
O006270,P0130,3,22.25,0
O006270,P0129,1,10.47,0
O006270,P0118,3,60.49,0
O006271,P0057,3,62.31,0
O006271,P0050,1,23.7,0
O006271,P0112,3,121.72,0
O006272,P0073,1,99.68,0
O006272,P0002,1,428.99,0
O006273,P0054,1,22.5,0
O006274,P0020,2,48.67,40
O006275,P0014,1,280.69,0
O006275,P0129,1,10.47,0
O006275,P0051,2,37.8,0
O006276,P0058,1,96.6,0
O006277,P0141,1,32.3,0
O006278,P0079,1,21.76,0
O006278,P0032,3,28.68,0
O006278,P0033,2,58.2,0
O006278,P0102,1,6.1,0
O006279,P0118,1,60.49,0
O006280,P0024,1,70.63,0
O006280,P0116,2,64.62,0
O006280,P0060,1,131.68,0
O006280,P0050,1,23.7,0
O006281,P0035,1,228.97,0
O006281,P0045,1,36.65,0
O006282,P0064,1,101.18,0
O006283,P0048,1,80.09,0
O006283,P0059,1,46.72,0
O006283,P0063,2,95.57,0
O006283,P0024,1,70.63,0
O006284,P0005,1,105.05,0
O006285,P0020,3,48.67,0
O006286,P0052,3,96.7,0
O006286,P0023,1,234.72,0
O006287,P0053,2,79.81,0
O006288,P0041,1,240.17,0
O006288,P0120,3,233.46,0
O006288,P0123,1,13.17,0
O006288,P0041,1,240.17,0
O006289,P0048,1,80.09,0
O006290,P0141,2,32.3,0
O006291,P0012,2,202.16,0
O006292,P0059,1,46.72,0
O006292,P0020,3,48.67,0
O006293,P0066,2,29.64,0
O006294,P0067,1,20.79,10
O006294,P0114,1,30.32,10
O006294,P0118,1,60.49,10
O006294,P0044,3,96.71,10
O006295,P0016,1,490.88,0
O006296,P0106,3,93.16,0
O006296,P0045,1,36.65,0
O006297,P0027,1,261.66,20
O006298,P0039,1,35.85,0
O006298,P0002,2,428.99,0
O006298,P0031,2,100.42,0
O006298,P0051,1,37.8,0
O006299,P0120,2,233.46,10
O006299,P0063,1,95.57,10
O006299,P0095,2,45.19,10
O006300,P0028,1,456.12,0
O006300,P0028,1,456.12,0
O006301,P0061,1,30.11,0
O006302,P0005,1,105.05,0
O006303,P0017,1,45.26,0
O006304,P0069,1,25.15,0
O006305,P0113,1,52.25,0
O006305,P0113,1,52.25,0
O006305,P0112,3,121.72,0
O006306,P0103,1,43.56,15
O006307,P0055,3,21.55,0
O006308,P0143,1,10.62,0
O006308,P0142,3,46.23,0
O006309,P0121,1,35.48,0
O006310,P0009,1,879.03,0
O006310,P0065,2,128.91,0
O006311,P0042,3,94.19,0
O006312,P0147,1,8.3,0
O006313,P0141,3,32.3,0
O006313,P0103,1,43.56,0
O006314,P0007,1,566.07,0
O006315,P0019,1,225.54,40
O006316,P0058,3,96.6,0
O006317,P0121,1,35.48,0
O006317,P0012,3,202.16,0
O006318,P0027,1,261.66,0
O006318,P0072,1,22.81,0
O006319,P0119,3,111.41,0
O006320,P0077,1,86.48,0
O006320,P0117,1,37.62,0
O006321,P0051,1,37.8,0
O006321,P0040,1,12.05,0
O006321,P0041,1,240.17,0
O006321,P0121,3,35.48,0
O006322,P0044,2,96.71,0
O006322,P0027,2,261.66,0
O006323,P0106,3,93.16,0
O006324,P0008,1,47.86,0
O006324,P0096,3,62.39,0
O006325,P0057,1,62.31,0
O006326,P0017,1,45.26,10
O006326,P0083,2,45.29,10
O006326,P0118,2,60.49,10
O006327,P0106,3,93.16,0
O006328,P0131,2,10.19,0
O006329,P0067,2,20.79,0
O006330,P0061,1,30.11,0
O006330,P0116,1,64.62,0
O006331,P0035,3,228.97,0
O006331,P0147,1,8.3,0
O006332,P0027,2,261.66,0
O006332,P0053,3,79.81,0
O006333,P0131,1,10.19,0
O006333,P0140,3,95.27,0
O006333,P0021,1,103.85,0
O006334,P0147,1,8.3,0
O006334,P0148,2,74.21,0
O006334,P0128,1,40.97,0
O006334,P0071,2,88.96,0
O006335,P0068,2,23.84,10
O006336,P0011,2,746.1,0
O006337,P0082,1,69.13,0
O006337,P0128,1,40.97,0
O006337,P0115,1,65.77,0
O006337,P0025,2,63.7,0
O006338,P0025,1,63.7,0
O006338,P0012,2,202.16,0
O006338,P0071,1,88.96,0
O006338,P0068,1,23.84,0
O006339,P0104,1,56.02,0
O006339,P0044,1,96.71,0
O006339,P0026,3,143.66,0
O006339,P0040,1,12.05,0
O006340,P0035,3,228.97,0
O006340,P0047,1,22.6,0
O006341,P0097,1,39.47,0
O006341,P0026,1,143.66,0
O006342,P0113,1,52.25,0
O006342,P0005,1,105.05,0
O006343,P0029,2,612.77,0
O006344,P0048,1,80.09,5
O006344,P0046,2,93.34,5
O006344,P0032,1,28.68,5
O006344,P0067,1,20.79,5
O006345,P0050,0,23.7,0
O006345,P0040,1,12.05,0
O006345,P0074,2,26.63,0
O006345,P0057,1,62.31,0
O006346,P0102,1,6.1,10
O006346,P0145,1,10.1,10
O006346,P0076,1,53.1,10
O006346,P0029,3,612.77,10
O006347,P0113,1,52.25,0
O006348,P0091,2,55.44,0
O006348,P0007,1,566.07,0
O006348,P0027,3,261.66,0
O006348,P0136,1,64.01,0
O006349,P0108,1,153.58,0
O006349,P0031,1,100.42,0
O006349,P0032,1,28.68,0
O006349,P0079,3,21.76,0
O006350,P0139,1,117.86,0
O006350,P0018,2,103.25,0
O006351,P0119,1,111.41,40
O006352,P0099,2,42.13,0
O006352,P0041,2,240.17,0
O006352,P0115,3,65.77,0
O006352,P0063,1,95.57,0
O006353,P0045,1,36.65,10
O006353,P0089,1,75.8,10
O006354,P0015,2,54.36,0
O006354,P0024,1,70.63,0
O006355,P0068,1,23.84,0
O006356,P0066,1,29.64,0
O006356,P0048,3,80.09,0
O006357,P0020,1,48.67,0
O006357,P0018,1,103.25,0
O006357,P0105,1,192.4,0
O006357,P0092,1,9.46,0
O006358,P0107,1,42.73,0
O006358,P0024,3,70.63,0
O006359,P0022,1,535.5,0
O006359,P0005,3,105.05,0
O006360,P0068,1,23.84,0
O006361,P0030,2,111.36,0
O006362,P0116,1,64.62,0
O006362,P0115,1,65.77,0
O006363,P0116,1,64.62,0
O006364,P0120,3,233.46,0
O006364,P0009,2,879.03,0
O006364,P0150,1,28.39,0
O006365,P0118,1,60.49,0
O006366,P0050,3,23.7,0
O006366,P0030,1,111.36,0
O006366,P0099,1,42.13,0
O006367,P0079,3,21.76,0
O006368,P0113,3,52.25,0
O006368,P0115,1,65.77,0
O006369,P0148,1,74.21,0
O006369,P0094,1,42.24,0
O006369,P0047,2,22.6,0
O006370,P0076,2,53.1,5
O006371,P0130,2,22.25,0
O006372,P0055,3,21.55,0
O006372,P0019,3,225.54,0
O006373,P0112,2,121.72,0
O006373,P0117,2,37.62,0
O006373,P0039,1,35.85,0
O006374,P0026,3,143.66,0
O006375,P0060,1,131.68,0
O006376,P0044,2,96.71,0
O006376,P0108,3,153.58,0
O006376,P0117,1,37.62,0
O006376,P0026,1,143.66,0
O006377,P0121,1,35.48,0
O006378,P0038,1,11.96,0
O006378,P0072,1,22.81,0
O006378,P0031,1,100.42,0
O006379,P0115,2,65.77,15
O006379,P0083,2,45.29,15
O006379,P0080,3,52.81,15
O006379,P0113,1,52.25,15
O006380,P0014,2,280.69,0
O006380,P0007,1,566.07,0
O006380,P0017,1,45.26,0
O006380,P0056,1,54.99,0
O006381,P0019,1,225.54,0
O006382,P0029,1,612.77,0
O006383,P0110,1,231.1,0
O006383,P0040,1,12.05,0
O006384,P0098,2,5.21,0
O006384,P0025,1,63.7,0
O006384,P0007,3,566.07,0
O006385,P0032,1,28.68,0
O006385,P0063,1,95.57,0
O006385,P0113,3,52.25,0
O006385,P0072,3,22.81,0
O006386,P0021,3,103.85,0
O006386,P0076,3,53.1,0
O006387,P0003,1,70.0,0
O006388,P0087,1,72.97,0
O006388,P0124,1,16.63,0
O006389,P0001,1,59.15,20
O006389,P0026,1,143.66,20
O006389,P0118,2,60.49,20
O006390,P0047,3,22.6,0
O006391,P0038,2,11.96,10
O006392,P0088,1,12.2,0
O006392,P0010,1,261.54,0
O006393,P0020,1,48.67,0
O006393,P0017,1,45.26,0
O006393,P0016,2,490.88,0
O006394,P0016,1,490.88,0
O006394,P0039,1,35.85,0
O006395,P0096,1,62.39,0
O006395,P0115,1,65.77,0
O006396,P0107,1,42.73,0
O006397,P0090,1,74.94,0
O006397,P0111,1,68.84,0
O006398,P0037,1,46.51,5
O006398,P0056,2,54.99,5
O006399,P0094,2,42.24,15
O006400,P0031,1,100.42,0
O006400,P0050,2,23.7,0
O006401,P0043,1,15.93,0
O006401,P0045,2,36.65,0
O006402,P0062,1,109.93,0
O006402,P0092,1,9.46,0
O006403,P0049,2,192.27,0
O006403,P0028,1,456.12,0
O006404,P0123,1,13.17,0
O006405,P0126,1,119.65,0
O006405,P0045,2,36.65,0
O006405,P0073,2,99.68,0
O006405,P0019,1,225.54,0
O006406,P0009,3,879.03,0
O006407,P0032,2,28.68,0
O006408,P0043,3,15.93,0
O006409,P0123,3,13.17,0
O006410,P0109,2,191.49,0
O006410,P0004,1,203.73,0
O006411,P0038,1,11.96,0
O006412,P0044,2,96.71,0
O006412,P0092,1,9.46,0
O006413,P0046,1,93.34,0
O006414,P0007,1,566.07,0
O006414,P0008,2,47.86,0
O006415,P0116,1,64.62,0
O006415,P0077,1,86.48,0
O006416,P0053,1,79.81,40
O006416,P0067,2,20.79,40
O006417,P0012,3,202.16,0
O006417,P0080,3,52.81,0
O006418,P0007,1,566.07,0
O006418,P0064,3,101.18,0
O006419,P0019,3,225.54,0
O006420,P0032,1,28.68,0
O006421,P0073,1,99.68,0
O006421,P0016,2,490.88,0
O006421,P0070,1,144.85,0
O006422,P0101,2,12.63,0
O006422,P0148,3,74.21,0
O006423,P0095,1,45.19,5
O006423,P0015,1,54.36,5
O006424,P0149,1,21.0,0
O006424,P0122,2,44.07,0
O006424,P0019,3,225.54,0
O006424,P0007,1,566.07,0
O006425,P0036,2,80.43,0
O006425,P0083,3,45.29,0
O006425,P0118,3,60.49,0
O006426,P0120,1,233.46,0
O006427,P0067,1,20.79,0
O006427,P0041,1,240.17,0
O006428,P0024,1,70.63,0
O006429,P0100,1,14.85,0
O006429,P0020,3,48.67,0
O006429,P0036,1,80.43,0
O006430,P0074,1,26.63,0
O006430,P0001,3,59.15,0
O006431,P0009,1,879.03,0
O006432,P0092,1,9.46,0
O006432,P0053,3,79.81,0
O006432,P0080,3,52.81,0
O006433,P0094,1,42.24,0
O006433,P0111,1,68.84,0
O006433,P0036,3,80.43,0
O006434,P0054,1,22.5,0
O006434,P0101,2,12.63,0
O006435,P0040,1,12.05,0
O006436,P0132,1,9.56,15
O006436,P0037,3,46.51,15
O006436,P0062,2,109.93,15
O006437,P0134,1,14.57,0
O006437,P0145,3,10.1,0
O006437,P0043,1,15.93,0
O006438,P0132,1,9.56,0
O006438,P0150,1,28.39,0
O006438,P0129,1,10.47,0
O006439,P0146,2,36.39,0
O006440,P0084,3,13.25,0
O006441,P0021,1,103.85,0
O006442,P0148,1,74.21,0
O006443,P0130,1,22.25,0
O006443,P0085,3,72.91,0
O006444,P0072,1,22.81,0
O006444,P0095,1,45.19,0
O006444,P0005,1,105.05,0
O006445,P0075,1,50.52,0
O006445,P0145,2,10.1,0
O006445,P0088,1,12.2,0
O006446,P0021,1,103.85,0
O006447,P0099,1,42.13,0
O006447,P0121,2,35.48,0
O006447,P0124,2,16.63,0
O006447,P0121,1,35.48,0
O006448,P0031,1,100.42,0
O006448,P0011,2,746.1,0
O006449,P0027,1,261.66,0
O006450,P0045,1,36.65,0
O006451,P0037,1,46.51,0
O006451,P0019,2,225.54,0
O006452,P0072,1,22.81,10
O006452,P0032,2,28.68,10
O006453,P0105,2,192.4,0
O006454,P0147,3,8.3,0
O006455,P0010,1,261.54,0
O006455,P0052,1,96.7,0
O006456,P0054,1,22.5,0
O006457,P0011,1,746.1,0
O006458,P0124,1,16.63,0
O006458,P0064,1,101.18,0
O006459,P0030,3,111.36,0
O006460,P0104,3,56.02,0
O006460,P0126,1,119.65,0
O006461,P0086,2,7.88,5
O006461,P0013,3,237.97,5
O006462,P0042,1,94.19,0
O006462,P0053,3,79.81,0
O006463,P0033,1,58.2,0
O006464,P0051,1,37.8,0
O006465,P0027,1,261.66,0
O006466,P0120,2,233.46,0
O006466,P0100,3,14.85,0
O006466,P0113,2,52.25,0
O006466,P0113,2,52.25,0
O006467,P0039,3,35.85,0
O006468,P0035,1,228.97,10
O006468,P0050,1,23.7,10
O006468,P0012,3,202.16,10
O006468,P0043,3,15.93,10
O006469,P0082,3,69.13,0
O006469,P0117,3,37.62,0
O006470,P0035,3,228.97,0
O006471,P0144,2,10.61,0
O006471,P0074,1,26.63,0
O006472,P0027,1,261.66,0
O006472,P0039,2,35.85,0
O006472,P0009,2,879.03,0
O006472,P0115,1,65.77,0
O006473,P0063,1,95.57,0
O006474,P0127,1,69.7,0
O006474,P0098,1,5.21,0
O006474,P0037,1,46.51,0
O006475,P0036,1,80.43,0
O006476,P0140,3,95.27,0
O006477,P0027,3,261.66,20
O006477,P0074,2,26.63,20
O006478,P0148,2,74.21,10
O006478,P0003,1,70.0,10
O006479,P0138,2,119.25,5
O006479,P0138,3,119.25,5
O006479,P0037,1,46.51,5
O006479,P0150,1,28.39,5
O006480,P0005,2,105.05,0
O006480,P0142,1,46.23,0
O006481,P0104,3,56.02,0
O006482,P0145,2,10.1,0
O006482,P0136,1,64.01,0
O006482,P0054,1,22.5,0
O006482,P0028,3,456.12,0
O006483,P0141,1,32.3,0
O006483,P0098,1,5.21,0
O006483,P0131,3,10.19,0
O006484,P0040,1,12.05,0
O006484,P0086,3,7.88,0
O006485,P0149,2,21.0,0
O006486,P0032,2,28.68,0
O006486,P0042,2,94.19,0
O006486,P0017,2,45.26,0
O006486,P0085,2,72.91,0
O006487,P0024,1,70.63,0
O006487,P0093,2,36.5,0
O006488,P0114,2,30.32,0
O006488,P0010,3,261.54,0
O006489,P0005,1,105.05,0
O006489,P0044,1,96.71,0
O006490,P0023,3,234.72,0
O006491,P0014,2,280.69,0
O006491,P0121,1,35.48,0
O006492,P0043,1,15.93,0
O006492,P0057,3,62.31,0
O006493,P0021,1,103.85,0
O006494,P0028,1,456.12,0
O006495,P0028,2,456.12,0
O006495,P0019,1,225.54,0
O006496,P0019,1,225.54,15
O006496,P0016,2,490.88,15
O006496,P0032,2,28.68,15
O006496,P0123,1,13.17,15
O006497,P0106,2,93.16,0
O006497,P0046,1,93.34,0
O006497,P0135,2,61.66,0
O006497,P0078,3,46.55,0
O006498,P0128,1,40.97,0
O006499,P0150,1,28.39,0
O006500,P0040,3,12.05,0
O006500,P0007,1,566.07,0
O006501,P0017,3,45.26,0
O006501,P0038,1,11.96,0
O006502,P0057,1,62.31,0
O006502,P0072,2,22.81,0
O006503,P0075,3,50.52,0
O006504,P0042,1,94.19,0
O006504,P0049,3,192.27,0
O006505,P0020,3,48.67,0
O006505,P0139,2,117.86,0
O006505,P0044,1,96.71,0
O006505,P0082,2,69.13,0
O006506,P0020,3,48.67,0
O006506,P0070,1,144.85,0
O006507,P0079,3,21.76,0
O006508,P0100,1,14.85,0
O006508,P0147,2,8.3,0
O006509,P0032,2,28.68,0
O006509,P0071,3,88.96,0
O006509,P0063,1,95.57,0
O006510,P0150,3,28.39,0
O006510,P0111,2,68.84,0
O006511,P0062,1,109.93,0
O006511,P0009,2,879.03,0
O006512,P0067,2,20.79,0
O006512,P0139,1,117.86,0
O006512,P0044,1,96.71,0
O006513,P0113,1,52.25,0
O006514,P0085,2,72.91,0
O006514,P0053,3,79.81,0
O006515,P0009,3,879.03,0
O006515,P0055,2,21.55,0
O006515,P0013,1,237.97,0
O006516,P0132,1,9.56,0
O006516,P0013,1,237.97,0
O006516,P0035,2,228.97,0
O006516,P0020,3,48.67,0
O006517,P0075,1,50.52,0
O006517,P0002,1,428.99,0
O006517,P0074,1,26.63,0
O006517,P0038,1,11.96,0
O006518,P0067,1,20.79,0
O006518,P0105,1,192.4,0
O006518,P0033,2,58.2,0
O006518,P0051,1,37.8,0
O006519,P0133,1,68.25,0
O006520,P0147,2,8.3,0
O006520,P0014,1,280.69,0
O006520,P0065,3,128.91,0
O006520,P0145,1,10.1,0
O006521,P0109,1,191.49,0
O006522,P0014,2,280.69,0
O006523,P0040,1,12.05,0
O006524,P0104,2,56.02,0
O006524,P0101,1,12.63,0
O006524,P0103,1,43.56,0
O006525,P0019,1,225.54,0
O006525,P0007,3,566.07,0
O006525,P0053,2,79.81,0
O006525,P0064,3,101.18,0
O006526,P0148,2,74.21,0
O006526,P0003,1,70.0,0
O006526,P0107,2,42.73,0
O006527,P0051,1,37.8,0
O006527,P0081,3,38.74,0
O006528,P0069,1,25.15,0
O006528,P0082,1,69.13,0
O006528,P0102,1,6.1,0
O006529,P0069,1,25.15,0
O006529,P0040,3,12.05,0
O006529,P0065,3,128.91,0
O006529,P0057,1,62.31,0
O006530,P0007,1,566.07,0
O006530,P0146,1,36.39,0
O006530,P0118,3,60.49,0
O006530,P0026,1,143.66,0
O006531,P0123,3,13.17,0
O006532,P0052,1,96.7,0
O006532,P0043,2,15.93,0
O006533,P0037,1,46.51,0
O006534,P0066,1,29.64,0
O006535,P0019,1,225.54,0
O006536,P0027,2,261.66,0
O006537,P0133,2,68.25,0
O006538,P0121,1,35.48,0
O006538,P0113,1,52.25,0
O006539,P0099,1,42.13,0
O006540,P0040,3,12.05,0
O006541,P0130,1,22.25,0
O006542,P0079,3,21.76,15
O006542,P0057,1,62.31,15
O006543,P0064,3,101.18,0
O006543,P0066,1,29.64,0
O006544,P0012,1,202.16,0
O006544,P0138,1,119.25,0
O006545,P0048,3,80.09,0
O006546,P0088,2,12.2,0
O006547,P0067,3,20.79,0
O006547,P0043,3,15.93,0
O006548,P0077,2,86.48,0
O006549,P0103,1,43.56,0
O006550,P0150,1,28.39,0
O006551,P0053,1,79.81,0
O006552,P0130,1,22.25,0
O006552,P0139,2,117.86,0
O006553,P0098,0,5.21,0
O006554,P0126,1,119.65,0
O006554,P0145,2,10.1,0
O006555,P0054,1,22.5,0
O006555,P0140,1,95.27,0
O006555,P0133,2,68.25,0
O006555,P0032,2,28.68,0
O006556,P0138,1,119.25,0
O006556,P0068,1,23.84,0
O006557,P0044,1,96.71,0
O006558,P0111,2,68.84,0
O006559,P0121,1,35.48,0
O006559,P0007,1,566.07,0
O006560,P0020,2,48.67,0
O006561,P0059,0,46.72,0
O006562,P0058,1,96.6,0
O006562,P0045,1,36.65,0
O006562,P0042,1,94.19,0
O006563,P0027,1,261.66,0
O006563,P0039,1,35.85,0
O006564,P0064,1,101.18,0
O006565,P0126,3,119.65,0
O006565,P0020,3,48.67,0
O006566,P0012,1,202.16,0
O006566,P0092,2,0.0,0
O006566,P0005,2,105.05,0
O006566,P0112,3,121.72,0
O006567,P0111,2,68.84,0
O006568,P0126,2,119.65,0
O006568,P0086,1,7.88,0
O006569,P0084,1,13.25,0
O006570,P0125,1,231.1,0
O006571,P0122,1,44.07,0
O006572,P0040,2,12.05,0
O006572,P0072,1,22.81,0
O006572,P0026,3,143.66,0
O006572,P0061,1,30.11,0
O006573,P0045,1,36.65,0
O006573,P0018,1,103.25,0
O006574,P0010,1,261.54,0
O006574,P0018,1,103.25,0
O006575,P0053,1,79.81,0
O006576,P0019,1,225.54,0
O006576,P0001,2,59.15,0
O006576,P0077,1,86.48,0
O006577,P0108,1,153.58,0
O006577,P0068,1,23.84,0
O006578,P0075,2,50.52,0
O006579,P0005,1,105.05,20
O006579,P0052,1,96.7,20
O006580,P0055,1,21.55,0
O006581,P0112,3,121.72,0
O006582,P0037,1,46.51,20
O006583,P0036,1,80.43,0
O006584,P0149,1,21.0,0
O006584,P0044,1,96.71,0
O006585,P0057,3,62.31,0
O006585,P0062,3,109.93,0
O006585,P0103,2,43.56,0
O006585,P0027,1,261.66,0
O006586,P0116,3,64.62,0
O006586,P0044,2,96.71,0
O006586,P0127,1,69.7,0
O006586,P0117,3,37.62,0
O006587,P0015,1,54.36,10
O006588,P0035,1,228.97,0
O006588,P0037,2,46.51,0
O006588,P0036,1,80.43,0
O006588,P0010,3,261.54,0
O006589,P0097,3,39.47,0
O006589,P0053,3,79.81,0
O006589,P0124,1,16.63,0
O006590,P0010,1,261.54,0
O006590,P0133,1,68.25,0
O006590,P0067,1,20.79,0
O006591,P0025,1,63.7,10
O006591,P0014,1,280.69,10
O006592,P0059,1,46.72,0
O006592,P0073,2,99.68,0
O006592,P0008,2,47.86,0
O006592,P0071,3,88.96,0
O006593,P0082,1,69.13,0
O006593,P0026,2,143.66,0
O006593,P0005,3,105.05,0
O006593,P0107,1,42.73,0
O006594,P0014,1,280.69,0
O006594,P0027,2,261.66,0
O006595,P0052,1,96.7,0
O006595,P0015,1,54.36,0
O006595,P0051,1,37.8,0
O006596,P0025,2,63.7,0
O006596,P0035,3,228.97,0
O006597,P0041,1,240.17,0
O006598,P0102,1,6.1,0
O006598,P0068,1,23.84,0
O006598,P0042,1,94.19,0
O006599,P0082,0,69.13,0
O006599,P0107,3,42.73,0
O006599,P0035,3,228.97,0
O006600,P0033,1,58.2,0
O006600,P0020,1,48.67,0
O006600,P0132,1,9.56,0
O006601,P0043,3,15.93,5
O006601,P0073,3,99.68,5
O006601,P0043,1,15.93,5
O006601,P0019,3,225.54,5
O006602,P0095,1,45.19,10
O006602,P0125,1,231.1,10
O006603,P0114,1,30.32,10
O006603,P0123,3,13.17,10
O006603,P0095,2,45.19,10
O006604,P0015,1,54.36,0
O006604,P0031,1,100.42,0
O006605,P0074,1,26.63,0
O006606,P0076,1,53.1,0
O006607,P0008,1,47.86,0
O006607,P0087,2,72.97,0
O006607,P0019,1,225.54,0
O006608,P0007,1,566.07,0
O006609,P0032,2,28.68,0
O006609,P0106,3,93.16,0
O006609,P0068,2,23.84,0
O006610,P0128,2,40.97,0
O006610,P0061,2,30.11,0
O006610,P0072,1,22.81,0
O006610,P0140,1,95.27,0
O006611,P0134,-1,14.57,0
O006611,P0077,1,86.48,0
O006611,P0051,1,37.8,0
O006611,P0130,1,22.25,0
O006612,P0052,3,96.7,0
O006613,P0034,3,12.47,0
O006613,P0062,1,109.93,0
O006614,P0037,1,46.51,0
O006614,P0041,1,240.17,0
O006614,P0149,3,21.0,0
O006614,P0077,1,86.48,0
O006615,P0046,1,93.34,0
O006616,P0049,1,192.27,0
O006616,P0050,1,23.7,0
O006616,P0037,1,46.51,0
O006617,P0136,3,64.01,0
O006618,P0033,1,58.2,0
O006618,P0079,1,21.76,0
O006618,P0140,2,95.27,0
O006618,P0071,1,88.96,0
O006619,P0137,2,9.05,0
O006619,P0094,3,42.24,0
O006619,P0139,1,117.86,0
O006619,P0032,1,28.68,0
O006620,P0065,1,128.91,0
O006620,P0137,3,9.05,0
O006621,P0016,2,490.88,0
O006622,P0073,1,99.68,0
O006622,P0114,1,30.32,0
O006622,P0019,1,225.54,0
O006623,P0093,1,36.5,0
O006623,P0057,1,62.31,0
O006623,P0150,3,28.39,0
O006624,P0020,3,48.67,5
O006624,P0107,3,42.73,5
O006625,P0026,1,143.66,0
O006626,P0009,2,879.03,10
O006626,P0078,2,46.55,10
O006626,P0005,1,105.05,10
O006626,P0035,1,228.97,10
O006627,P0034,3,12.47,0
O006628,P0073,1,99.68,0
O006628,P0079,3,21.76,0
O006629,P0009,1,879.03,5
O006629,P0062,1,109.93,5
O006630,P0073,1,99.68,15
O006630,P0080,1,52.81,15
O006630,P0106,1,93.16,15
O006631,P0045,2,36.65,0
O006631,P0035,2,228.97,0
O006632,P0057,1,62.31,0
O006632,P0124,3,16.63,0
O006633,P0066,1,29.64,0
O006634,P0017,3,45.26,0
O006635,P0004,1,203.73,0
O006635,P0108,3,153.58,0
O006636,P0092,1,9.46,0
O006636,P0004,3,203.73,0
O006637,P0119,1,111.41,0
O006638,P0031,1,100.42,0
O006638,P0148,1,74.21,0
O006639,P0105,1,192.4,0
O006640,P0030,3,111.36,0
O006640,P0067,3,20.79,0
O006640,P0038,3,11.96,0
O006641,P0031,2,100.42,0
O006641,P0018,2,103.25,0
O006642,P0038,3,11.96,0
O006642,P0050,1,23.7,0
O006642,P0109,1,191.49,0
O006642,P0035,1,228.97,0
O006643,P0077,1,86.48,15
O006644,P0031,1,100.42,0
O006645,P0026,2,143.66,0
O006646,P0127,1,69.7,0
O006647,P0027,2,261.66,0
O006648,P0056,1,54.99,0
O006649,P0090,1,74.94,0
O006649,P0115,1,65.77,0
O006649,P0012,3,202.16,0
O006649,P0031,1,100.42,0
O006650,P0001,1,59.15,0
O006651,P0065,3,128.91,0
O006652,P0013,2,237.97,0
O006653,P0028,1,456.12,0
O006653,P0079,1,21.76,0
O006654,P0048,1,80.09,40
O006654,P0118,2,60.49,40
O006655,P0036,1,80.43,0
O006655,P0054,3,22.5,0
O006656,P0064,2,101.18,0
O006657,P0082,2,69.13,0
O006657,P0038,1,11.96,0
O006658,P0066,1,29.64,0
O006659,P0086,1,7.88,0
O006660,P0028,3,456.12,0
O006660,P0016,1,490.88,0
O006661,P0081,2,38.74,0
O006662,P0023,1,234.72,0
O006662,P0045,2,36.65,0
O006662,P0046,1,93.34,0
O006663,P0134,2,14.57,10
O006663,P0043,1,15.93,10
O006663,P0063,1,95.57,10
O006664,P0087,3,72.97,0
O006665,P0132,1,9.56,0
O006666,P0059,3,46.72,0
O006666,P0008,2,47.86,0
O006666,P0002,1,428.99,0
O006666,P0047,3,22.6,0
O006667,P0076,2,53.1,0
O006668,P0009,2,879.03,0
O006668,P0054,1,22.5,0
O006669,P0013,3,237.97,0
O006670,P0074,1,26.63,0
O006670,P0037,3,46.51,0
O006671,P0141,3,32.3,0
O006672,P0118,1,60.49,20
O006673,P0082,1,69.13,0
O006673,P0073,1,99.68,0
O006673,P0028,2,456.12,0
O006673,P0072,1,22.81,0
O006674,P0002,3,428.99,0
O006674,P0118,1,60.49,0
O006675,P0073,1,99.68,0
O006675,P0065,1,128.91,0
O006676,P0040,3,12.05,0
O006676,P0001,1,59.15,0
O006677,P0069,1,25.15,0
O006677,P0051,1,37.8,0
O006677,P0017,3,45.26,0
O006677,P0026,2,143.66,0
O006678,P0104,3,56.02,0
O006679,P0063,3,95.57,0
O006679,P0061,1,30.11,0
O006679,P0027,1,261.66,0
O006679,P0149,2,21.0,0
O006680,P0004,1,203.73,0
O006680,P0136,1,64.01,0
O006680,P0148,1,74.21,0
O006681,P0082,2,69.13,0
O006681,P0147,1,8.3,0
O006681,P0057,1,62.31,0
O006681,P0009,1,879.03,0
O006682,P0002,3,428.99,0
O006683,P0035,1,228.97,0
O006683,P0002,1,428.99,0
O006684,P0083,1,45.29,0
O006685,P0009,1,879.03,0
O006685,P0069,1,25.15,0
O006686,P0044,2,96.71,0
O006686,P0071,1,88.96,0
O006687,P0060,3,131.68,0
O006687,P0002,1,428.99,0
O006688,P0142,1,46.23,0
O006688,P0057,2,62.31,0
O006688,P0055,1,21.55,0
O006689,P0073,2,99.68,0
O006690,P0124,1,16.63,0
O006690,P0045,1,36.65,0
O006690,P0001,3,59.15,0
O006690,P0101,1,12.63,0
O006691,P0066,1,29.64,0
O006692,P0109,3,191.49,0
O006692,P0002,3,428.99,0
O006692,P0071,3,88.96,0
O006692,P0048,1,80.09,0
O006693,P0116,1,64.62,0
O006694,P0072,3,22.81,0
O006695,P0078,3,46.55,0
O006695,P0039,2,35.85,0
O006696,P0002,1,428.99,0
O006696,P0027,1,261.66,0
O006697,P0083,1,45.29,0
O006697,P0053,1,79.81,0
O006697,P0021,2,103.85,0
O006697,P0012,1,202.16,0
O006698,P0019,3,225.54,0
O006698,P0024,1,70.63,0
O006699,P0015,1,54.36,0
O006700,P0071,1,88.96,0
O006700,P0066,1,29.64,0
O006700,P0008,1,47.86,0
O006701,P0100,1,14.85,0
O006702,P0125,1,231.1,10
O006703,P0072,3,22.81,0
O006703,P0125,1,231.1,0
O006703,P0036,1,80.43,0
O006703,P0102,1,6.1,0
O006704,P0032,1,28.68,0
O006705,P0007,3,566.07,0
O006705,P0084,3,13.25,0
O006705,P0094,1,42.24,0
O006705,P0145,1,10.1,0
O006706,P0021,1,103.85,0
O006706,P0042,1,94.19,0
O006707,P0003,1,70.0,0
O006708,P0049,1,192.27,0
O006708,P0024,1,70.63,0
O006709,P0049,1,192.27,0
O006710,P0076,1,53.1,0
O006711,P0003,3,70.0,0
O006711,P0078,2,46.55,0
O006712,P0014,1,280.69,0
O006712,P0101,1,12.63,0
O006712,P0125,1,231.1,0
O006712,P0071,1,88.96,0
O006713,P0052,3,96.7,0
O006714,P0125,1,231.1,0
O006714,P0100,1,14.85,0
O006714,P0078,1,46.55,0
O006714,P0026,3,143.66,0
O006715,P0005,3,105.05,0
O006715,P0024,2,70.63,0
O006716,P0120,1,233.46,0
O006716,P0057,2,62.31,0
O006717,P0142,1,46.23,0
O006718,P0063,2,95.57,0
O006718,P0065,1,128.91,0
O006718,P0146,2,36.39,0
O006719,P0015,3,54.36,0
O006720,P0005,3,105.05,0
O006720,P0122,1,44.07,0
O006720,P0106,2,93.16,0
O006720,P0131,3,10.19,0
O006721,P0094,1,42.24,0
O006722,P0075,1,50.52,0
O006722,P0100,2,14.85,0
O006723,P0037,2,46.51,0
O006724,P0069,1,25.15,0
O006724,P0059,1,46.72,0
O006724,P0140,1,95.27,0
O006725,P0027,3,261.66,0
O006726,P0051,1,37.8,0
O006727,P0049,1,192.27,0
O006727,P0119,3,111.41,0
O006727,P0140,1,95.27,0
O006728,P0069,1,25.15,0
O006728,P0036,3,80.43,0
O006729,P0002,1,428.99,10
O006729,P0061,3,30.11,10
O006730,P0108,1,153.58,0
O006730,P0012,1,202.16,0
O006731,P0124,1,16.63,0
O006732,P0076,1,53.1,0
O006732,P0038,2,11.96,0
O006732,P0139,1,117.86,0
O006732,P0114,1,30.32,0
O006733,P0047,1,22.6,0
O006733,P0082,1,69.13,0
O006733,P0070,2,144.85,0
O006734,P0041,1,240.17,0
O006735,P0115,2,65.77,0
O006735,P0098,3,5.21,0
O006736,P0017,1,45.26,0
O006736,P0080,1,52.81,0
O006736,P0002,1,428.99,0
O006737,P0038,1,11.96,40
O006738,P0125,1,231.1,10
O006739,P0140,2,95.27,0
O006740,P0074,1,26.63,10
O006740,P0089,2,75.8,10
O006740,P0059,1,46.72,10
O006740,P0114,1,30.32,10
O006741,P0094,2,42.24,0
O006741,P0067,3,20.79,0
O006742,P0116,1,64.62,0
O006742,P0032,2,28.68,0
O006743,P0046,2,93.34,0
O006743,P0130,3,22.25,0
O006743,P0076,1,53.1,0
O006743,P0134,3,14.57,0
O006744,P0009,2,879.03,0
O006745,P0123,2,13.17,0
O006746,P0007,3,566.07,0
O006747,P0047,1,22.6,0
O006747,P0081,2,38.74,0
O006748,P0023,2,234.72,0
O006748,P0138,1,119.25,0
O006748,P0104,1,56.02,0
O006748,P0144,1,10.61,0
O006749,P0076,1,53.1,0
O006749,P0067,1,20.79,0
O006749,P0045,2,36.65,0
O006750,P0099,2,42.13,0
O006751,P0127,1,69.7,0
O006751,P0117,1,37.62,0
O006751,P0142,2,46.23,0
O006751,P0133,1,68.25,0
O006752,P0115,1,65.77,0
O006753,P0128,3,40.97,0
O006753,P0101,3,12.63,0
O006753,P0029,3,612.77,0
O006754,P0101,1,12.63,0
O006754,P0077,1,86.48,0
O006754,P0088,1,12.2,0
O006754,P0014,2,280.69,0
O006755,P0045,1,36.65,0
O006756,P0105,2,192.4,0
O006757,P0036,3,80.43,0
O006758,P0133,1,68.25,0
O006758,P0054,3,22.5,0
O006758,P0110,2,231.1,0
O006758,P0140,1,95.27,0
O006759,P0146,2,36.39,0
O006760,P0061,1,30.11,0
O006761,P0061,2,30.11,0
O006762,P0130,1,22.25,0
O006762,P0018,1,103.25,0
O006763,P0045,2,36.65,0
O006763,P0089,1,75.8,0
O006763,P0034,3,12.47,0
O006764,P0131,2,10.19,40
O006765,P0083,1,45.29,0
O006765,P0131,3,10.19,0
O006766,P0143,2,10.62,0
O006767,P0006,1,317.9,10
O006767,P0117,2,37.62,10
O006767,P0085,3,72.91,10
O006767,P0006,3,317.9,10
O006768,P0072,1,22.81,0
O006769,P0018,1,103.25,0
O006769,P0083,1,45.29,0
O006770,P0081,1,38.74,0
O006770,P0008,1,47.86,0
O006770,P0076,1,53.1,0
O006770,P0025,2,63.7,0
O006771,P0026,2,143.66,0
O006772,P0030,1,111.36,0
O006772,P0094,1,42.24,0
O006773,P0024,1,70.63,0
O006773,P0025,1,63.7,0
O006773,P0067,1,20.79,0
O006773,P0059,1,46.72,0
O006774,P0024,1,70.63,0
O006774,P0017,1,45.26,0
O006774,P0124,1,16.63,0
O006774,P0064,1,101.18,0
O006775,P0130,1,22.25,0
O006776,P0060,1,131.68,10
O006776,P0010,1,261.54,10
O006776,P0012,2,202.16,10
O006777,P0080,3,52.81,0
O006777,P0026,1,143.66,0
O006778,P0088,1,12.2,0
O006779,P0059,1,46.72,0
O006779,P0068,1,23.84,0
O006779,P0074,1,26.63,0
O006780,P0021,1,103.85,0
O006780,P0099,1,42.13,0
O006780,P0028,1,456.12,0
O006780,P0022,2,535.5,0
O006781,P0066,1,29.64,0
O006781,P0102,3,6.1,0
O006781,P0006,1,317.9,0
O006781,P0017,2,45.26,0
O006782,P0028,3,456.12,0
O006783,P0122,2,44.07,0
O006783,P0033,1,58.2,0
O006783,P0017,1,45.26,0
O006784,P0064,2,101.18,0
O006785,P0014,3,280.69,0
O006786,P0097,1,39.47,0
O006786,P0003,2,70.0,0
O006787,P0031,3,100.42,0
O006787,P0009,2,879.03,0
O006788,P0117,1,37.62,0
O006788,P0050,3,23.7,0
O006789,P0018,1,103.25,0
O006790,P0150,2,28.39,0
O006790,P0036,2,80.43,0
O006791,P0047,3,22.6,0
O006791,P0134,1,14.57,0
O006791,P0003,1,70.0,0
O006792,P0138,3,119.25,0
O006792,P0051,1,37.8,0
O006792,P0039,3,35.85,0
O006793,P0004,1,203.73,0
O006794,P0141,3,32.3,0
O006794,P0031,1,100.42,0
O006794,P0077,1,86.48,0
O006795,P0050,1,23.7,0
O006796,P0137,1,9.05,0
O006797,P0058,1,96.6,40
O006798,P0137,1,9.05,0
O006799,P0137,1,9.05,0
O006800,P0020,3,48.67,0
O006801,P0050,1,23.7,0
O006802,P0109,1,191.49,0
O006802,P0039,3,35.85,0
O006802,P0079,1,21.76,0
O006802,P0006,2,317.9,0
O006803,P0132,1,9.56,0
O006804,P0073,2,99.68,0
O006805,P0038,2,11.96,0
O006805,P0060,3,131.68,0
O006806,P0128,1,40.97,0
O006807,P0105,1,192.4,0
O006807,P0061,1,30.11,0
O006807,P0106,1,93.16,0
O006808,P0064,1,101.18,0
O006808,P0091,3,55.44,0
O006809,P0024,1,70.63,0
O006810,P0073,3,99.68,5
O006811,P0065,1,128.91,0
O006811,P0045,1,36.65,0
O006812,P0055,1,21.55,0
O006812,P0011,3,746.1,0
O006813,P0130,3,22.25,0
O006813,P0119,3,111.41,0
O006814,P0035,1,228.97,0
O006815,P0082,1,69.13,0
O006815,P0047,2,22.6,0
O006816,P0060,1,131.68,10
O006816,P0125,1,231.1,10
O006817,P0089,1,75.8,0
O006817,P0040,1,12.05,0
O006818,P0006,1,317.9,0
O006819,P0065,1,128.91,0
O006819,P0082,1,69.13,0
O006819,P0047,1,22.6,0
O006819,P0076,1,53.1,0
O006820,P0002,1,428.99,10
O006821,P0106,1,93.16,0
O006822,P0094,1,42.24,0
O006823,P0098,2,5.21,0
O006824,P0089,1,75.8,0
O006824,P0141,1,32.3,0
O006824,P0147,2,8.3,0
O006824,P0149,1,21.0,0
O006825,P0096,1,62.39,0
O006825,P0136,1,64.01,0
O006826,P0121,3,35.48,0
O006826,P0059,3,46.72,0
O006826,P0038,2,11.96,0
O006826,P0046,3,93.34,0
O006827,P0114,-1,30.32,0
O006827,P0067,1,20.79,0
O006828,P0096,2,62.39,0
O006829,P0039,1,35.85,5
O006829,P0145,1,10.1,5
O006829,P0010,1,261.54,5
O006829,P0100,1,14.85,5
O006830,P0137,1,9.05,5
O006831,P0053,1,79.81,0
O006832,P0037,1,46.51,0
O006833,P0060,2,131.68,0
O006833,P0059,1,46.72,0
O006833,P0124,1,16.63,0
O006834,P0131,1,10.19,0
O006834,P0136,1,64.01,0
O006834,P0104,1,56.02,0
O006835,P0056,1,54.99,40
O006836,P0088,1,12.2,0
O006836,P0036,1,80.43,0
O006837,P0143,1,10.62,0
O006837,P0094,3,42.24,0
O006838,P0142,1,46.23,0
O006839,P0136,1,64.01,0
O006839,P0032,2,28.68,0
O006840,P0049,3,192.27,0
O006841,P0019,1,225.54,0
O006841,P0142,2,46.23,0
O006842,P0049,1,192.27,0
O006842,P0010,1,261.54,0
O006843,P0004,1,203.73,0
O006844,P0054,1,22.5,0
O006845,P0089,3,75.8,0
O006845,P0068,2,23.84,0
O006846,P0098,2,5.21,0
O006846,P0047,2,22.6,0
O006846,P0148,3,74.21,0
O006846,P0111,1,68.84,0
O006847,P0017,1,45.26,0
O006848,P0100,1,14.85,0
O006848,P0002,1,428.99,0
O006849,P0044,3,96.71,0
O006849,P0076,1,53.1,0
O006849,P0119,1,111.41,0
O006850,P0074,1,26.63,0
O006851,P0029,1,612.77,5
O006851,P0042,1,94.19,5
O006852,P0073,1,99.68,0
O006853,P0099,1,42.13,0
O006853,P0067,1,20.79,0
O006854,P0008,1,47.86,0
O006855,P0057,3,62.31,0
O006855,P0061,1,30.11,0
O006856,P0019,1,225.54,0
O006856,P0014,2,280.69,0
O006856,P0030,1,111.36,0
O006856,P0066,3,29.64,0
O006857,P0064,1,101.18,0
O006857,P0124,1,16.63,0
O006858,P0034,1,12.47,15
O006859,P0114,1,30.32,0
O006860,P0149,1,21.0,0
O006860,P0134,1,14.57,0
O006861,P0112,3,121.72,40
O006862,P0036,3,80.43,0
O006863,P0042,1,94.19,0
O006863,P0118,1,60.49,0
O006864,P0145,3,10.1,0
O006864,P0006,1,317.9,0
O006864,P0141,1,32.3,0
O006865,P0142,1,46.23,0
O006865,P0114,1,30.32,0
O006866,P0002,1,428.99,0
O006866,P0141,1,32.3,0
O006867,P0063,1,95.57,0
O006868,P0124,2,16.63,0
O006868,P0066,1,29.64,0
O006868,P0146,2,36.39,0
O006868,P0055,2,21.55,0
O006869,P0031,2,100.42,0
O006869,P0017,1,45.26,0
O006870,P0045,1,36.65,0
O006870,P0149,1,21.0,0
O006871,P0066,1,29.64,0
O006872,P0029,1,612.77,0
O006872,P0144,1,10.61,0
O006873,P0085,1,72.91,0
O006873,P0004,1,203.73,0
O006874,P0049,3,192.27,0
O006874,P0132,1,9.56,0
O006874,P0089,1,75.8,0
O006875,P0062,3,109.93,0
O006876,P0078,2,46.55,0
O006877,P0013,3,237.97,0
O006877,P0062,2,109.93,0
O006878,P0027,3,261.66,10
O006879,P0035,1,228.97,10
O006880,P0011,1,746.1,0
O006881,P0067,1,20.79,0
O006881,P0124,1,16.63,0
O006882,P0059,2,46.72,0
O006882,P0076,1,53.1,0
O006883,P0004,1,203.73,0
O006884,P0142,2,46.23,0
O006885,P0002,1,428.99,0
O006885,P0028,1,456.12,0
O006885,P0066,1,29.64,0
O006886,P0001,1,59.15,0
O006887,P0022,3,535.5,0
O006887,P0146,1,36.39,0
O006887,P0134,1,14.57,0
O006887,P0149,1,21.0,0
O006888,P0115,2,65.77,0
O006888,P0107,1,42.73,0
O006889,P0125,1,231.1,0
O006890,P0095,2,45.19,0
O006891,P0120,3,233.46,0
O006891,P0023,3,234.72,0
O006892,P0137,1,9.05,0
O006892,P0022,1,535.5,0
O006893,P0079,1,21.76,0
O006894,P0122,1,44.07,0
O006894,P0117,2,37.62,0
O006894,P0142,1,46.23,0
O006895,P0022,2,535.5,0
O006896,P0041,1,240.17,0
O006896,P0023,3,234.72,0
O006897,P0104,1,56.02,0
O006897,P0044,1,96.71,0
O006898,P0053,2,79.81,0
O006898,P0120,1,233.46,0
O006898,P0034,2,12.47,0
O006899,P0069,1,25.15,0
O006899,P0099,2,42.13,0
O006899,P0075,1,50.52,0
O006900,P0076,2,53.1,0
O006900,P0083,1,45.29,0
O006901,P0005,1,105.05,0
O006902,P0062,3,109.93,0
O006902,P0129,3,10.47,0
O006903,P0019,1,225.54,0
O006903,P0132,1,9.56,0
O006903,P0063,3,95.57,0
O006903,P0117,1,37.62,0
O006904,P0046,2,93.34,0
O006904,P0043,1,15.93,0
O006904,P0076,2,53.1,0
O006905,P0137,1,9.05,0
O006906,P0079,1,21.76,0
O006907,P0040,1,12.05,0
O006907,P0026,2,143.66,0
O006908,P0106,2,93.16,0
O006908,P0017,1,45.26,0
O006909,P0003,1,70.0,10
O006909,P0042,1,94.19,10
O006910,P0061,3,30.11,0
O006911,P0045,3,36.65,0
O006912,P0104,1,56.02,0
O006912,P0112,1,121.72,0
O006913,P0013,1,237.97,0
O006914,P0044,1,96.71,0
O006915,P0090,1,74.94,0
O006916,P0103,1,43.56,0
O006916,P0023,3,234.72,0
O006917,P0038,3,11.96,0
O006917,P0117,1,37.62,0
O006918,P0071,1,88.96,0
O006919,P0102,2,6.1,0
O006919,P0024,3,70.63,0
O006920,P0012,1,202.16,0
O006921,P0113,2,52.25,0
O006921,P0045,1,36.65,0
O006921,P0064,3,101.18,0
O006922,P0011,2,746.1,5
O006922,P0016,2,490.88,5
O006923,P0026,3,143.66,10
O006923,P0023,1,234.72,10
O006924,P0066,1,29.64,0
O006924,P0019,1,225.54,0
O006925,P0044,1,96.71,0
O006925,P0113,3,52.25,0
O006926,P0039,1,35.85,0
O006926,P0072,1,22.81,0
O006926,P0122,1,44.07,0
O006926,P0026,1,143.66,0
O006927,P0047,1,22.6,0
O006928,P0071,1,88.96,0
O006929,P0100,1,14.85,0
O006929,P0096,1,62.39,0
O006929,P0028,1,456.12,0
O006930,P0042,1,94.19,0
O006930,P0016,1,490.88,0
O006931,P0061,2,30.11,0
O006931,P0064,1,101.18,0
O006932,P0043,3,15.93,0
O006932,P0018,3,103.25,0
O006933,P0011,1,746.1,0
O006933,P0128,1,40.97,0
O006934,P0146,1,36.39,0
O006934,P0053,3,79.81,0
O006934,P0140,1,95.27,0
O006935,P0098,1,5.21,0
O006935,P0038,1,11.96,0
O006936,P0030,2,111.36,0
O006937,P0140,3,95.27,0
O006938,P0119,1,111.41,0
O006939,P0124,3,16.63,0
O006940,P0090,1,74.94,0
O006940,P0081,3,38.74,0
O006941,P0027,1,261.66,0
O006941,P0049,3,192.27,0
O006941,P0049,2,192.27,0
O006942,P0003,1,70.0,0
O006943,P0071,1,88.96,0
O006943,P0080,1,52.81,0
O006943,P0054,2,22.5,0
O006943,P0007,1,566.07,0
O006944,P0026,1,143.66,0
O006944,P0131,1,10.19,0
O006944,P0017,1,45.26,0
O006945,P0055,1,21.55,0
O006945,P0039,2,35.85,0
O006946,P0071,1,88.96,0
O006946,P0022,3,535.5,0
O006947,P0107,1,42.73,0
O006947,P0051,1,37.8,0
O006947,P0023,1,234.72,0
O006948,P0100,2,14.85,0
O006949,P0007,2,566.07,0
O006949,P0074,1,26.63,0
O006949,P0050,2,23.7,0
O006949,P0052,3,96.7,0
O006950,P0030,3,111.36,0
O006950,P0001,1,59.15,0
O006950,P0007,1,566.07,0
O006950,P0063,1,95.57,0
O006951,P0047,3,22.6,0
O006951,P0009,3,879.03,0
O006951,P0019,3,225.54,0
O006952,P0068,2,23.84,0
O006952,P0045,1,36.65,0
O006953,P0028,1,456.12,0
O006953,P0017,1,45.26,0
O006953,P0013,2,237.97,0
O006954,P0044,1,96.71,0
O006954,P0051,3,37.8,0
O006954,P0072,1,22.81,0
O006955,P0002,1,428.99,10
O006956,P0002,1,428.99,0
O006956,P0080,2,52.81,0
O006957,P0068,1,23.84,0
O006957,P0009,1,879.03,0
O006957,P0013,2,237.97,0
O006957,P0118,1,60.49,0
O006958,P0072,1,22.81,0
O006958,P0016,1,490.88,0
O006959,P0062,2,109.93,0
O006959,P0140,1,95.27,0
O006960,P0010,1,261.54,0
O006960,P0077,1,86.48,0
O006960,P0016,3,490.88,0
O006960,P0125,3,231.1,0
O006961,P0026,1,143.66,0
O006961,P0049,1,192.27,0
O006962,P0092,1,9.46,0
O006963,P0008,1,47.86,0
O006964,P0092,3,9.46,15
O006965,P0003,1,70.0,0
O006966,P0036,1,80.43,0
O006967,P0105,1,192.4,10
O006967,P0062,1,109.93,10
O006968,P0029,1,612.77,0
O006969,P0004,1,203.73,0
O006970,P0144,3,10.61,0
O006971,P0045,3,36.65,0
O006971,P0021,3,103.85,0
O006971,P0043,3,15.93,0
O006972,P0020,3,48.67,10
O006972,P0123,2,13.17,10
O006972,P0102,3,6.1,10
O006973,P0069,1,25.15,0
O006974,P0085,1,72.91,0
O006975,P0019,1,225.54,0
O006976,P0112,2,121.72,0
O006976,P0079,3,21.76,0
O006977,P0020,1,48.67,0
O006977,P0066,1,29.64,0
O006977,P0133,1,68.25,0
O006978,P0109,2,191.49,0
O006979,P0036,3,80.43,0
O006979,P0028,3,456.12,0
O006979,P0019,1,225.54,0
O006979,P0005,1,105.05,0
O006980,P0115,1,65.77,0
O006981,P0002,1,428.99,0
O006982,P0043,3,15.93,0
O006983,P0103,3,43.56,0
O006983,P0032,3,28.68,0
O006984,P0073,1,99.68,0
O006985,P0041,1,240.17,0
O006986,P0038,2,11.96,0
O006986,P0079,2,21.76,0
O006987,P0072,3,22.81,0
O006987,P0145,1,10.1,0
O006988,P0040,1,12.05,0
O006989,P0149,2,21.0,0
O006989,P0150,1,28.39,0
O006990,P0011,1,746.1,0
O006991,P0089,1,75.8,0
O006991,P0142,3,46.23,0
O006991,P0150,1,28.39,0
O006991,P0009,1,879.03,0
O006992,P0138,1,119.25,0
O006993,P0106,1,93.16,0
O006994,P0061,1,30.11,0
O006995,P0137,3,9.05,0
O006996,P0061,3,30.11,0
O006997,P0024,2,70.63,0
O006998,P0019,-1,225.54,0
O006999,P0117,1,37.62,0
O007000,P0028,2,456.12,10
O007000,P0014,1,280.69,10
O007001,P0048,1,80.09,0
O007002,P0078,1,46.55,0
O007003,P0042,1,94.19,0
O007003,P0103,3,43.56,0
O007003,P0061,3,30.11,0
O007003,P0095,1,45.19,0
O007004,P0117,1,37.62,0
O007005,P0109,2,191.49,0
O007005,P0063,1,95.57,0
O007006,P0065,2,128.91,10
O007006,P0072,1,22.81,10
O007007,P0116,1,64.62,0
O007008,P0096,1,62.39,0
O007008,P0036,1,80.43,0
O007008,P0019,1,225.54,0
O007009,P0123,1,13.17,0
O007009,P0029,2,612.77,0
O007009,P0052,2,96.7,0
O007009,P0052,3,96.7,0
O007010,P0047,1,22.6,0
O007011,P0061,1,30.11,0
O007011,P0017,1,45.26,0
O007011,P0043,3,15.93,0
O007011,P0119,3,111.41,0
O007012,P0010,3,261.54,0
O007013,P0037,1,46.51,0
O007014,P0008,1,47.86,0
O007014,P0018,2,103.25,0
O007015,P0014,2,280.69,0
O007015,P0020,2,48.67,0
O007015,P0035,1,228.97,0
O007016,P0048,1,80.09,0
O007017,P0069,1,25.15,0
O007017,P0095,1,45.19,0
O007018,P0041,1,240.17,0
O007019,P0107,2,42.73,0
O007019,P0005,1,105.05,0
O007019,P0095,1,45.19,0
O007019,P0039,3,35.85,0
O007020,P0114,1,30.32,0
O007020,P0064,3,101.18,0
O007021,P0033,1,58.2,20
O007021,P0013,1,237.97,20
O007021,P0067,1,20.79,20
O007021,P0047,1,22.6,20
O007022,P0095,1,45.19,0
O007023,P0116,1,64.62,15
O007024,P0080,1,52.81,0
O007025,P0058,2,96.6,0
O007026,P0057,1,62.31,0
O007027,P0062,2,109.93,0
O007027,P0074,3,26.63,0
O007027,P0032,1,28.68,0
O007028,P0124,3,16.63,0
O007029,P0125,1,231.1,0
O007030,P0076,1,53.1,0
O007030,P0064,3,101.18,0
O007031,P0077,1,86.48,0
O007031,P0144,3,10.61,0
O007031,P0104,1,56.02,0
O007031,P0067,2,20.79,0
O007032,P0015,1,54.36,0
O007032,P0106,1,93.16,0
O007033,P0008,1,47.86,5
O007033,P0025,3,63.7,5
O007033,P0055,1,21.55,5
O007034,P0097,1,39.47,0
O007035,P0042,3,94.19,0
O007035,P0081,1,38.74,0
O007036,P0059,1,46.72,10
O007036,P0067,1,20.79,10
O007036,P0107,1,42.73,10
O007036,P0006,1,317.9,10
O007037,P0045,2,36.65,10
O007037,P0078,3,46.55,10
O007038,P0007,1,566.07,0
O007038,P0013,1,237.97,0
O007038,P0028,1,456.12,0
O007038,P0029,1,612.77,0
O007039,P0001,1,59.15,0
O007039,P0013,1,237.97,0
O007039,P0095,2,45.19,0
O007040,P0014,1,280.69,0
O007040,P0037,1,46.51,0
O007041,P0123,1,13.17,0
O007041,P0003,1,70.0,0
O007042,P0111,1,68.84,0
O007043,P0141,3,32.3,0
O007043,P0108,2,153.58,0
O007043,P0150,1,28.39,0
O007043,P0056,2,54.99,0
O007044,P0094,1,42.24,0
O007045,P0118,3,60.49,0
O007045,P0098,3,5.21,0
O007045,P0025,3,63.7,0
O007045,P0028,1,456.12,0
O007046,P0033,1,58.2,0
O007046,P0023,1,234.72,0
O007046,P0082,3,69.13,0
O007046,P0031,1,100.42,0
O007047,P0061,1,30.11,0
O007047,P0101,2,12.63,0
O007047,P0018,1,103.25,0
O007048,P0116,2,64.62,0
O007048,P0044,1,96.71,0
O007049,P0105,1,192.4,0
O007049,P0064,2,101.18,0
O007049,P0130,1,22.25,0
O007049,P0043,1,15.93,0
O007050,P0062,1,109.93,0
O007050,P0137,1,9.05,0
O007051,P0064,1,101.18,10
O007051,P0037,2,46.51,10
O007052,P0067,3,20.79,0
O007053,P0039,3,35.85,0
O007053,P0024,1,70.63,0
O007054,P0040,1,12.05,0
O007055,P0061,2,30.11,0
O007055,P0029,2,612.77,0
O007056,P0031,1,100.42,0
O007056,P0040,1,12.05,0
O007057,P0142,1,46.23,0
O007058,P0138,1,119.25,0
O007058,P0006,1,317.9,0
O007058,P0059,1,46.72,0
O007058,P0032,2,28.68,0
O007059,P0144,3,10.61,0
O007059,P0008,1,47.86,0
O007060,P0067,1,20.79,0
O007061,P0022,2,535.5,0
O007061,P0002,3,428.99,0
O007062,P0020,3,48.67,0
O007063,P0019,1,225.54,0
O007064,P0003,1,70.0,0
O007064,P0020,1,48.67,0
O007065,P0145,2,10.1,0
O007065,P0035,1,228.97,0
O007065,P0104,1,56.02,0
O007065,P0037,2,46.51,0
O007066,P0147,1,8.3,15
O007067,P0033,1,58.2,40
O007067,P0002,1,428.99,40
O007068,P0077,1,86.48,0
O007069,P0070,2,144.85,0
O007070,P0055,1,21.55,0
O007071,P0071,1,88.96,0
O007071,P0087,1,72.97,0
O007071,P0024,1,70.63,0
O007071,P0114,1,30.32,0
O007072,P0054,1,22.5,0
O007072,P0059,1,46.72,0
O007072,P0048,1,80.09,0
O007073,P0109,1,191.49,0
O007073,P0053,3,79.81,0
O007074,P0109,3,191.49,0
O007074,P0084,1,13.25,0
O007075,P0001,3,59.15,0
O007076,P0014,3,280.69,0
O007077,P0108,1,153.58,0
O007077,P0052,1,96.7,0
O007077,P0028,1,456.12,0
O007077,P0039,1,35.85,0
O007078,P0108,1,153.58,0
O007079,P0133,3,68.25,0
O007079,P0074,1,26.63,0
O007079,P0048,3,80.09,0
O007079,P0044,3,96.71,0
O007080,P0139,1,117.86,0
O007080,P0068,3,23.84,0
O007081,P0045,1,36.65,10
O007082,P0044,3,96.71,0
O007082,P0043,3,15.93,0
O007082,P0104,2,56.02,0
O007083,P0132,1,9.56,0
O007083,P0049,1,192.27,0
O007084,P0098,3,5.21,0
O007084,P0100,1,14.85,0
O007084,P0080,1,52.81,0
O007085,P0041,2,240.17,0
O007085,P0002,2,428.99,0
O007086,P0124,1,16.63,5
O007086,P0094,2,0.0,5
O007087,P0048,1,80.09,0
O007088,P0004,3,203.73,0
O007088,P0127,1,69.7,0
O007088,P0018,1,103.25,0
O007088,P0086,1,7.88,0
O007089,P0024,2,70.63,0
O007090,P0139,1,117.86,0
O007091,P0018,1,103.25,0
O007091,P0045,1,36.65,0
O007092,P0009,2,879.03,0
O007093,P0044,2,96.71,0
O007094,P0145,1,10.1,0
O007094,P0106,1,93.16,0
O007095,P0047,3,22.6,0
O007096,P0071,2,88.96,0
O007096,P0064,3,101.18,0
O007096,P0077,2,86.48,0
O007096,P0121,1,35.48,0
O007097,P0051,2,37.8,0
O007097,P0006,1,317.9,0
O007098,P0023,1,234.72,0
O007098,P0037,1,46.51,0
O007099,P0044,1,96.71,0
O007100,P0091,2,55.44,0
O007101,P0106,2,93.16,0
O007101,P0008,1,47.86,0
O007101,P0019,1,225.54,0
O007102,P0061,0,30.11,0
O007102,P0032,3,28.68,0
O007102,P0147,1,8.3,0
O007103,P0083,1,45.29,0
O007103,P0137,1,9.05,0
O007103,P0003,1,70.0,0
O007104,P0010,1,261.54,0
O007104,P0005,1,105.05,0
O007105,P0018,1,103.25,0
O007106,P0099,3,42.13,0
O007106,P0053,1,79.81,0
O007106,P0056,1,54.99,0
O007107,P0023,3,234.72,10
O007107,P0023,3,234.72,10
O007107,P0100,2,14.85,10
O007107,P0116,1,64.62,10
O007108,P0008,2,47.86,0
O007109,P0048,1,80.09,0
O007109,P0118,1,60.49,0
O007109,P0039,1,35.85,0
O007110,P0081,2,38.74,0
O007110,P0113,3,52.25,0
O007110,P0066,2,29.64,0
O007110,P0043,3,15.93,0
O007111,P0082,2,69.13,10
O007112,P0069,1,25.15,0
O007112,P0099,1,42.13,0
O007113,P0039,2,35.85,0
O007113,P0103,1,43.56,0
O007114,P0091,1,55.44,0
O007114,P0052,1,96.7,0
O007114,P0069,1,25.15,0
O007115,P0032,1,28.68,0
O007116,P0057,3,62.31,0
O007116,P0006,1,317.9,0
O007117,P0089,3,75.8,0
O007118,P0055,2,21.55,0
O007118,P0082,1,69.13,0
O007118,P0068,2,23.84,0
O007118,P0003,2,70.0,0
O007119,P0035,1,228.97,0
O007119,P0071,1,88.96,0
O007119,P0020,1,48.67,0
O007119,P0015,1,54.36,0
O007120,P0004,2,203.73,0
O007120,P0118,2,60.49,0
O007120,P0030,1,111.36,0
O007120,P0072,1,22.81,0
O007121,P0110,3,231.1,0
O007121,P0113,2,52.25,0
O007122,P0104,1,56.02,0
O007123,P0022,2,535.5,0
O007123,P0007,1,566.07,0
O007124,P0058,1,96.6,10
O007124,P0114,3,30.32,10
O007125,P0069,2,25.15,0
O007125,P0116,2,64.62,0
O007126,P0017,1,45.26,0
O007126,P0029,1,612.77,0
O007127,P0119,2,111.41,0
O007127,P0015,1,54.36,0
O007127,P0005,2,105.05,0
O007128,P0082,2,69.13,0
O007128,P0073,2,99.68,0
O007129,P0016,2,490.88,0
O007130,P0103,1,43.56,0
O007131,P0054,1,22.5,0
O007131,P0035,2,228.97,0
O007131,P0113,2,52.25,0
O007131,P0017,1,45.26,0
O007132,P0095,1,45.19,0
O007133,P0139,1,117.86,0
O007133,P0004,2,203.73,0
O007133,P0144,1,10.61,0
O007134,P0051,1,37.8,0
O007134,P0097,3,39.47,0
O007134,P0097,2,39.47,0
O007135,P0049,2,192.27,0
O007135,P0087,3,72.97,0
O007136,P0042,3,94.19,0
O007137,P0032,1,28.68,0
O007138,P0056,1,54.99,0
O007139,P0028,1,456.12,15
O007139,P0070,3,144.85,15
O007139,P0010,1,261.54,15
O007139,P0066,3,29.64,15
O007140,P0126,2,119.65,0
O007140,P0130,1,22.25,0
O007141,P0046,2,93.34,20
O007141,P0081,1,38.74,20
O007141,P0092,1,9.46,20
O007142,P0143,1,10.62,0
O007142,P0033,1,58.2,0
O007143,P0051,2,37.8,0
O007143,P0083,1,45.29,0
O007144,P0073,3,99.68,0
O007144,P0001,1,59.15,0
O007144,P0071,2,88.96,0
O007145,P0073,1,99.68,0
O007146,P0132,1,9.56,0
O007147,P0065,1,128.91,0
O007148,P0091,1,55.44,0
O007149,P0057,1,62.31,0
O007150,P0001,3,59.15,0
O007151,P0052,3,96.7,0
O007152,P0040,1,12.05,0
O007153,P0073,1,99.68,0
O007154,P0129,1,10.47,0
O007154,P0075,3,50.52,0
O007155,P0074,1,26.63,0
O007156,P0065,1,128.91,0
O007157,P0086,1,7.88,0
O007157,P0079,1,21.76,0
O007157,P0062,1,109.93,0
O007157,P0146,1,36.39,0
O007158,P0011,1,746.1,0
O007158,P0046,1,93.34,0
O007158,P0048,3,80.09,0
O007158,P0072,2,22.81,0
O007159,P0047,3,22.6,0
O007160,P0045,1,36.65,10
O007160,P0052,1,96.7,10
O007160,P0096,2,62.39,10
O007160,P0065,1,128.91,10
O007161,P0035,1,228.97,0
O007161,P0149,1,21.0,0
O007162,P0050,3,23.7,0
O007162,P0052,1,96.7,0
O007162,P0031,1,100.42,0
O007162,P0118,1,60.49,0
O007163,P0008,2,47.86,0
O007164,P0136,1,64.01,10
O007165,P0101,1,12.63,0
O007166,P0116,3,64.62,0
O007167,P0016,2,490.88,0
O007168,P0052,1,96.7,0
O007168,P0075,1,50.52,0
O007169,P0015,3,54.36,0
O007170,P0068,1,23.84,0
O007171,P0006,2,317.9,0
O007171,P0071,1,88.96,0
O007172,P0104,1,56.02,0
O007172,P0118,1,60.49,0
O007172,P0068,2,23.84,0
O007172,P0008,1,47.86,0
O007173,P0141,3,32.3,0
O007173,P0095,3,0.0,0
O007173,P0134,3,14.57,0
O007174,P0140,3,95.27,0
O007175,P0049,1,192.27,0
O007175,P0143,1,10.62,0
O007175,P0081,3,38.74,0
O007176,P0035,1,228.97,0
O007176,P0037,1,46.51,0
O007177,P0044,1,96.71,0
O007178,P0062,1,109.93,0
O007178,P0145,1,10.1,0
O007179,P0132,1,9.56,0
O007180,P0132,1,9.56,0
O007181,P0047,1,22.6,0
O007182,P0136,1,64.01,0
O007183,P0045,3,36.65,0
O007183,P0131,1,10.19,0
O007184,P0128,1,40.97,0
O007185,P0047,1,22.6,0
O007186,P0149,2,21.0,0
O007186,P0081,3,38.74,0
O007186,P0148,2,74.21,0
O007186,P0143,1,10.62,0
O007187,P0121,1,35.48,0
O007187,P0128,3,40.97,0
O007187,P0144,3,10.61,0
O007188,P0042,3,94.19,5
O007189,P0096,1,62.39,0
O007189,P0147,1,8.3,0
O007189,P0074,3,26.63,0
O007190,P0148,1,74.21,0
O007191,P0141,1,32.3,0
O007191,P0043,1,15.93,0
O007191,P0137,2,9.05,0
O007191,P0031,3,100.42,0
O007192,P0013,2,237.97,5
O007192,P0054,2,22.5,5
O007193,P0117,2,37.62,10
O007193,P0115,1,65.77,10
O007193,P0149,1,21.0,10
O007194,P0093,3,36.5,0
O007194,P0049,3,192.27,0
O007195,P0093,2,36.5,0
O007196,P0065,1,128.91,0
O007196,P0003,1,70.0,0
O007197,P0082,1,69.13,0
O007197,P0134,1,14.57,0
O007198,P0092,3,9.46,0
O007198,P0066,1,29.64,0
O007198,P0135,1,61.66,0
O007199,P0060,1,131.68,0
O007199,P0137,3,9.05,0
O007199,P0129,3,10.47,0
O007200,P0099,3,42.13,0
O007201,P0086,1,7.88,40
O007202,P0041,3,240.17,0
O007203,P0119,2,111.41,0
O007203,P0112,3,121.72,0
O007204,P0081,1,38.74,0
O007204,P0005,1,105.05,0
O007205,P0092,1,9.46,0
O007205,P0037,2,46.51,0
O007206,P0042,1,94.19,40
O007207,P0083,3,45.29,0
O007207,P0050,1,23.7,0
O007208,P0102,1,6.1,0
O007209,P0124,1,16.63,10
O007210,P0100,1,14.85,0
O007210,P0103,3,43.56,0
O007210,P0096,1,62.39,0
O007211,P0066,3,29.64,0
O007212,P0022,1,535.5,0
O007212,P0049,1,192.27,0
O007212,P0120,2,233.46,0
O007212,P0061,2,30.11,0
O007213,P0004,2,203.73,0
O007214,P0003,1,70.0,0
O007214,P0109,1,191.49,0
O007214,P0069,1,25.15,0
O007215,P0028,1,456.12,0
O007215,P0124,1,16.63,0
O007216,P0101,2,12.63,10
O007216,P0012,1,202.16,10
O007216,P0011,2,746.1,10
O007216,P0099,3,42.13,10
O007217,P0110,1,231.1,0
O007217,P0109,1,191.49,0
O007217,P0001,1,59.15,0
O007218,P0028,1,456.12,0
O007219,P0084,1,13.25,0
O007219,P0044,3,96.71,0
O007219,P0077,1,86.48,0
O007220,P0053,1,79.81,0
O007220,P0045,3,36.65,0
O007220,P0040,1,12.05,0
O007220,P0084,1,13.25,0
O007221,P0141,3,32.3,0
O007221,P0125,1,231.1,0
O007222,P0019,2,225.54,0
O007222,P0053,2,79.81,0
O007223,P0014,2,280.69,0
O007223,P0024,2,70.63,0
O007223,P0148,2,74.21,0
O007224,P0038,1,11.96,0
O007225,P0029,2,612.77,0
O007225,P0066,2,29.64,0
O007226,P0034,1,12.47,40
O007227,P0118,0,60.49,0
O007227,P0053,1,79.81,0
O007228,P0034,3,12.47,20
O007229,P0059,1,46.72,0
O007229,P0112,1,121.72,0
O007229,P0071,3,88.96,0
O007230,P0127,1,69.7,0
O007231,P0029,1,612.77,0
O007231,P0139,2,117.86,0
O007232,P0115,1,65.77,0
O007232,P0015,2,54.36,0
O007233,P0067,1,20.79,5
O007233,P0020,1,48.67,5
O007233,P0020,2,48.67,5
O007233,P0110,3,231.1,5
O007234,P0018,3,103.25,0
O007235,P0091,1,55.44,0
O007236,P0062,1,109.93,0
O007236,P0064,1,101.18,0
O007236,P0063,1,95.57,0
O007237,P0042,1,94.19,0
O007238,P0101,1,12.63,0
O007238,P0078,1,46.55,0
O007239,P0001,1,59.15,0
O007239,P0078,1,46.55,0
O007240,P0075,2,50.52,0
O007240,P0055,3,21.55,0
O007240,P0001,2,59.15,0
O007241,P0122,1,44.07,0
O007242,P0018,1,103.25,0
O007243,P0045,1,36.65,0
O007244,P0148,1,74.21,0
O007244,P0024,1,70.63,0
O007244,P0081,3,38.74,0
O007245,P0049,1,192.27,0
O007246,P0043,1,15.93,10
O007247,P0011,1,746.1,0
O007247,P0003,2,70.0,0
O007247,P0103,2,43.56,0
O007247,P0090,1,74.94,0
O007248,P0005,1,105.05,0
O007248,P0098,2,5.21,0
O007249,P0130,1,22.25,0
O007250,P0050,1,23.7,10
O007250,P0002,3,428.99,10
O007250,P0114,2,30.32,10
O007251,P0137,1,9.05,0
O007251,P0007,1,566.07,0
O007251,P0038,1,11.96,0
O007252,P0005,1,105.05,0
O007252,P0123,2,13.17,0
O007253,P0044,1,96.71,0
O007254,P0013,1,237.97,0
O007254,P0071,1,88.96,0
O007254,P0135,1,61.66,0
O007254,P0090,3,74.94,0
O007255,P0051,1,37.8,0
O007255,P0028,1,456.12,0
O007255,P0029,3,612.77,0
O007255,P0075,3,50.52,0
O007256,P0072,1,22.81,0
O007257,P0049,1,192.27,0
O007257,P0020,3,48.67,0
O007258,P0143,2,10.62,0
O007259,P0007,3,566.07,0
O007260,P0045,1,36.65,0
O007260,P0027,1,261.66,0
O007260,P0058,3,96.6,0
O007261,P0077,1,86.48,0
O007262,P0010,1,261.54,0
O007263,P0010,1,261.54,0
O007264,P0006,1,317.9,0
O007264,P0002,1,428.99,0
O007265,P0005,1,105.05,0
O007265,P0139,2,117.86,0
O007265,P0012,1,202.16,0
O007265,P0071,1,88.96,0
O007266,P0148,3,74.21,0
O007266,P0011,1,746.1,0
O007266,P0048,2,80.09,0
O007266,P0085,1,72.91,0
O007267,P0004,3,203.73,0
O007268,P0089,1,75.8,0
O007269,P0096,1,62.39,0
O007269,P0042,2,94.19,0
O007270,P0052,1,96.7,0
O007270,P0113,1,52.25,0
O007270,P0125,1,231.1,0
O007270,P0016,2,490.88,0
O007271,P0019,3,225.54,0
O007271,P0133,2,68.25,0
O007272,P0063,3,95.57,0
O007273,P0034,2,12.47,0
O007274,P0043,2,15.93,0
O007275,P0024,1,70.63,0
O007276,P0008,1,47.86,0
O007277,P0139,1,117.86,0
O007277,P0059,1,46.72,0
O007277,P0024,3,70.63,0
O007277,P0012,1,202.16,0
O007278,P0017,2,45.26,0
O007279,P0126,2,119.65,10
O007279,P0012,1,202.16,10
O007280,P0096,1,62.39,0
O007280,P0002,1,428.99,0
O007280,P0063,1,95.57,0
O007281,P0007,1,566.07,0
O007281,P0142,1,46.23,0
O007281,P0049,1,192.27,0
O007282,P0055,1,21.55,0
O007282,P0145,1,10.1,0
O007283,P0075,3,50.52,0
O007283,P0050,1,23.7,0
O007283,P0012,1,202.16,0
O007284,P0066,1,29.64,0
O007284,P0056,1,54.99,0
O007284,P0077,1,86.48,0
O007285,P0106,1,93.16,0
O007285,P0071,1,88.96,0
O007285,P0129,1,10.47,0
O007286,P0074,1,26.63,0
O007286,P0103,1,43.56,0
O007287,P0060,1,131.68,0
O007288,P0075,1,50.52,0
O007288,P0008,1,47.86,0
O007288,P0030,1,111.36,0
O007289,P0084,1,13.25,0
O007289,P0018,1,103.25,0
O007290,P0003,3,70.0,20
O007291,P0063,1,95.57,0
O007292,P0029,2,612.77,0
O007292,P0052,1,96.7,0
O007292,P0071,1,88.96,0
O007293,P0024,2,70.63,0
O007293,P0107,1,42.73,0
O007294,P0062,1,109.93,0
O007294,P0006,1,317.9,0
O007295,P0024,1,70.63,0
O007296,P0073,3,99.68,0
O007296,P0147,2,8.3,0
O007297,P0041,1,240.17,15
O007298,P0131,3,10.19,0
O007298,P0101,3,12.63,0
O007298,P0134,1,14.57,0
O007299,P0143,3,10.62,0
O007300,P0074,2,26.63,0
O007300,P0052,3,96.7,0
O007300,P0048,2,80.09,0
O007300,P0064,1,101.18,0
O007301,P0079,2,21.76,0
O007301,P0116,3,64.62,0
O007301,P0130,1,22.25,0
O007302,P0080,1,52.81,0
O007303,P0041,1,240.17,0
O007303,P0017,1,45.26,0
O007303,P0037,1,46.51,0
O007303,P0048,2,80.09,0
O007304,P0097,1,39.47,10
O007304,P0119,1,111.41,10
O007305,P0101,1,12.63,0
O007306,P0092,3,9.46,0
O007307,P0129,1,10.47,0
O007307,P0046,1,93.34,0
O007308,P0025,2,63.7,0
O007309,P0143,2,10.62,0
O007309,P0068,1,23.84,0
O007309,P0053,3,79.81,0
O007309,P0042,1,94.19,0
O007310,P0051,2,37.8,0
O007310,P0075,1,50.52,0
O007310,P0062,3,109.93,0
O007311,P0119,3,111.41,0
O007311,P0103,1,43.56,0
O007311,P0031,2,100.42,0
O007312,P0089,1,75.8,0
O007313,P0037,3,46.51,0
O007313,P0073,1,99.68,0
O007313,P0011,1,746.1,0
O007313,P0036,3,80.43,0
O007314,P0036,1,80.43,0
O007315,P0034,1,12.47,0
O007315,P0050,2,23.7,0
O007316,P0040,1,12.05,0
O007316,P0041,1,240.17,0
O007316,P0093,1,36.5,0
O007317,P0015,1,54.36,0
O007318,P0007,1,566.07,15
O007318,P0069,3,25.15,15
O007318,P0027,3,261.66,15
O007319,P0110,1,231.1,10
O007319,P0075,1,50.52,10
O007319,P0001,1,59.15,10
O007320,P0001,1,59.15,0
O007321,P0125,2,231.1,0
O007322,P0021,1,103.85,0
O007323,P0048,1,80.09,0
O007324,P0116,1,64.62,0
O007325,P0039,1,35.85,0
O007326,P0003,1,70.0,0
O007327,P0001,1,59.15,0
O007327,P0071,1,88.96,0
O007328,P0104,3,56.02,0
O007328,P0071,1,88.96,0
O007329,P0006,3,317.9,0
O007330,P0100,3,14.85,0
O007331,P0084,1,13.25,0
O007331,P0087,1,72.97,0
O007331,P0055,1,21.55,0
O007331,P0074,1,26.63,0
O007332,P0068,1,23.84,0
O007332,P0009,3,879.03,0
O007332,P0023,1,234.72,0
O007333,P0069,1,25.15,0
O007334,P0021,1,103.85,0
O007335,P0013,3,237.97,0
O007335,P0124,3,16.63,0
O007336,P0028,1,456.12,0
O007337,P0068,1,23.84,0
O007337,P0078,3,46.55,0
O007338,P0104,1,56.02,0
O007338,P0036,1,80.43,0
O007338,P0013,1,237.97,0
O007339,P0095,1,45.19,10
O007340,P0143,3,10.62,0
O007341,P0065,1,128.91,0
O007341,P0091,1,55.44,0
O007341,P0052,3,0.0,0
O007341,P0026,3,143.66,0
O007342,P0142,3,46.23,0
O007342,P0121,2,35.48,0
O007342,P0128,2,40.97,0
O007342,P0048,1,80.09,0
O007343,P0058,1,96.6,0
O007344,P0123,2,13.17,0
O007345,P0139,1,117.86,0
O007345,P0143,1,10.62,0
O007346,P0141,1,32.3,0
O007347,P0113,1,52.25,0
O007347,P0127,2,69.7,0
O007348,P0046,2,93.34,10
O007349,P0114,3,30.32,0
O007349,P0099,1,42.13,0
O007350,P0074,1,26.63,0
O007351,P0067,3,20.79,0
O007352,P0115,2,65.77,0
O007353,P0014,3,280.69,0
O007354,P0021,3,103.85,0
O007355,P0143,1,10.62,40
O007355,P0123,3,13.17,40
O007355,P0016,1,490.88,40
O007356,P0037,3,46.51,40
O007356,P0023,1,234.72,40
O007357,P0125,2,231.1,0
O007358,P0149,1,21.0,0
O007358,P0032,2,28.68,0
O007358,P0115,2,65.77,0
O007358,P0031,1,100.42,0
O007359,P0075,1,50.52,0
O007359,P0113,3,52.25,0
O007360,P0010,3,261.54,0
O007361,P0109,2,191.49,0
O007362,P0129,1,10.47,0
O007362,P0147,2,8.3,0
O007362,P0080,2,52.81,0
O007362,P0103,3,43.56,0
O007363,P0131,2,10.19,0
O007363,P0123,1,13.17,0
O007364,P0077,1,86.48,0
O007364,P0138,1,119.25,0
O007365,P0072,1,22.81,0
O007365,P0087,1,72.97,0
O007365,P0068,2,23.84,0
O007365,P0001,1,59.15,0
O007366,P0005,1,105.05,0
O007367,P0039,1,35.85,0
O007367,P0054,3,22.5,0
O007367,P0050,0,23.7,0
O007368,P0109,3,191.49,0
O007369,P0029,3,612.77,0
O007370,P0033,1,58.2,0
O007370,P0137,3,9.05,0
O007370,P0063,1,95.57,0
O007371,P0017,2,45.26,0
O007371,P0008,3,47.86,0
O007371,P0004,3,203.73,0
O007371,P0023,3,234.72,0
O007372,P0057,1,62.31,10
O007372,P0018,3,103.25,10
O007373,P0105,1,192.4,0
O007374,P0123,1,13.17,0
O007374,P0061,1,30.11,0
O007375,P0041,1,240.17,0
O007376,P0137,1,9.05,40
O007376,P0029,2,612.77,40
O007376,P0009,2,879.03,40
O007376,P0077,2,86.48,40
O007377,P0024,1,70.63,0
O007377,P0052,1,96.7,0
O007378,P0040,2,12.05,0
O007378,P0073,3,99.68,0
O007379,P0056,1,54.99,0
O007380,P0040,2,12.05,0
O007380,P0051,3,37.8,0
O007380,P0068,1,23.84,0
O007381,P0036,1,80.43,0
O007382,P0041,2,240.17,40
O007382,P0088,3,12.2,40
O007383,P0095,3,45.19,10
O007383,P0053,1,79.81,10
O007384,P0016,1,490.88,0
O007385,P0128,3,40.97,0
O007385,P0122,1,44.07,0
O007385,P0098,2,5.21,0
O007386,P0022,3,535.5,0
O007387,P0073,2,99.68,0
O007387,P0013,1,237.97,0
O007387,P0056,1,54.99,0
O007387,P0053,3,79.81,0
O007388,P0013,1,237.97,0
O007388,P0087,3,72.97,0
O007389,P0024,3,70.63,0
O007390,P0058,2,96.6,20
O007390,P0030,2,111.36,20
O007390,P0027,1,261.66,20
O007391,P0017,2,45.26,0
O007392,P0074,1,26.63,0
O007392,P0122,1,44.07,0
O007392,P0075,1,50.52,0
O007393,P0041,3,240.17,10
O007393,P0033,1,58.2,10
O007394,P0047,2,22.6,0
O007394,P0062,1,109.93,0
O007394,P0074,3,26.63,0
O007394,P0007,3,566.07,0
O007395,P0020,1,48.67,20
O007395,P0042,1,94.19,20
O007395,P0062,3,109.93,20
O007395,P0060,1,131.68,20
O007396,P0115,2,65.77,0
O007396,P0032,2,28.68,0
O007397,P0035,1,228.97,0
O007397,P0026,1,143.66,0
O007398,P0010,1,261.54,0
O007398,P0090,1,74.94,0
O007399,P0041,1,240.17,0
O007399,P0071,1,88.96,0
O007400,P0051,1,37.8,20
O007400,P0062,3,109.93,20
O007401,P0129,2,10.47,0
O007401,P0138,1,119.25,0
O007401,P0013,1,237.97,0
O007402,P0003,1,70.0,0
O007403,P0020,3,48.67,0
O007404,P0107,1,42.73,0
O007405,P0032,1,28.68,0
O007406,P0119,2,111.41,0
O007407,P0053,1,79.81,0
O007407,P0087,3,72.97,0
O007408,P0094,1,42.24,0
O007408,P0047,1,22.6,0
O007408,P0108,2,153.58,0
O007408,P0005,2,105.05,0
O007409,P0095,1,45.19,0
O007410,P0001,1,59.15,0
O007410,P0017,1,45.26,0
O007410,P0065,1,128.91,0
O007410,P0130,1,22.25,0
O007411,P0102,3,6.1,0
O007412,P0139,2,117.86,0
O007412,P0040,1,12.05,0
O007413,P0086,3,7.88,0
O007414,P0028,1,456.12,0
O007415,P0059,3,46.72,0
O007415,P0009,1,879.03,0
O007416,P0032,2,28.68,0
O007416,P0072,1,22.81,0
O007416,P0028,1,456.12,0
O007416,P0007,1,566.07,0
O007417,P0075,1,50.52,10
O007418,P0039,3,35.85,0
O007418,P0081,1,38.74,0
O007419,P0067,1,20.79,0
O007419,P0129,1,10.47,0
O007420,P0010,1,261.54,10
O007420,P0025,3,63.7,10
O007420,P0034,3,12.47,10
O007421,P0101,1,12.63,0
O007422,P0118,1,60.49,0
O007422,P0022,3,535.5,0
O007423,P0082,2,69.13,0
O007424,P0005,1,105.05,0
O007425,P0056,2,54.99,0
O007425,P0022,2,535.5,0
O007425,P0024,3,70.63,0
O007425,P0082,2,69.13,0
O007426,P0107,3,42.73,0
O007427,P0022,3,535.5,0
O007428,P0018,1,103.25,0
O007429,P0064,2,101.18,10
O007429,P0001,1,59.15,10
O007429,P0076,1,53.1,10
O007429,P0012,1,202.16,10
O007430,P0134,2,14.57,0
O007431,P0082,1,69.13,20
O007432,P0095,1,45.19,0
O007432,P0041,1,240.17,0
O007433,P0122,3,44.07,0
O007434,P0047,3,22.6,0
O007434,P0026,1,143.66,0
O007435,P0068,1,23.84,0
O007435,P0005,2,105.05,0
O007435,P0017,2,45.26,0
O007436,P0041,3,240.17,0
O007436,P0041,1,240.17,0
O007436,P0052,1,96.7,0
O007436,P0088,3,12.2,0
O007437,P0079,1,21.76,0
O007438,P0105,2,192.4,0
O007438,P0130,2,22.25,0
O007439,P0134,1,14.57,10
O007440,P0004,1,203.73,0
O007441,P0013,2,237.97,0
O007441,P0058,1,96.6,0
O007442,P0035,1,228.97,10
O007442,P0045,2,36.65,10
O007443,P0042,1,94.19,10
O007443,P0125,3,231.1,10
O007444,P0061,1,30.11,0
O007444,P0001,1,59.15,0
O007445,P0019,1,225.54,0
O007445,P0056,1,54.99,0
O007446,P0007,1,566.07,0
O007447,P0009,1,879.03,0
O007448,P0076,1,53.1,0
O007448,P0078,1,46.55,0
O007448,P0047,1,22.6,0
O007448,P0009,1,879.03,0
O007449,P0074,2,26.63,0
O007450,P0066,1,29.64,10
O007450,P0075,3,50.52,10
O007450,P0019,3,225.54,10
O007450,P0034,3,12.47,10
O007451,P0035,2,228.97,10
O007451,P0017,1,45.26,10
O007451,P0023,1,234.72,10
O007452,P0150,1,28.39,0
O007452,P0039,1,35.85,0
O007452,P0057,1,62.31,0
O007453,P0057,2,62.31,0
O007453,P0005,1,105.05,0
O007453,P0075,1,50.52,0
O007454,P0015,2,54.36,0
O007454,P0077,1,86.48,0
O007454,P0087,1,72.97,0
O007454,P0062,1,109.93,0
O007455,P0092,1,9.46,0
O007455,P0013,1,237.97,0
O007456,P0068,3,23.84,0
O007456,P0137,1,9.05,0
O007457,P0128,1,40.97,0
O007457,P0053,1,79.81,0
O007457,P0017,2,45.26,0
O007457,P0014,1,280.69,0
O007458,P0145,2,10.1,0
O007459,P0140,1,95.27,10
O007459,P0053,2,79.81,10
O007460,P0101,1,12.63,0
O007461,P0131,3,10.19,0
O007462,P0043,-1,15.93,0
O007463,P0011,2,746.1,0
O007464,P0063,2,95.57,20
O007465,P0042,3,94.19,0
O007466,P0026,1,143.66,0
O007467,P0064,3,101.18,0
O007467,P0039,2,35.85,0
O007467,P0052,1,96.7,0
O007468,P0053,3,79.81,0
O007469,P0097,1,39.47,0
O007469,P0051,3,37.8,0
O007469,P0075,2,50.52,0
O007470,P0107,2,42.73,0
O007471,P0090,2,74.94,0
O007471,P0014,1,280.69,0
O007471,P0035,2,228.97,0
O007472,P0127,2,69.7,0
O007473,P0091,1,55.44,10
O007473,P0114,2,30.32,10
O007474,P0045,1,36.65,0
O007474,P0079,1,21.76,0
O007474,P0036,1,80.43,0
O007475,P0062,1,109.93,0
O007475,P0104,1,56.02,0
O007476,P0011,0,746.1,0
O007476,P0057,1,62.31,0
O007477,P0050,2,23.7,5
O007477,P0021,1,103.85,5
O007477,P0012,1,202.16,5
O007478,P0096,3,62.39,0
O007478,P0010,2,261.54,0
O007478,P0077,1,86.48,0
O007479,P0006,3,317.9,40
O007479,P0020,1,48.67,40
O007479,P0075,1,50.52,40
O007479,P0049,1,192.27,40
O007480,P0062,3,109.93,0
O007480,P0026,1,143.66,0
O007480,P0115,1,65.77,0
O007480,P0055,2,21.55,0
O007481,P0089,3,75.8,0
O007482,P0085,3,72.91,0
O007482,P0065,1,128.91,0
O007482,P0111,1,68.84,0
O007482,P0065,1,128.91,0
O007483,P0131,3,10.19,0
O007483,P0038,3,11.96,0
O007484,P0092,1,9.46,0
O007484,P0073,1,99.68,0
O007484,P0044,1,96.71,0
O007484,P0035,1,228.97,0
O007485,P0127,1,69.7,0
O007486,P0121,1,35.48,0
O007486,P0054,1,22.5,0
O007487,P0140,2,95.27,0
O007487,P0003,2,70.0,0
O007488,P0117,1,37.62,0
O007488,P0140,2,95.27,0
O007489,P0131,3,10.19,0
O007489,P0095,2,45.19,0
O007490,P0053,1,79.81,0
O007490,P0062,1,109.93,0
O007490,P0127,3,69.7,0
O007490,P0053,1,79.81,0
O007491,P0075,3,50.52,0
O007491,P0146,3,36.39,0
O007492,P0032,2,28.68,0
O007492,P0054,3,22.5,0
O007492,P0139,1,117.86,0
O007492,P0139,2,117.86,0
O007493,P0056,1,54.99,0
O007493,P0106,3,93.16,0
O007493,P0035,1,228.97,0
O007493,P0081,2,38.74,0
O007494,P0124,2,16.63,0
O007494,P0071,1,88.96,0
O007494,P0051,1,37.8,0
O007495,P0021,2,103.85,0
O007496,P0048,1,80.09,0
O007497,P0099,1,42.13,0
O007497,P0069,1,25.15,0
O007497,P0065,1,128.91,0
O007498,P0143,1,10.62,0
O007498,P0136,1,64.01,0
O007498,P0017,3,45.26,0
O007499,P0090,1,74.94,0
O007499,P0046,2,93.34,0
O007500,P0012,1,202.16,0
O007501,P0074,1,26.63,0
O007502,P0037,1,46.51,0
O007502,P0009,2,879.03,0
O007502,P0126,1,119.65,0
O007503,P0100,1,14.85,0
O007503,P0126,1,119.65,0
O007503,P0083,1,45.29,0
O007504,P0033,1,58.2,0
O007504,P0053,1,79.81,0
O007504,P0049,1,192.27,0
O007504,P0122,1,44.07,0
O007505,P0085,1,72.91,0
O007505,P0044,3,96.71,0
O007506,P0074,1,26.63,0
O007506,P0076,1,53.1,0
O007506,P0005,3,105.05,0
O007507,P0017,2,45.26,0
O007507,P0073,3,99.68,0
O007508,P0032,1,28.68,0
O007508,P0004,1,203.73,0
O007509,P0102,1,6.1,0
O007510,P0113,3,52.25,0
O007511,P0047,3,22.6,0
O007511,P0070,3,144.85,0
O007512,P0096,1,62.39,0
O007512,P0066,1,29.64,0
O007513,P0121,1,35.48,0
O007514,P0011,1,746.1,40
O007515,P0112,1,121.72,0
O007515,P0006,1,317.9,0
O007516,P0118,1,60.49,0
O007516,P0045,1,36.65,0
O007517,P0029,1,612.77,0
O007517,P0053,1,79.81,0
O007518,P0121,1,35.48,0
O007519,P0004,1,203.73,0
O007519,P0013,1,237.97,0
O007520,P0068,1,23.84,0
O007520,P0122,2,44.07,0
O007521,P0089,1,75.8,0
O007522,P0115,3,65.77,0
O007523,P0062,1,109.93,20
O007523,P0023,1,234.72,20
O007523,P0112,3,121.72,20
O007523,P0068,2,23.84,20
O007524,P0082,2,69.13,0
O007524,P0046,1,93.34,0
O007524,P0078,3,46.55,0
O007524,P0038,1,11.96,0
O007525,P0057,1,62.31,0
O007525,P0014,1,280.69,0
O007525,P0062,1,109.93,0
O007526,P0144,3,10.61,0
O007527,P0056,2,54.99,0
O007527,P0109,1,191.49,0
O007528,P0074,1,26.63,0
O007528,P0129,3,10.47,0
O007529,P0077,3,86.48,0
O007530,P0004,3,203.73,0
O007530,P0070,1,144.85,0
O007531,P0105,1,192.4,15
O007532,P0023,1,234.72,0
O007533,P0011,1,746.1,0
O007534,P0075,3,50.52,0
O007534,P0040,1,12.05,0
O007535,P0072,2,22.81,0
O007535,P0044,1,96.71,0
O007536,P0056,1,54.99,0
O007536,P0052,1,96.7,0
O007537,P0129,2,10.47,0
O007538,P0105,1,192.4,0
O007539,P0009,1,879.03,0
O007540,P0051,1,37.8,0
O007540,P0145,1,10.1,0
O007541,P0006,2,317.9,0
O007541,P0115,1,65.77,0
O007541,P0076,3,53.1,0
O007541,P0058,3,96.6,0
O007542,P0146,3,36.39,0
O007542,P0136,3,64.01,0
O007543,P0142,1,46.23,0
O007543,P0100,1,14.85,0
O007543,P0051,1,37.8,0
O007544,P0145,2,10.1,0
O007544,P0128,1,40.97,0
O007545,P0147,1,8.3,0
O007545,P0143,1,10.62,0
O007545,P0053,3,79.81,0
O007546,P0141,1,32.3,0
O007546,P0053,1,79.81,0
O007546,P0128,2,40.97,0
O007546,P0038,1,11.96,0
O007547,P0051,1,37.8,0
O007548,P0143,1,10.62,0
O007548,P0031,2,100.42,0
O007549,P0147,1,8.3,0
O007550,P0103,1,43.56,0
O007550,P0047,3,22.6,0
O007551,P0096,1,62.39,0
O007552,P0062,3,109.93,0
O007552,P0072,1,22.81,0
O007553,P0033,2,58.2,0
O007553,P0091,1,55.44,0
O007553,P0100,1,14.85,0
O007554,P0012,1,202.16,0
O007554,P0009,1,879.03,0
O007554,P0024,3,70.63,0
O007555,P0014,1,280.69,10
O007556,P0141,1,32.3,0
O007556,P0063,3,95.57,0
O007556,P0009,1,879.03,0
O007556,P0068,3,23.84,0
O007557,P0100,2,14.85,0
O007557,P0001,1,59.15,0
O007557,P0029,1,612.77,0
O007558,P0114,2,30.32,0
O007559,P0081,1,38.74,0
O007559,P0077,1,86.48,0
O007559,P0075,1,50.52,0
O007559,P0031,1,100.42,0
O007560,P0134,3,14.57,0
O007561,P0015,2,54.36,0
O007562,P0011,1,746.1,0
O007562,P0024,3,70.63,0
O007563,P0123,3,13.17,0
O007564,P0006,3,317.9,0
O007564,P0103,1,43.56,0
O007565,P0006,1,317.9,40
O007566,P0075,1,50.52,0
O007566,P0069,3,25.15,0
O007567,P0106,1,93.16,0
O007567,P0046,3,93.34,0
O007568,P0029,3,612.77,0
O007569,P0031,1,100.42,0
O007570,P0042,3,94.19,0
O007570,P0062,1,109.93,0
O007570,P0089,1,75.8,0
O007570,P0039,3,35.85,0
O007571,P0029,1,612.77,0
O007572,P0034,2,12.47,0
O007573,P0027,1,261.66,0
O007573,P0001,2,59.15,0
O007573,P0041,2,240.17,0
O007573,P0005,1,105.05,0
O007574,P0028,3,456.12,40
O007575,P0065,1,128.91,0
O007576,P0097,1,39.47,0
O007576,P0118,2,60.49,0
O007576,P0039,3,35.85,0
O007577,P0056,2,54.99,0
O007577,P0091,1,55.44,0
O007578,P0060,1,131.68,0
O007578,P0130,1,22.25,0
O007579,P0021,1,103.85,0
O007579,P0010,1,261.54,0
O007579,P0007,1,566.07,0
O007580,P0105,3,192.4,0
O007581,P0139,1,117.86,0
O007582,P0079,2,21.76,20
O007582,P0073,1,99.68,20
O007582,P0087,3,72.97,20
O007582,P0072,1,22.81,20
O007583,P0069,1,25.15,0
O007584,P0090,1,74.94,0
O007584,P0076,1,53.1,0
O007585,P0018,1,103.25,0
O007586,P0081,3,38.74,0
O007586,P0067,1,20.79,0
O007586,P0086,1,7.88,0
O007586,P0103,1,43.56,0
O007587,P0076,1,53.1,0
O007587,P0149,1,21.0,0
O007587,P0134,3,14.57,0
O007588,P0017,3,45.26,0
O007588,P0034,1,12.47,0
O007589,P0138,3,119.25,0
O007590,P0025,2,63.7,0
O007590,P0145,2,10.1,0
O007591,P0125,2,231.1,0
O007591,P0019,1,225.54,0
O007592,P0085,3,72.91,0
O007593,P0021,2,103.85,0
O007594,P0001,1,59.15,0
O007594,P0022,1,535.5,0
O007595,P0018,3,103.25,0
O007595,P0021,1,103.85,0
O007596,P0037,1,46.51,0
O007596,P0062,1,109.93,0
O007597,P0092,1,9.46,0
O007598,P0023,1,234.72,40
O007599,P0032,2,28.68,0
O007599,P0089,1,75.8,0
O007600,P0045,1,36.65,0
O007601,P0093,1,36.5,0
O007602,P0023,1,234.72,0
O007602,P0024,3,70.63,0
O007602,P0098,1,5.21,0
O007603,P0085,1,72.91,0
O007604,P0089,1,75.8,0
O007605,P0072,1,22.81,0
O007605,P0089,1,75.8,0
O007605,P0048,1,80.09,0
O007605,P0120,1,233.46,0
O007606,P0136,1,64.01,40
O007606,P0026,1,143.66,40
O007606,P0099,3,42.13,40
O007607,P0036,3,80.43,0
O007607,P0073,1,99.68,0
O007608,P0061,3,30.11,0
O007608,P0137,1,9.05,0
O007609,P0017,3,45.26,20
O007609,P0103,1,43.56,20
O007609,P0008,1,47.86,20
O007609,P0023,2,234.72,20
O007610,P0047,2,22.6,0
O007610,P0150,1,28.39,0
O007610,P0103,1,43.56,0
O007610,P0148,3,74.21,0
O007611,P0054,1,22.5,0
O007611,P0080,3,52.81,0
O007611,P0112,1,121.72,0
O007611,P0135,1,61.66,0
O007612,P0140,3,95.27,0
O007612,P0074,2,26.63,0
O007613,P0142,2,46.23,0
O007614,P0029,1,612.77,10
O007615,P0054,1,22.5,0
O007616,P0037,1,46.51,0
O007617,P0128,1,40.97,0
O007617,P0045,1,36.65,0
O007618,P0099,1,42.13,0
O007618,P0138,1,119.25,0
O007618,P0142,1,46.23,0
O007618,P0149,1,21.0,0
O007619,P0056,1,54.99,0
O007620,P0128,2,40.97,0
O007620,P0076,1,53.1,0
O007621,P0014,1,280.69,0
O007622,P0110,3,231.1,0
O007622,P0140,1,95.27,0
O007623,P0147,1,8.3,0
O007623,P0022,3,535.5,0
O007623,P0102,1,6.1,0
O007624,P0147,1,8.3,0
O007624,P0110,2,231.1,0
O007625,P0034,1,12.47,0
O007625,P0049,1,192.27,0
O007625,P0039,3,35.85,0
O007625,P0077,1,86.48,0
O007626,P0072,2,22.81,0
O007626,P0056,1,54.99,0
O007627,P0080,1,52.81,0
O007628,P0021,2,103.85,0
O007629,P0011,1,746.1,20
O007629,P0082,1,69.13,20
O007630,P0095,2,45.19,0
O007631,P0009,1,879.03,0
O007631,P0014,1,280.69,0
O007631,P0067,2,20.79,0
O007631,P0052,1,96.7,0
O007632,P0025,1,63.7,10
O007632,P0132,1,9.56,10
O007633,P0078,3,46.55,10
O007633,P0008,3,47.86,10
O007633,P0122,3,44.07,10
O007634,P0016,2,490.88,0
O007634,P0053,3,79.81,0
O007634,P0059,3,46.72,0
O007634,P0022,1,535.5,0
O007635,P0118,1,60.49,0
O007636,P0002,2,428.99,0
O007637,P0049,3,192.27,0
O007637,P0102,2,6.1,0
O007638,P0143,3,10.62,0
O007639,P0035,1,228.97,0
O007639,P0056,3,54.99,0
O007640,P0033,2,58.2,0
O007641,P0048,1,80.09,0
O007641,P0037,1,46.51,0
O007641,P0046,1,93.34,0
O007641,P0079,2,21.76,0
O007642,P0128,3,40.97,0
O007642,P0035,1,228.97,0
O007642,P0028,1,456.12,0
O007643,P0089,2,75.8,0
O007644,P0143,1,10.62,0
O007644,P0148,3,74.21,0
O007644,P0132,3,9.56,0
O007645,P0012,2,202.16,0
O007646,P0017,1,45.26,0
O007647,P0114,1,30.32,0
O007647,P0079,1,0.0,0
O007648,P0022,2,535.5,0
O007648,P0066,1,29.64,0
O007648,P0114,1,30.32,0
O007649,P0009,3,879.03,0
O007649,P0065,1,128.91,0
O007649,P0016,1,490.88,0
O007650,P0136,1,64.01,0
O007650,P0047,3,22.6,0
O007650,P0108,1,153.58,0
O007651,P0004,1,203.73,0
O007651,P0044,2,96.71,0
O007652,P0056,1,54.99,0
O007653,P0071,1,88.96,0
O007653,P0014,1,280.69,0
O007653,P0068,1,23.84,0
O007654,P0106,3,93.16,0
O007654,P0010,1,261.54,0
O007655,P0001,1,59.15,0
O007655,P0032,1,28.68,0
O007656,P0106,1,93.16,0
O007656,P0060,1,131.68,0
O007657,P0006,1,317.9,0
O007658,P0008,2,47.86,0
O007659,P0012,2,202.16,0
O007659,P0109,1,191.49,0
O007660,P0055,2,21.55,0
O007660,P0019,1,225.54,0
O007660,P0018,3,103.25,0
O007661,P0025,1,63.7,0
O007662,P0018,3,103.25,0
O007663,P0044,2,96.71,0
O007663,P0099,1,42.13,0
O007664,P0046,1,93.34,0
O007665,P0071,1,88.96,0
O007666,P0062,2,109.93,0
O007666,P0127,1,69.7,0
O007666,P0067,2,20.79,0
O007667,P0032,1,28.68,0
O007668,P0015,1,54.36,0
O007669,P0046,1,93.34,0
O007670,P0129,1,10.47,0
O007670,P0062,3,109.93,0
O007670,P0016,1,490.88,0
O007670,P0022,1,535.5,0
O007671,P0085,1,72.91,10
O007671,P0009,3,879.03,10
O007672,P0114,3,30.32,40
O007673,P0082,1,69.13,0
O007674,P0125,1,231.1,0
O007674,P0079,1,21.76,0
O007674,P0058,1,96.6,0
O007674,P0015,1,54.36,0
O007675,P0023,1,234.72,0
O007675,P0048,2,80.09,0
O007675,P0029,3,612.77,0
O007676,P0066,2,29.64,0
O007677,P0063,3,95.57,0
O007678,P0040,1,12.05,0
O007678,P0080,1,52.81,0
O007678,P0064,1,101.18,0
O007679,P0031,2,100.42,0
O007680,P0063,3,95.57,0
O007680,P0039,3,35.85,0
O007680,P0060,1,131.68,0
O007680,P0039,1,35.85,0
O007681,P0123,3,13.17,0
O007681,P0121,2,35.48,0
O007681,P0034,1,12.47,0
O007682,P0052,3,96.7,0
O007682,P0095,1,45.19,0
O007682,P0150,1,28.39,0
O007682,P0049,1,192.27,0
O007683,P0059,1,46.72,0
O007683,P0032,3,28.68,0
O007683,P0038,1,11.96,0
O007684,P0057,1,62.31,0
O007685,P0097,2,39.47,0
O007685,P0143,1,10.62,0
O007686,P0010,1,261.54,0
O007687,P0006,3,317.9,10
O007687,P0003,1,70.0,10
O007687,P0085,1,72.91,10
O007687,P0041,1,240.17,10
O007688,P0107,3,42.73,0
O007688,P0119,1,111.41,0
O007688,P0003,1,70.0,0
O007689,P0056,2,54.99,0
O007689,P0060,1,131.68,0
O007689,P0034,1,12.47,0
O007690,P0053,1,79.81,0
O007690,P0048,2,80.09,0
O007691,P0090,1,74.94,0
O007691,P0108,1,153.58,0
O007692,P0044,1,96.71,0
O007692,P0147,1,8.3,0
O007693,P0108,1,153.58,0
O007693,P0044,2,96.71,0
O007693,P0005,1,105.05,0
O007694,P0009,2,879.03,0
O007694,P0015,1,54.36,0
O007695,P0064,2,101.18,0
O007695,P0050,3,23.7,0
O007695,P0023,2,234.72,0
O007696,P0012,1,202.16,0
O007697,P0020,2,48.67,0
O007697,P0030,1,111.36,0
O007697,P0109,3,191.49,0
O007697,P0013,1,237.97,0
O007698,P0065,1,128.91,0
O007699,P0063,1,95.57,0
O007699,P0017,1,45.26,0
O007700,P0056,2,54.99,0
O007700,P0020,1,48.67,0
O007700,P0062,1,109.93,0
O007701,P0018,3,103.25,10
O007702,P0133,1,68.25,0
O007702,P0013,2,237.97,0
O007702,P0057,3,62.31,0
O007702,P0057,1,62.31,0
O007703,P0018,2,103.25,0
O007703,P0052,1,96.7,0
O007703,P0142,1,46.23,0
O007704,P0008,1,47.86,0
O007704,P0104,1,56.02,0
O007704,P0003,2,70.0,0
O007704,P0048,2,80.09,0
O007705,P0061,3,30.11,0
O007705,P0111,1,68.84,0
O007706,P0020,1,48.67,0
O007706,P0027,1,261.66,0
O007707,P0034,1,12.47,0
O007707,P0122,1,44.07,0
O007708,P0100,1,14.85,0
O007708,P0035,1,228.97,0
O007709,P0003,2,70.0,0
O007709,P0018,1,103.25,0
O007709,P0006,1,317.9,0
O007709,P0120,2,233.46,0
O007710,P0057,2,62.31,0
O007711,P0047,1,22.6,0
O007711,P0105,1,192.4,0
O007712,P0131,2,10.19,0
O007712,P0002,2,428.99,0
O007713,P0052,2,96.7,0
O007713,P0043,1,15.93,0
O007714,P0093,1,36.5,0
O007715,P0053,1,79.81,0
O007716,P0150,2,28.39,0
O007717,P0049,1,192.27,0
O007717,P0029,3,612.77,0
O007718,P0129,1,10.47,10
O007719,P0078,1,46.55,0
O007719,P0013,1,237.97,0
O007720,P0065,2,128.91,0
O007720,P0062,1,109.93,0
O007720,P0006,3,317.9,0
O007720,P0113,3,52.25,0
O007721,P0024,1,70.63,0
O007721,P0023,3,234.72,0
O007721,P0006,3,317.9,0
O007722,P0008,1,47.86,0
O007722,P0114,1,30.32,0
O007722,P0126,1,119.65,0
O007722,P0146,1,36.39,0
O007723,P0055,1,21.55,0
O007723,P0122,2,44.07,0
O007724,P0007,1,566.07,0
O007725,P0011,1,746.1,0
O007726,P0011,3,746.1,0
O007726,P0069,3,25.15,0
O007727,P0001,2,59.15,0
O007727,P0008,2,47.86,0
O007728,P0043,2,15.93,20
O007728,P0042,2,94.19,20
O007729,P0064,1,101.18,0
O007729,P0007,1,566.07,0
O007730,P0056,3,54.99,0
O007730,P0055,1,21.55,0
O007730,P0003,2,70.0,0
O007730,P0039,1,35.85,0
O007731,P0068,2,23.84,5
O007732,P0095,2,45.19,0
O007733,P0091,3,55.44,0
O007733,P0037,1,46.51,0
O007734,P0022,1,535.5,0
O007734,P0011,3,746.1,0
O007735,P0118,1,60.49,0
O007735,P0111,2,68.84,0
O007735,P0149,2,21.0,0
O007735,P0054,1,22.5,0
O007736,P0091,2,55.44,0
O007737,P0117,2,37.62,0
O007738,P0007,1,566.07,0
O007738,P0134,1,14.57,0
O007739,P0085,1,72.91,0
O007739,P0108,2,153.58,0
O007739,P0061,1,30.11,0
O007740,P0009,2,879.03,0
O007741,P0060,1,131.68,0
O007742,P0052,1,96.7,0
O007743,P0148,1,74.21,10
O007744,P0078,3,46.55,0
O007744,P0059,1,46.72,0
O007745,P0148,1,74.21,0
O007746,P0104,1,56.02,0
O007747,P0086,1,7.88,0
O007747,P0064,1,101.18,0
O007748,P0041,1,240.17,40
O007748,P0110,1,231.1,40
O007748,P0048,1,80.09,40
O007749,P0110,1,231.1,0
O007750,P0034,1,12.47,0
O007750,P0144,2,10.61,0
O007751,P0007,1,566.07,0
O007752,P0097,1,39.47,0
O007752,P0032,1,28.68,0
O007753,P0121,1,35.48,0
O007753,P0045,1,36.65,0
O007754,P0011,1,746.1,0
O007754,P0142,1,46.23,0
O007754,P0037,1,46.51,0
O007754,P0124,1,16.63,0
O007755,P0076,2,53.1,0
O007756,P0146,1,36.39,0
O007757,P0037,1,46.51,0
O007757,P0140,1,95.27,0
O007757,P0080,1,52.81,0
O007758,P0059,1,46.72,0
O007758,P0074,3,26.63,0
O007758,P0103,1,43.56,0
O007758,P0061,3,30.11,0
O007759,P0045,3,36.65,0
O007760,P0046,3,93.34,0
O007761,P0076,2,53.1,40
O007761,P0147,1,8.3,40
O007762,P0075,1,50.52,40
O007762,P0143,3,10.62,40
O007762,P0129,1,10.47,40
O007762,P0026,2,143.66,40
O007763,P0072,1,22.81,0
O007764,P0091,1,55.44,0
O007765,P0141,3,32.3,0
O007765,P0059,2,46.72,0
O007765,P0139,2,117.86,0
O007766,P0033,1,58.2,0
O007766,P0070,1,144.85,0
O007767,P0039,1,35.85,0
O007767,P0066,1,29.64,0
O007768,P0125,1,231.1,0
O007768,P0020,1,48.67,0
O007769,P0026,3,143.66,0
O007769,P0072,3,22.81,0
O007770,P0148,3,74.21,0
O007770,P0032,1,28.68,0
O007771,P0010,1,261.54,0
O007772,P0023,1,234.72,0
O007773,P0063,1,95.57,0
O007774,P0069,1,25.15,0
O007775,P0040,3,12.05,0
O007775,P0144,2,10.61,0
O007776,P0010,2,261.54,0
O007776,P0113,3,52.25,0
O007777,P0116,1,64.62,0
O007777,P0120,1,233.46,0
O007778,P0064,1,101.18,10
O007779,P0087,2,72.97,0
O007779,P0125,2,231.1,0
O007779,P0031,1,100.42,0
O007780,P0077,1,86.48,10
O007780,P0002,3,428.99,10
O007780,P0062,1,109.93,10
O007780,P0063,1,95.57,10
O007781,P0119,1,111.41,0
O007781,P0055,1,21.55,0
O007782,P0072,2,22.81,0
O007783,P0028,3,456.12,0
O007784,P0081,1,38.74,0
O007784,P0072,2,22.81,0
O007784,P0101,1,12.63,0
O007784,P0075,1,50.52,0
O007785,P0074,1,26.63,20
O007785,P0039,1,35.85,20
O007785,P0029,1,612.77,20
O007785,P0094,1,42.24,20
O007786,P0003,3,70.0,0
O007787,P0022,1,535.5,0
O007788,P0107,2,42.73,0
O007788,P0061,1,30.11,0
O007788,P0010,1,261.54,0
O007789,P0052,2,96.7,0
O007790,P0112,3,121.72,0
O007790,P0008,1,47.86,0
O007790,P0010,2,261.54,0
O007790,P0140,3,95.27,0
O007791,P0139,1,117.86,0
O007791,P0027,3,261.66,0
O007792,P0009,1,879.03,0
O007792,P0048,1,80.09,0
O007793,P0027,1,261.66,0
O007793,P0077,1,86.48,0
O007793,P0029,2,612.77,0
O007793,P0060,1,131.68,0
O007794,P0027,1,261.66,0
O007795,P0137,1,9.05,0
O007795,P0133,1,68.25,0
O007796,P0141,1,32.3,0
O007797,P0142,0,46.23,0
O007797,P0129,2,10.47,0
O007797,P0041,1,240.17,0
O007798,P0095,1,45.19,10
O007799,P0010,1,261.54,5
O007799,P0136,1,64.01,5
O007799,P0019,1,225.54,5
O007799,P0061,1,30.11,5
O007800,P0112,2,121.72,0
O007800,P0068,3,23.84,0
O007800,P0059,1,46.72,0
O007800,P0005,3,105.05,0
O007801,P0089,3,75.8,0
O007802,P0030,1,111.36,10
O007803,P0054,1,22.5,0
O007803,P0049,1,192.27,0
O007803,P0113,3,52.25,0
O007804,P0001,1,59.15,0
O007804,P0035,3,228.97,0
O007805,P0026,1,143.66,0
O007806,P0075,1,50.52,0
O007807,P0141,3,32.3,0
O007808,P0118,1,60.49,0
O007809,P0124,1,16.63,40
O007810,P0049,1,192.27,0
O007811,P0135,1,61.66,0
O007812,P0029,1,612.77,0
O007813,P0051,1,37.8,0
O007813,P0038,1,11.96,0
O007813,P0140,2,95.27,0
O007813,P0056,1,54.99,0
O007814,P0091,1,55.44,0
O007814,P0089,2,75.8,0
O007814,P0089,3,75.8,0
O007814,P0110,3,231.1,0
O007815,P0113,3,52.25,0
O007815,P0097,1,39.47,0
O007816,P0031,2,100.42,0
O007817,P0063,2,95.57,0
O007818,P0067,1,20.79,0
O007819,P0058,1,96.6,5
O007820,P0025,3,63.7,0
O007821,P0016,1,490.88,10
O007821,P0115,1,65.77,10
O007821,P0074,1,26.63,10
O007821,P0005,1,105.05,10
O007822,P0015,1,54.36,0
O007823,P0028,1,456.12,0
O007823,P0112,1,121.72,0
O007824,P0017,1,45.26,0
O007824,P0027,1,261.66,0
O007824,P0021,1,103.85,0
O007824,P0074,1,26.63,0
O007825,P0001,1,59.15,0
O007825,P0059,1,46.72,0
O007826,P0020,3,48.67,0
O007826,P0026,1,143.66,0
O007826,P0012,1,202.16,0
O007827,P0071,2,88.96,0
O007827,P0055,1,21.55,0
O007828,P0087,3,72.97,0
O007829,P0072,1,22.81,0
O007830,P0067,2,20.79,0
O007830,P0113,2,52.25,0
O007831,P0037,3,46.51,0
O007831,P0102,3,6.1,0
O007832,P0108,1,153.58,10
O007832,P0078,1,46.55,10
O007833,P0107,1,42.73,0
O007834,P0035,1,228.97,0
O007834,P0126,3,119.65,0
O007834,P0111,1,68.84,0
O007835,P0128,2,40.97,0
O007835,P0052,3,96.7,0
O007835,P0020,1,48.67,0
O007836,P0074,1,26.63,0
O007837,P0056,2,54.99,0
O007838,P0055,1,21.55,0
O007839,P0067,3,20.79,0
O007839,P0025,1,63.7,0
O007840,P0113,1,52.25,0
O007840,P0101,3,12.63,0
O007841,P0014,3,280.69,10
O007841,P0064,3,101.18,10
O007841,P0075,1,50.52,10
O007842,P0077,1,86.48,0
O007843,P0040,3,12.05,0
O007843,P0071,1,88.96,0
O007843,P0090,2,74.94,0
O007844,P0015,1,54.36,0
O007845,P0016,3,490.88,0
O007846,P0077,3,86.48,0
O007847,P0059,1,46.72,0
O007847,P0023,2,234.72,0
O007847,P0045,3,36.65,0
O007847,P0085,1,72.91,0
O007848,P0041,1,240.17,10
O007849,P0016,2,490.88,0
O007849,P0020,2,48.67,0
O007849,P0055,1,21.55,0
O007850,P0042,1,94.19,0
O007851,P0101,1,12.63,0
O007851,P0075,1,50.52,0
O007852,P0064,3,101.18,0
O007852,P0069,1,25.15,0
O007852,P0025,3,63.7,0
O007852,P0075,2,50.52,0
O007853,P0142,1,46.23,5
O007854,P0061,3,30.11,0
O007855,P0103,1,43.56,0
O007855,P0102,1,6.1,0
O007856,P0068,3,23.84,0
O007856,P0074,1,26.63,0
O007857,P0055,1,21.55,0
O007858,P0011,1,746.1,0
O007858,P0010,1,261.54,0
O007858,P0126,1,119.65,0
O007858,P0073,3,99.68,0
O007859,P0063,1,95.57,0
O007860,P0091,1,0.0,0
O007861,P0139,3,117.86,10
O007862,P0133,1,68.25,0
O007863,P0036,1,80.43,0
O007863,P0121,2,35.48,0
O007863,P0141,1,32.3,0
O007864,P0048,3,80.09,0
O007864,P0014,1,280.69,0
O007865,P0034,1,12.47,0
O007866,P0064,1,101.18,0
O007866,P0005,1,105.05,0
O007867,P0033,1,58.2,0
O007867,P0016,1,490.88,0
O007867,P0102,3,6.1,0
O007868,P0069,1,25.15,0
O007869,P0051,2,37.8,0
O007870,P0001,1,59.15,15
O007870,P0118,3,60.49,15
O007871,P0083,2,45.29,0
O007871,P0040,1,12.05,0
O007871,P0071,1,88.96,0
O007871,P0014,3,280.69,0
O007872,P0024,2,70.63,0
O007872,P0001,1,59.15,0
O007873,P0142,3,46.23,40
O007874,P0081,2,38.74,0
O007875,P0040,1,12.05,0
O007876,P0149,1,21.0,40
O007877,P0005,2,105.05,0
O007878,P0077,1,86.48,0
O007878,P0093,3,36.5,0
O007878,P0020,2,48.67,0
O007879,P0041,1,240.17,0
O007880,P0026,1,143.66,0
O007880,P0124,1,16.63,0
O007881,P0071,2,88.96,10
O007881,P0023,1,234.72,10
O007881,P0004,3,203.73,10
O007881,P0044,3,96.71,10
O007882,P0001,1,59.15,0
O007883,P0019,3,225.54,0
O007883,P0150,1,28.39,0
O007883,P0056,1,54.99,0
O007884,P0113,3,52.25,0
O007885,P0055,1,21.55,15
O007885,P0069,1,25.15,15
O007886,P0125,3,231.1,0
O007886,P0009,1,879.03,0
O007887,P0118,1,60.49,0
O007888,P0094,1,42.24,0
O007888,P0015,1,54.36,0
O007889,P0060,1,131.68,0
O007890,P0010,1,261.54,0
O007891,P0052,3,96.7,10
O007892,P0033,1,58.2,0
O007892,P0031,3,100.42,0
O007892,P0120,3,233.46,0
O007892,P0087,1,72.97,0
O007893,P0028,1,456.12,0
O007894,P0078,1,46.55,0
O007895,P0030,3,111.36,0
O007895,P0009,1,879.03,0
O007895,P0110,1,231.1,0
O007896,P0133,3,68.25,0
O007896,P0001,2,59.15,0
O007897,P0045,3,36.65,0
O007897,P0060,1,131.68,0
O007898,P0033,1,58.2,0
O007898,P0010,2,261.54,0
O007898,P0010,1,261.54,0
O007898,P0074,2,26.63,0
O007899,P0090,1,74.94,0
O007899,P0143,2,10.62,0
O007899,P0016,1,490.88,0
O007900,P0006,1,317.9,0
O007900,P0032,1,28.68,0
O007901,P0041,1,240.17,0
O007902,P0096,1,62.39,0
O007903,P0090,1,74.94,0
O007903,P0104,1,56.02,0
O007904,P0052,3,96.7,0
O007904,P0089,3,75.8,0
O007905,P0066,1,29.64,0
O007905,P0056,1,54.99,0
O007906,P0124,3,16.63,0
O007907,P0046,3,93.34,0
O007908,P0059,1,46.72,0
O007909,P0128,1,40.97,0
O007909,P0013,1,237.97,0
O007909,P0037,1,46.51,0
O007909,P0111,2,68.84,0
O007910,P0093,1,36.5,0
O007910,P0028,2,456.12,0
O007911,P0007,1,566.07,0
O007912,P0039,2,35.85,0
O007912,P0046,1,93.34,0
O007912,P0023,1,234.72,0
O007913,P0066,1,29.64,0
O007914,P0039,3,35.85,10
O007914,P0041,1,240.17,10
O007915,P0001,1,59.15,0
O007915,P0066,1,29.64,0
O007915,P0054,2,22.5,0
O007916,P0019,1,225.54,0
O007917,P0146,1,36.39,0
O007917,P0054,1,22.5,0
O007918,P0010,1,261.54,0
O007918,P0008,1,47.86,0
O007919,P0111,3,68.84,0
O007919,P0036,1,80.43,0
O007919,P0072,3,22.81,0
O007919,P0016,2,490.88,0
O007920,P0143,2,10.62,0
O007920,P0049,2,192.27,0
O007920,P0079,3,21.76,0
O007921,P0137,1,9.05,0
O007921,P0039,1,35.85,0
O007922,P0006,2,317.9,0
O007922,P0111,1,68.84,0
O007923,P0065,1,128.91,0
O007923,P0120,1,233.46,0
O007923,P0100,1,14.85,0
O007923,P0009,1,879.03,0
O007924,P0011,1,746.1,0
O007924,P0066,1,29.64,0
O007925,P0058,3,96.6,0
O007925,P0070,2,144.85,0
O007926,P0071,1,88.96,0
O007926,P0103,1,43.56,0
O007926,P0008,1,47.86,0
O007926,P0082,3,69.13,0
O007927,P0008,1,47.86,0
O007927,P0006,2,317.9,0
O007928,P0015,2,54.36,0
O007928,P0064,3,101.18,0
O007928,P0086,1,7.88,0
O007929,P0123,3,13.17,0
O007930,P0016,1,490.88,40
O007931,P0003,1,70.0,0
O007932,P0133,1,68.25,0
O007933,P0136,1,64.01,0
O007933,P0011,1,746.1,0
O007934,P0012,1,202.16,0
O007934,P0109,1,191.49,0
O007934,P0129,1,10.47,0
O007934,P0047,2,22.6,0
O007935,P0039,1,35.85,0
O007935,P0086,1,7.88,0
O007935,P0146,2,36.39,0
O007936,P0070,2,144.85,0
O007937,P0091,1,55.44,0
O007937,P0039,1,35.85,0
O007938,P0043,1,15.93,15
O007938,P0113,1,52.25,15
O007939,P0108,1,153.58,0
O007940,P0098,1,5.21,0
O007941,P0057,1,62.31,0
O007942,P0086,1,7.88,0
O007942,P0129,1,10.47,0
O007942,P0075,3,50.52,0
O007943,P0092,1,9.46,0
O007943,P0060,1,131.68,0
O007944,P0012,3,202.16,0
O007944,P0036,1,80.43,0
O007944,P0006,1,317.9,0
O007945,P0138,2,119.25,0
O007945,P0057,2,62.31,0
O007946,P0118,1,60.49,0
O007947,P0129,3,10.47,5
O007948,P0090,1,74.94,0
O007948,P0040,1,12.05,0
O007948,P0115,1,65.77,0
O007948,P0143,3,10.62,0
O007949,P0049,2,192.27,0
O007950,P0136,3,64.01,0
O007951,P0048,1,80.09,0
O007951,P0049,1,192.27,0
O007952,P0139,2,117.86,0
O007953,P0128,2,40.97,10
O007954,P0133,1,68.25,0
O007954,P0033,3,58.2,0
O007954,P0045,2,36.65,0
O007954,P0043,1,15.93,0
O007955,P0076,2,53.1,0
O007955,P0141,3,32.3,0
O007955,P0116,3,64.62,0
O007955,P0136,3,64.01,0
O007956,P0147,1,8.3,0
O007957,P0048,2,80.09,0
O007958,P0143,1,10.62,0
O007959,P0135,3,61.66,0
O007959,P0088,1,12.2,0
O007959,P0012,1,202.16,0
O007960,P0131,2,10.19,10
O007961,P0123,1,13.17,0
O007961,P0120,1,233.46,0
O007962,P0150,1,28.39,0
O007962,P0048,1,80.09,0
O007963,P0105,1,192.4,0
O007964,P0048,1,80.09,5
O007965,P0149,1,21.0,0
O007965,P0055,2,21.55,0
O007965,P0112,1,121.72,0
O007966,P0147,1,8.3,0
O007966,P0099,1,42.13,0
O007967,P0102,3,6.1,10
O007967,P0051,1,37.8,10
O007967,P0038,1,11.96,10
O007967,P0048,3,80.09,10
O007968,P0067,3,20.79,0
O007968,P0004,1,203.73,0
O007968,P0144,1,0.0,0
O007968,P0133,1,68.25,0
O007969,P0140,1,95.27,0
O007969,P0050,2,23.7,0
O007970,P0054,1,22.5,0
O007971,P0104,1,56.02,0
O007972,P0148,1,74.21,0
O007973,P0032,2,28.68,0
O007974,P0055,1,21.55,0
O007974,P0066,1,29.64,0
O007974,P0142,1,46.23,0
O007974,P0105,2,192.4,0
O007975,P0145,2,10.1,0
O007975,P0138,1,119.25,0
O007976,P0099,2,42.13,0
O007977,P0065,1,128.91,0
O007977,P0131,3,10.19,0
O007978,P0077,3,86.48,0
O007979,P0052,1,96.7,0
O007979,P0037,2,46.51,0
O007980,P0142,2,46.23,0
O007980,P0042,1,94.19,0
O007980,P0049,1,192.27,0
O007981,P0049,1,192.27,0
O007981,P0150,1,28.39,0
O007981,P0037,1,46.51,0
O007981,P0040,1,12.05,0
O007982,P0122,1,44.07,0
O007982,P0043,1,15.93,0
O007982,P0047,1,22.6,0
O007982,P0004,1,203.73,0
O007983,P0052,1,96.7,0
O007984,P0037,3,46.51,0
O007985,P0040,2,12.05,0
O007985,P0055,1,21.55,0
O007985,P0036,2,80.43,0
O007986,P0044,2,96.71,0
O007986,P0034,1,12.47,0
O007987,P0065,1,128.91,0
O007988,P0024,1,70.63,0
O007988,P0081,3,38.74,0
O007988,P0047,1,22.6,0
O007989,P0070,1,144.85,0
O007989,P0119,1,111.41,0
O007990,P0079,1,21.76,0
O007990,P0034,1,12.47,0
O007991,P0123,1,13.17,0
O007991,P0085,1,72.91,0
O007992,P0032,1,28.68,0
O007992,P0042,1,94.19,0
O007992,P0052,2,96.7,0
O007993,P0067,1,20.79,0
O007993,P0052,3,96.7,0
O007994,P0085,3,72.91,0
O007994,P0041,3,240.17,0
O007994,P0065,1,128.91,0
O007995,P0031,1,100.42,0
O007995,P0116,2,64.62,0
O007996,P0058,2,96.6,0
O007996,P0027,3,261.66,0
O007997,P0029,1,612.77,0
O007997,P0017,1,45.26,0
O007998,P0122,1,44.07,0
O007999,P0002,2,428.99,0
O008000,P0033,1,58.2,0
O008000,P0065,1,128.91,0
O008000,P0013,2,237.97,0
O008000,P0119,1,111.41,0
O008001,P0146,2,36.39,0
O008001,P0060,1,131.68,0
O008002,P0091,1,55.44,0
O008002,P0072,2,22.81,0
O008003,P0068,1,23.84,10
O008004,P0046,3,93.34,0
O008005,P0120,2,233.46,0
O008005,P0018,1,103.25,0
O008006,P0050,2,23.7,0
O008007,P0098,2,5.21,0
O008007,P0020,2,48.67,0
O008008,P0101,1,12.63,0
O008008,P0061,1,30.11,0
O008009,P0021,3,103.85,10
O008010,P0066,1,29.64,0
O008011,P0045,3,36.65,0
O008012,P0110,1,231.1,0
O008013,P0007,1,566.07,0
O008014,P0075,1,50.52,0
O008015,P0110,3,231.1,0
O008015,P0132,1,9.56,0
O008015,P0052,1,96.7,0
O008015,P0063,3,95.57,0
O008016,P0011,3,746.1,0
O008016,P0018,1,103.25,0
O008016,P0033,2,58.2,0
O008016,P0056,1,54.99,0
O008017,P0094,1,42.24,0
O008018,P0029,1,612.77,0
O008018,P0009,2,879.03,0
O008019,P0033,1,58.2,0
O008019,P0079,1,21.76,0
O008020,P0104,3,56.02,0
O008020,P0021,1,103.85,0
O008021,P0083,3,45.29,0
O008022,P0148,1,74.21,0
O008022,P0057,2,62.31,0
O008022,P0014,1,280.69,0
O008023,P0085,2,72.91,0
O008024,P0147,3,8.3,0
O008024,P0091,3,55.44,0
O008025,P0045,2,36.65,0
O008026,P0016,2,490.88,0
O008026,P0123,3,13.17,0
O008026,P0030,2,111.36,0
O008027,P0067,2,20.79,0
O008028,P0040,1,12.05,0
O008029,P0047,1,22.6,0
O008030,P0036,1,80.43,0
O008031,P0086,3,7.88,0
O008031,P0046,2,93.34,0
O008032,P0026,3,143.66,0
O008032,P0050,1,23.7,0
O008033,P0072,1,22.81,0
O008033,P0071,1,88.96,0
O008034,P0070,3,144.85,0
O008035,P0038,3,11.96,0
O008035,P0048,1,80.09,0
O008035,P0006,1,317.9,0
O008035,P0030,1,111.36,0
O008036,P0033,3,58.2,0
O008037,P0081,1,38.74,0
O008038,P0104,2,56.02,0
O008038,P0017,1,45.26,0
O008038,P0125,1,231.1,0
O008038,P0138,1,119.25,0
O008039,P0010,1,261.54,5
O008040,P0009,3,879.03,0
O008040,P0016,2,490.88,0
O008041,P0047,1,22.6,10
O008041,P0019,1,225.54,10
O008042,P0080,1,52.81,0
O008042,P0018,2,103.25,0
O008043,P0029,1,612.77,0
O008043,P0044,3,96.71,0
O008043,P0002,3,428.99,0
O008043,P0001,2,59.15,0
O008044,P0101,3,12.63,0
O008044,P0085,1,72.91,0
O008045,P0090,1,74.94,15
O008046,P0095,2,45.19,0
O008047,P0053,1,79.81,0
O008047,P0050,1,23.7,0
O008048,P0055,2,21.55,20
O008048,P0032,1,28.68,20
O008048,P0053,1,79.81,20
O008049,P0108,1,153.58,0
O008049,P0039,2,35.85,0
O008049,P0093,1,36.5,0
O008050,P0108,3,153.58,0
O008051,P0007,1,566.07,0
O008051,P0027,1,261.66,0
O008052,P0128,1,40.97,0
O008053,P0143,1,10.62,15
O008054,P0048,2,80.09,0
O008055,P0085,3,72.91,0
O008056,P0015,1,54.36,0
O008057,P0022,1,535.5,0
O008057,P0131,2,10.19,0
O008057,P0131,1,10.19,0
O008057,P0131,1,10.19,0
O008058,P0108,3,153.58,0
O008058,P0097,1,39.47,0
O008058,P0035,2,228.97,0
O008059,P0024,3,70.63,0
O008059,P0003,2,70.0,0
O008059,P0046,2,93.34,0
O008059,P0089,2,75.8,0
O008060,P0085,1,72.91,0
O008060,P0029,2,612.77,0
O008061,P0145,2,10.1,0
O008061,P0124,1,16.63,0
O008061,P0082,1,69.13,0
O008062,P0121,1,35.48,0
O008062,P0123,2,13.17,0
O008062,P0051,3,37.8,0
O008062,P0016,2,490.88,0
O008063,P0041,1,240.17,0
O008063,P0144,2,10.61,0
O008064,P0101,3,12.63,0
O008065,P0138,3,119.25,0
O008065,P0039,1,35.85,0
O008065,P0047,1,22.6,0
O008066,P0089,1,75.8,0
O008067,P0142,1,46.23,10
O008068,P0137,1,9.05,0
O008068,P0038,3,11.96,0
O008068,P0070,3,144.85,0
O008069,P0074,1,26.63,0
O008069,P0139,2,117.86,0
O008069,P0027,1,261.66,0
O008069,P0023,3,234.72,0
O008070,P0050,2,23.7,0
O008071,P0090,2,74.94,0
O008072,P0105,1,192.4,10
O008072,P0109,2,191.49,10
O008072,P0070,3,144.85,10
O008073,P0039,1,35.85,0
O008073,P0087,2,72.97,0
O008073,P0042,1,94.19,0
O008073,P0010,1,261.54,0
O008074,P0069,1,25.15,0
O008074,P0057,3,62.31,0
O008074,P0149,1,21.0,0
O008074,P0059,3,46.72,0
O008075,P0055,3,21.55,0
O008075,P0015,1,54.36,0
O008076,P0074,1,26.63,0
O008076,P0008,1,47.86,0
O008077,P0043,1,15.93,0
O008077,P0046,1,93.34,0
O008077,P0021,2,103.85,0
O008077,P0080,3,52.81,0
O008078,P0111,3,68.84,10
O008078,P0142,1,46.23,10
O008078,P0041,2,240.17,10
O008079,P0150,1,28.39,0
O008079,P0022,2,535.5,0
O008080,P0032,1,28.68,0
O008080,P0035,3,228.97,0
O008081,P0072,1,22.81,0
O008082,P0033,1,58.2,0
O008083,P0031,3,100.42,0
O008084,P0106,1,93.16,0
O008085,P0023,1,234.72,0
O008085,P0015,3,54.36,0
O008086,P0125,2,231.1,0
O008086,P0048,3,80.09,0
O008086,P0034,1,12.47,0
O008086,P0049,1,192.27,0
O008087,P0012,1,202.16,10
O008088,P0101,1,12.63,0
O008088,P0069,3,25.15,0
O008088,P0003,1,70.0,0
O008089,P0103,1,43.56,0
O008089,P0003,2,70.0,0
O008089,P0069,3,25.15,0
O008089,P0067,1,20.79,0
O008090,P0069,3,25.15,0
O008090,P0061,1,30.11,0
O008091,P0076,1,53.1,0
O008092,P0130,1,22.25,0
O008092,P0122,1,44.07,0
O008092,P0100,1,14.85,0
O008093,P0084,2,13.25,0
O008094,P0025,1,63.7,0
O008094,P0006,1,317.9,0
O008094,P0028,1,456.12,0
O008094,P0037,1,46.51,0
O008095,P0039,2,35.85,0
O008096,P0052,1,96.7,20
O008097,P0072,3,22.81,0
O008097,P0034,1,12.47,0
O008097,P0035,3,228.97,0
O008097,P0062,1,109.93,0
O008098,P0025,1,63.7,0
O008098,P0099,2,42.13,0
O008099,P0117,1,37.62,0
O008099,P0005,3,105.05,0
O008100,P0001,1,59.15,0
O008100,P0035,2,228.97,0
O008100,P0025,3,63.7,0
O008100,P0080,3,52.81,0
O008101,P0121,2,35.48,0
O008101,P0126,1,119.65,0
O008101,P0042,2,94.19,0
O008102,P0014,3,280.69,0
O008102,P0145,1,10.1,0
O008102,P0086,1,7.88,0
O008103,P0084,2,13.25,10
O008104,P0076,1,53.1,0
O008105,P0136,1,64.01,0
O008106,P0070,3,144.85,0
O008106,P0060,1,131.68,0
O008106,P0014,2,280.69,0
O008107,P0022,1,535.5,0
O008108,P0054,1,22.5,10
O008108,P0049,1,192.27,10
O008108,P0056,3,54.99,10
O008108,P0027,1,261.66,10
O008109,P0138,1,119.25,0
O008109,P0003,2,70.0,0
O008109,P0147,1,8.3,0
O008110,P0077,1,86.48,0
O008110,P0026,1,143.66,0
O008111,P0064,1,101.18,0
O008111,P0013,1,237.97,0
O008111,P0030,1,111.36,0
O008111,P0122,3,44.07,0
O008112,P0016,3,490.88,0
O008112,P0069,2,25.15,0
O008113,P0040,1,12.05,0
O008114,P0051,2,37.8,0
O008114,P0066,2,29.64,0
O008115,P0061,3,30.11,0
O008116,P0073,1,99.68,0
O008116,P0041,3,240.17,0
O008116,P0104,1,56.02,0
O008117,P0094,2,42.24,0
O008118,P0107,3,42.73,0
O008119,P0088,2,12.2,0
O008119,P0037,1,46.51,0
O008120,P0034,3,12.47,0
O008120,P0080,2,52.81,0
O008120,P0099,1,42.13,0
O008120,P0081,1,38.74,0
O008121,P0037,3,46.51,0
O008121,P0058,2,96.6,0
O008122,P0027,2,261.66,0
O008122,P0109,3,191.49,0
O008123,P0090,1,74.94,0
O008123,P0104,1,56.02,0
O008123,P0097,3,39.47,0
O008123,P0031,1,100.42,0
O008124,P0101,2,12.63,0
O008124,P0063,1,95.57,0
O008124,P0094,3,42.24,0
O008125,P0135,1,61.66,0
O008126,P0023,1,234.72,15
O008127,P0107,1,42.73,0
O008128,P0069,3,25.15,0
O008129,P0024,1,70.63,10
O008130,P0014,1,280.69,0
O008130,P0046,1,93.34,0
O008131,P0144,1,10.61,0
O008131,P0008,2,47.86,0
O008131,P0093,3,36.5,0
O008132,P0080,1,52.81,0
O008133,P0093,1,36.5,0
O008134,P0042,1,94.19,0
O008134,P0063,3,95.57,0
O008134,P0118,3,60.49,0
O008135,P0118,2,60.49,0
O008135,P0071,1,88.96,0
O008136,P0048,1,80.09,0
O008136,P0014,1,280.69,0
O008137,P0128,2,40.97,0
O008138,P0053,3,79.81,0
O008139,P0126,1,119.65,15
O008140,P0005,2,105.05,0
O008141,P0025,1,63.7,0
O008141,P0053,3,79.81,0
O008142,P0058,2,96.6,0
O008142,P0005,1,105.05,0
O008143,P0075,2,50.52,0
O008143,P0071,1,88.96,0
O008143,P0017,1,45.26,0
O008144,P0046,1,93.34,0
O008144,P0058,1,96.6,0
O008145,P0107,1,42.73,0
O008146,P0088,3,12.2,0
O008146,P0006,1,317.9,0
O008147,P0117,1,37.62,0
O008148,P0050,1,23.7,0
O008149,P0005,1,105.05,0
O008150,P0050,1,23.7,0
O008150,P0092,1,9.46,0
O008151,P0143,3,10.62,0
O008151,P0121,2,35.48,0
O008151,P0014,2,280.69,0
O008152,P0084,1,13.25,0
O008153,P0095,1,45.19,0
O008153,P0108,2,153.58,0
O008154,P0075,3,50.52,0
O008155,P0024,1,70.63,0
O008156,P0013,3,237.97,0
O008156,P0131,1,10.19,0
O008156,P0026,3,143.66,0
O008157,P0052,1,96.7,10
O008157,P0033,3,58.2,10
O008157,P0085,1,72.91,10
O008157,P0068,1,23.84,10
O008158,P0097,1,39.47,0
O008159,P0044,2,96.71,0
O008160,P0033,1,58.2,10
O008161,P0115,3,65.77,0
O008161,P0068,1,23.84,0
O008161,P0112,1,121.72,0
O008161,P0093,3,36.5,0
O008162,P0045,1,36.65,0
O008162,P0036,3,80.43,0
O008163,P0052,3,96.7,0
O008164,P0101,2,12.63,0
O008165,P0025,1,63.7,0
O008165,P0092,3,9.46,0
O008166,P0027,1,261.66,0
O008166,P0080,1,52.81,0
O008167,P0076,1,53.1,20
O008167,P0051,3,37.8,20
O008168,P0062,1,109.93,0
O008168,P0062,2,109.93,0
O008168,P0031,3,100.42,0
O008169,P0026,1,143.66,0
O008169,P0022,2,535.5,0
O008170,P0122,1,44.07,0
O008171,P0019,1,225.54,0
O008171,P0044,3,96.71,0
O008172,P0008,3,47.86,0
O008172,P0069,1,25.15,0
O008173,P0016,1,490.88,0
O008173,P0095,1,45.19,0
O008173,P0122,1,44.07,0
O008174,P0019,1,225.54,0
O008175,P0038,1,11.96,0
O008176,P0134,1,14.57,0
O008176,P0090,1,74.94,0
O008177,P0051,1,37.8,0
O008178,P0045,1,36.65,0
O008178,P0034,1,12.47,0
O008179,P0144,1,10.61,0
O008179,P0130,1,22.25,0
O008180,P0084,1,13.25,0
O008180,P0097,1,39.47,0
O008181,P0093,1,36.5,0
O008181,P0036,1,80.43,0
O008181,P0133,1,68.25,0
O008182,P0072,1,22.81,0
O008183,P0032,2,28.68,0
O008183,P0016,1,490.88,0
O008183,P0034,3,12.47,0
O008184,P0078,1,46.55,0
O008184,P0061,1,30.11,0
O008185,P0119,1,111.41,0
O008185,P0060,3,131.68,0
O008186,P0078,1,46.55,0
O008187,P0026,1,143.66,0
O008187,P0087,1,0.0,0
O008187,P0010,2,261.54,0
O008187,P0064,1,101.18,0
O008188,P0086,3,7.88,0
O008188,P0033,1,58.2,0
O008188,P0012,1,202.16,0
O008188,P0053,1,79.81,0
O008189,P0040,1,12.05,10
O008190,P0133,1,68.25,0
O008190,P0031,1,100.42,0
O008191,P0108,3,153.58,0
O008192,P0073,3,99.68,0
O008193,P0040,1,12.05,0
O008193,P0073,2,99.68,0
O008193,P0053,2,79.81,0
O008194,P0008,1,47.86,0
O008194,P0008,3,47.86,0
O008194,P0013,1,237.97,0
O008194,P0091,2,55.44,0
O008195,P0054,3,22.5,0
O008196,P0027,1,261.66,0
O008196,P0025,1,63.7,0
O008196,P0004,1,203.73,0
O008197,P0141,1,32.3,0
O008197,P0048,1,80.09,0
O008198,P0010,1,261.54,10
O008198,P0101,3,12.63,10
O008199,P0083,1,45.29,0
O008200,P0127,1,69.7,0
O008200,P0050,1,23.7,0
O008200,P0097,1,39.47,0
O008201,P0069,1,25.15,0
O008202,P0146,3,36.39,0
O008202,P0037,1,46.51,0
O008202,P0133,1,68.25,0
O008202,P0134,3,14.57,0
O008203,P0016,1,490.88,0
O008203,P0023,1,234.72,0
O008203,P0079,2,21.76,0
O008204,P0145,1,10.1,0
O008204,P0148,3,74.21,0
O008205,P0123,1,13.17,0
O008206,P0148,1,74.21,0
O008207,P0089,2,75.8,0
O008207,P0130,3,22.25,0
O008208,P0140,2,95.27,0
O008208,P0137,1,9.05,0
O008209,P0106,1,93.16,0
O008210,P0051,2,37.8,0
O008210,P0051,2,37.8,0
O008210,P0048,1,80.09,0
O008211,P0124,3,16.63,0
O008211,P0064,1,101.18,0
O008211,P0045,1,36.65,0
O008211,P0034,1,12.47,0
O008212,P0018,1,103.25,0
O008212,P0022,1,535.5,0
O008213,P0142,1,46.23,0
O008214,P0014,3,280.69,0
O008214,P0072,3,22.81,0
O008215,P0089,1,75.8,0
O008215,P0015,1,54.36,0
O008215,P0145,2,10.1,0
O008215,P0028,1,456.12,0
O008216,P0034,1,12.47,10
O008217,P0013,3,237.97,0
O008217,P0002,1,428.99,0
O008218,P0054,2,22.5,0
O008218,P0014,1,280.69,0
O008219,P0053,1,79.81,0
O008220,P0091,3,55.44,0
O008221,P0070,1,144.85,0
O008221,P0128,1,40.97,0
O008221,P0038,2,11.96,0
O008222,P0114,3,30.32,0
O008223,P0027,2,261.66,0
O008224,P0043,1,15.93,0
O008224,P0043,1,15.93,0
O008224,P0127,3,69.7,0
O008224,P0134,1,14.57,0
O008225,P0019,2,225.54,0
O008225,P0009,3,879.03,0
O008225,P0103,3,43.56,0
O008225,P0004,2,203.73,0
O008226,P0045,1,36.65,0
O008226,P0076,1,53.1,0
O008226,P0089,1,75.8,0
O008227,P0022,1,535.5,0
O008228,P0020,1,48.67,0
O008228,P0043,1,15.93,0
O008228,P0110,1,231.1,0
O008229,P0074,1,26.63,20
O008230,P0050,1,23.7,0
O008231,P0098,1,5.21,0
O008231,P0092,1,9.46,0
O008231,P0116,3,64.62,0
O008231,P0079,1,21.76,0
O008232,P0052,2,96.7,0
O008232,P0044,3,96.71,0
O008232,P0025,1,63.7,0
O008232,P0004,3,203.73,0
O008233,P0043,1,15.93,0
O008233,P0037,1,46.51,0
O008234,P0103,2,43.56,0
O008234,P0007,2,566.07,0
O008234,P0068,1,23.84,0
O008234,P0059,3,46.72,0
O008235,P0026,1,143.66,0
O008235,P0018,1,103.25,0
O008235,P0027,1,261.66,0
O008236,P0011,3,746.1,0
O008236,P0097,3,39.47,0
O008236,P0016,1,490.88,0
O008237,P0015,1,54.36,0
O008237,P0115,1,65.77,0
O008238,P0111,1,68.84,0
O008238,P0091,1,55.44,0
O008239,P0041,1,240.17,0
O008239,P0110,1,231.1,0
O008239,P0031,3,100.42,0
O008240,P0062,1,109.93,0
O008241,P0113,3,52.25,0
O008242,P0131,1,10.19,0
O008242,P0066,1,29.64,0
O008243,P0080,1,52.81,0
O008243,P0063,1,95.57,0
O008244,P0101,1,12.63,0
O008245,P0052,3,96.7,0
O008245,P0047,2,22.6,0
O008246,P0033,1,58.2,0
O008247,P0006,3,317.9,0
O008248,P0001,1,59.15,0
O008249,P0095,1,45.19,0
O008250,P0011,1,746.1,0
O008251,P0052,1,96.7,10
O008252,P0065,2,128.91,0
O008253,P0036,3,80.43,0
O008254,P0118,2,60.49,0
O008254,P0072,3,22.81,0
O008255,P0135,2,61.66,0
O008256,P0064,1,101.18,0
O008256,P0147,1,8.3,0
O008256,P0050,3,23.7,0
O008256,P0030,1,111.36,0
O008257,P0102,1,6.1,0
O008257,P0006,1,317.9,0
O008258,P0070,1,144.85,0
O008259,P0146,1,36.39,0
O008260,P0028,2,456.12,0
O008260,P0032,1,28.68,0
O008261,P0027,1,261.66,0
O008262,P0042,2,94.19,0
O008263,P0107,1,42.73,0
O008263,P0061,1,30.11,0
O008263,P0067,2,20.79,0
O008264,P0028,1,456.12,0
O008264,P0138,1,119.25,0
O008264,P0067,1,20.79,0
O008265,P0125,1,231.1,0
O008265,P0025,3,63.7,0
O008266,P0078,3,46.55,0
O008266,P0013,1,237.97,0
O008266,P0079,1,21.76,0
O008266,P0028,3,456.12,0
O008267,P0027,1,261.66,0
O008267,P0062,2,109.93,0
O008268,P0032,1,28.68,10
O008269,P0127,1,69.7,0
O008269,P0062,1,109.93,0
O008269,P0097,2,39.47,0
O008270,P0012,2,202.16,0
O008270,P0050,2,23.7,0
O008270,P0023,1,234.72,0
O008271,P0126,1,119.65,0
O008272,P0120,1,233.46,0
O008273,P0110,2,231.1,0
O008274,P0040,1,12.05,0
O008275,P0133,1,68.25,5
O008275,P0146,3,36.39,5
O008276,P0058,1,96.6,0
O008276,P0021,1,103.85,0
O008276,P0042,1,94.19,0
O008277,P0087,1,72.97,0
O008277,P0110,1,231.1,0
O008278,P0025,1,63.7,0
O008278,P0049,1,192.27,0
O008278,P0127,3,69.7,0
O008278,P0040,1,12.05,0
O008279,P0063,1,95.57,0
O008280,P0008,2,47.86,0
O008281,P0052,3,96.7,20
O008281,P0085,2,72.91,20
O008282,P0074,1,26.63,0
O008283,P0130,1,22.25,0
O008283,P0040,1,12.05,0
O008283,P0033,1,58.2,0
O008283,P0134,2,14.57,0
O008284,P0082,3,69.13,0
O008284,P0114,1,30.32,0
O008285,P0053,1,79.81,0
O008285,P0118,1,60.49,0
O008285,P0148,3,74.21,0
O008285,P0014,3,280.69,0
O008286,P0143,3,10.62,0
O008286,P0133,2,68.25,0
O008286,P0054,1,22.5,0
O008287,P0024,2,70.63,0
O008287,P0036,2,80.43,0
O008288,P0074,2,26.63,20
O008288,P0031,3,100.42,20
O008288,P0085,1,72.91,20
O008288,P0057,1,62.31,20
O008289,P0006,1,317.9,0
O008289,P0071,1,88.96,0
O008289,P0008,1,47.86,0
O008290,P0065,1,128.91,0
O008290,P0008,3,47.86,0
O008290,P0001,1,59.15,0
O008291,P0113,1,52.25,0
O008292,P0076,1,53.1,10
O008292,P0076,3,53.1,10
O008293,P0033,1,58.2,0
O008294,P0094,1,42.24,10
O008295,P0032,1,28.68,0
O008296,P0086,2,7.88,0
O008297,P0069,1,25.15,0
O008298,P0025,3,63.7,0
O008299,P0049,3,192.27,0
O008299,P0006,1,317.9,0
O008299,P0060,1,131.68,0
O008299,P0056,1,54.99,0
O008300,P0097,1,39.47,0
O008301,P0021,1,103.85,0
O008301,P0022,1,535.5,0
O008302,P0124,2,16.63,0
O008302,P0080,1,52.81,0
O008303,P0043,3,15.93,0
O008303,P0065,2,128.91,0
O008303,P0030,1,111.36,0
O008303,P0087,3,72.97,0
O008304,P0132,3,9.56,0
O008305,P0072,2,22.81,0
O008305,P0050,1,23.7,0
O008305,P0048,1,80.09,0
O008305,P0066,1,29.64,0
O008306,P0037,1,46.51,0
O008307,P0045,1,36.65,5
O008308,P0048,1,80.09,20
O008308,P0045,1,36.65,20
O008308,P0037,3,46.51,20
O008308,P0033,1,58.2,20
O008309,P0147,3,8.3,10
O008309,P0027,3,261.66,10
O008309,P0024,3,70.63,10
O008309,P0134,1,14.57,10
O008310,P0123,3,13.17,0
O008310,P0007,3,566.07,0
O008311,P0120,2,233.46,10
O008311,P0064,1,101.18,10
O008311,P0134,1,14.57,10
O008311,P0042,2,94.19,10
O008312,P0116,2,64.62,0
O008312,P0144,3,10.61,0
O008312,P0065,2,128.91,0
O008313,P0066,3,29.64,0
O008313,P0022,1,535.5,0
O008313,P0039,2,35.85,0
O008313,P0087,1,72.97,0
O008314,P0129,1,10.47,0
O008314,P0051,1,37.8,0
O008314,P0023,2,234.72,0
O008314,P0077,2,86.48,0
O008315,P0122,1,44.07,0
O008316,P0129,1,10.47,0
O008316,P0122,1,44.07,0
O008316,P0094,3,42.24,0
O008316,P0001,1,59.15,0
O008317,P0031,2,100.42,0
O008317,P0104,1,56.02,0
O008317,P0033,2,58.2,0
O008317,P0024,1,70.63,0
O008318,P0131,1,10.19,0
O008318,P0057,1,62.31,0
O008319,P0020,1,48.67,10
O008320,P0004,2,203.73,0
O008320,P0049,3,192.27,0
O008321,P0073,1,99.68,0
O008321,P0147,2,8.3,0
O008322,P0078,1,46.55,0
O008322,P0100,1,14.85,0
O008322,P0111,2,68.84,0
O008323,P0014,1,280.69,0
O008324,P0005,1,105.05,0
O008324,P0021,1,103.85,0
O008324,P0012,1,202.16,0
O008324,P0125,2,231.1,0
O008325,P0012,1,202.16,0
O008326,P0131,3,10.19,0
O008327,P0055,1,21.55,0
O008328,P0146,3,36.39,0
O008329,P0091,1,55.44,0
O008330,P0033,2,58.2,0
O008330,P0114,2,30.32,0
O008330,P0022,1,535.5,0
O008330,P0146,1,36.39,0
O008331,P0002,3,428.99,0
O008332,P0054,3,22.5,0
O008332,P0047,1,22.6,0
O008332,P0119,3,111.41,0
O008333,P0007,1,566.07,0
O008334,P0111,1,68.84,0
O008335,P0105,1,192.4,0
O008336,P0099,1,42.13,0
O008336,P0037,1,46.51,0
O008336,P0005,2,105.05,0
O008336,P0001,2,59.15,0
O008337,P0145,1,10.1,0
O008337,P0014,1,280.69,0
O008338,P0012,2,202.16,0
O008338,P0114,1,30.32,0
O008338,P0071,2,88.96,0
O008338,P0116,2,64.62,0
O008339,P0108,1,153.58,0
O008339,P0016,2,490.88,0
O008339,P0062,2,109.93,0
O008340,P0081,1,38.74,0
O008340,P0073,1,99.68,0
O008341,P0066,2,29.64,0
O008341,P0055,3,21.55,0
O008342,P0043,1,15.93,0
O008342,P0021,2,103.85,0
O008342,P0042,1,94.19,0
O008343,P0028,2,456.12,0
O008344,P0092,2,9.46,0
O008345,P0074,3,26.63,0
O008346,P0008,1,47.86,0
O008347,P0109,1,191.49,0
O008347,P0145,1,10.1,0
O008347,P0141,3,32.3,0
O008348,P0122,2,44.07,0
O008349,P0029,3,612.77,0
O008349,P0014,3,280.69,0
O008349,P0122,2,44.07,0
O008349,P0016,1,490.88,0
O008350,P0015,2,54.36,0
O008350,P0002,3,428.99,0
O008351,P0028,2,456.12,0
O008351,P0127,1,69.7,0
O008351,P0026,1,143.66,0
O008351,P0074,1,26.63,0
O008352,P0079,1,21.76,10
O008352,P0089,1,75.8,10
O008353,P0058,3,96.6,0
O008353,P0105,1,192.4,0
O008353,P0031,1,100.42,0
O008354,P0123,2,13.17,0
O008355,P0074,3,26.63,0
O008355,P0002,1,428.99,0
O008356,P0008,1,47.86,0
O008356,P0001,3,59.15,0
O008357,P0047,1,22.6,0
O008357,P0024,1,70.63,0
O008357,P0121,2,35.48,0
O008357,P0027,1,261.66,0
O008358,P0069,1,25.15,0
O008358,P0027,1,261.66,0
O008358,P0033,1,58.2,0
O008359,P0147,1,8.3,0
O008360,P0027,1,261.66,5
O008360,P0048,1,80.09,5
O008361,P0002,3,428.99,0
O008362,P0014,1,280.69,0
O008363,P0106,3,93.16,0
O008363,P0082,1,69.13,0
O008363,P0009,2,879.03,0
O008364,P0004,3,203.73,0
O008365,P0037,3,46.51,0
O008365,P0022,1,535.5,0
O008366,P0080,2,52.81,0
O008366,P0065,1,128.91,0
O008367,P0123,1,13.17,0
O008368,P0031,1,100.42,0
O008369,P0071,3,88.96,0
O008370,P0089,3,75.8,0
O008370,P0055,1,21.55,0
O008371,P0097,1,39.47,0
O008372,P0001,2,59.15,0
O008373,P0094,3,42.24,0
O008373,P0075,1,50.52,0
O008373,P0050,1,23.7,0
O008374,P0056,3,54.99,0
O008374,P0008,1,47.86,0
O008375,P0045,1,36.65,0
O008376,P0061,1,30.11,0
O008376,P0118,1,60.49,0
O008377,P0063,1,95.57,0
O008377,P0129,1,10.47,0
O008377,P0074,2,26.63,0
O008378,P0034,3,12.47,10
O008378,P0113,2,52.25,10
O008378,P0083,2,45.29,10
O008379,P0066,2,29.64,0
O008380,P0105,1,192.4,0
O008380,P0048,1,80.09,0
O008381,P0030,1,111.36,10
O008382,P0023,1,234.72,10
O008383,P0059,1,46.72,0
O008383,P0087,1,72.97,0
O008384,P0072,3,22.81,0
O008384,P0103,1,43.56,0
O008385,P0083,3,45.29,0
O008385,P0141,3,32.3,0
O008386,P0083,2,45.29,0
O008386,P0068,1,23.84,0
O008387,P0019,3,225.54,0
O008388,P0049,1,192.27,10
O008388,P0110,1,231.1,10
O008388,P0080,1,52.81,10
O008388,P0076,3,53.1,10
O008389,P0034,1,12.47,0
O008390,P0040,2,12.05,0
O008390,P0042,1,94.19,0
O008390,P0024,3,70.63,0
O008390,P0059,2,46.72,0
O008391,P0079,1,21.76,0
O008392,P0140,1,95.27,0
O008392,P0029,1,612.77,0
O008392,P0075,3,50.52,0
O008393,P0014,3,280.69,0
O008393,P0031,1,100.42,0
O008393,P0014,2,280.69,0
O008394,P0150,2,28.39,0
O008395,P0118,1,60.49,0
O008395,P0076,2,53.1,0
O008395,P0050,1,23.7,0
O008395,P0102,1,6.1,0
O008396,P0122,2,44.07,0
O008397,P0150,1,28.39,0
O008397,P0091,2,55.44,0
O008398,P0129,2,10.47,0
O008398,P0144,2,10.61,0
O008398,P0060,3,131.68,0
O008399,P0035,1,228.97,0
O008399,P0055,1,21.55,0
O008399,P0043,1,15.93,0
O008400,P0129,1,10.47,0
O008400,P0038,1,11.96,0
O008401,P0150,3,28.39,0
O008402,P0010,1,261.54,0
O008403,P0066,3,29.64,10
O008403,P0143,1,10.62,10
O008403,P0019,1,225.54,10
O008404,P0102,3,6.1,0
O008405,P0129,1,10.47,0
O008405,P0039,1,35.85,0
O008406,P0146,1,36.39,0
O008406,P0137,1,9.05,0
O008407,P0127,1,69.7,0
O008407,P0101,1,12.63,0
O008408,P0063,3,95.57,0
O008409,P0107,1,42.73,0
O008410,P0053,1,79.81,0
O008410,P0036,1,80.43,0
O008410,P0044,1,96.71,0
O008410,P0080,2,52.81,0
O008411,P0046,3,93.34,0
O008412,P0040,2,12.05,0
O008412,P0033,1,58.2,0
O008413,P0105,1,192.4,0
O008413,P0038,1,11.96,0
O008413,P0060,2,131.68,0
O008413,P0053,1,79.81,0
O008414,P0038,2,11.96,0
O008414,P0099,1,42.13,0
O008415,P0031,1,100.42,0
O008416,P0146,1,36.39,0
O008417,P0039,3,35.85,0
O008417,P0095,1,45.19,0
O008418,P0033,1,58.2,0
O008418,P0100,3,14.85,0
O008418,P0030,2,111.36,0
O008419,P0055,1,21.55,0
O008419,P0021,1,103.85,0
O008419,P0116,3,64.62,0
O008420,P0129,1,10.47,10
O008421,P0070,2,144.85,0
O008421,P0059,1,46.72,0
O008422,P0089,2,75.8,0
O008423,P0133,2,68.25,0
O008424,P0038,2,11.96,0
O008424,P0101,3,12.63,0
O008425,P0098,2,5.21,0
O008425,P0044,1,96.71,0
O008426,P0019,3,225.54,20
O008427,P0125,1,231.1,0
O008428,P0064,3,101.18,10
O008429,P0070,1,144.85,0
O008430,P0057,1,62.31,0
O008431,P0113,1,52.25,0
O008431,P0018,1,103.25,0
O008431,P0097,1,39.47,0
O008432,P0053,2,79.81,0
O008433,P0054,1,22.5,0
O008433,P0122,1,44.07,0
O008433,P0021,3,103.85,0
O008433,P0018,2,103.25,0
O008434,P0019,3,225.54,0
O008435,P0026,1,143.66,0
O008435,P0045,2,36.65,0
O008436,P0029,3,612.77,0
O008436,P0117,1,37.62,0
O008436,P0141,1,32.3,0
O008437,P0124,3,16.63,0
O008438,P0120,1,233.46,0
O008438,P0010,1,261.54,0
O008438,P0028,1,456.12,0
O008438,P0141,3,32.3,0
O008439,P0080,1,52.81,20
O008440,P0052,1,96.7,0
O008440,P0137,1,9.05,0
O008440,P0134,3,14.57,0
O008440,P0037,1,46.51,0
O008441,P0001,1,59.15,0
O008442,P0035,3,228.97,20
O008442,P0139,3,117.86,20
O008442,P0041,1,240.17,20
O008443,P0052,1,96.7,0
O008444,P0038,1,11.96,10
O008444,P0006,2,317.9,10
O008444,P0142,1,46.23,10
O008445,P0147,1,8.3,10
O008446,P0132,3,9.56,20
O008446,P0149,1,21.0,20
O008446,P0144,1,10.61,20
O008446,P0149,1,21.0,20
O008447,P0129,3,10.47,0
O008448,P0070,1,144.85,10
O008448,P0032,1,28.68,10
O008449,P0077,3,86.48,0
O008449,P0088,3,12.2,0
O008449,P0088,1,12.2,0
O008450,P0057,1,62.31,0
O008450,P0074,1,26.63,0
O008450,P0002,1,428.99,0
O008450,P0078,1,46.55,0
O008451,P0017,1,45.26,20
O008452,P0076,3,53.1,0
O008453,P0091,1,55.44,0
O008454,P0005,1,105.05,10
O008455,P0097,2,39.47,0
O008455,P0100,1,14.85,0
O008456,P0024,1,70.63,10
O008457,P0018,3,103.25,0
O008457,P0078,3,46.55,0
O008458,P0008,2,47.86,15
O008458,P0075,1,50.52,15
O008458,P0080,1,52.81,15
O008458,P0123,1,13.17,15
O008459,P0131,1,10.19,0
O008460,P0014,1,280.69,0
O008461,P0108,1,153.58,10
O008461,P0024,2,70.63,10
O008462,P0052,1,96.7,0
O008462,P0002,1,428.99,0
O008463,P0038,2,11.96,0
O008463,P0062,1,109.93,0
O008464,P0027,1,261.66,0
O008465,P0139,2,117.86,0
O008465,P0044,1,96.71,0
O008465,P0048,1,80.09,0
O008465,P0032,3,28.68,0
O008466,P0108,1,153.58,0
O008467,P0137,1,9.05,0
O008467,P0090,3,74.94,0
O008468,P0079,2,21.76,0
O008468,P0054,3,22.5,0
O008468,P0129,1,10.47,0
O008469,P0114,3,30.32,0
O008470,P0052,2,96.7,0
O008470,P0129,1,10.47,0
O008471,P0033,3,58.2,0
O008471,P0054,1,22.5,0
O008471,P0087,1,72.97,0
O008471,P0146,1,36.39,0
O008472,P0134,1,14.57,0
O008473,P0131,2,10.19,10
O008473,P0083,2,45.29,10
O008474,P0063,2,95.57,0
O008474,P0002,3,428.99,0
O008474,P0124,1,16.63,0
O008475,P0050,3,23.7,0
O008476,P0040,1,12.05,40
O008477,P0022,1,535.5,0
O008478,P0106,1,93.16,0
O008478,P0114,1,30.32,0
O008478,P0051,2,37.8,0
O008478,P0078,3,46.55,0
O008479,P0072,2,22.81,0
O008479,P0029,1,612.77,0
O008480,P0044,3,96.71,0
O008481,P0055,1,21.55,0
O008481,P0003,1,70.0,0
O008482,P0072,1,22.81,40
O008483,P0026,1,143.66,40
O008484,P0097,3,39.47,0
O008485,P0079,2,21.76,0
O008486,P0075,1,50.52,0
O008487,P0058,3,96.6,0
O008488,P0048,1,80.09,0
O008489,P0009,1,879.03,0
O008490,P0018,2,103.25,0
O008490,P0006,1,317.9,0
O008491,P0030,1,111.36,0
O008491,P0073,3,99.68,0
O008492,P0029,1,612.77,0
O008493,P0055,2,21.55,0
O008494,P0019,1,225.54,0
O008495,P0116,2,64.62,0
O008495,P0065,1,128.91,0
O008495,P0041,1,240.17,0
O008496,P0069,1,25.15,0
O008496,P0110,1,231.1,0
O008496,P0093,3,36.5,0
O008496,P0062,1,109.93,0
O008497,P0075,1,50.52,0
O008498,P0069,1,25.15,0
O008499,P0006,1,317.9,10
O008499,P0011,1,746.1,10
O008500,P0031,2,100.42,0
O008500,P0040,1,12.05,0
O008501,P0120,1,233.46,0
O008501,P0066,3,29.64,0
O008502,P0002,3,428.99,0
O008502,P0044,1,96.71,0
O008502,P0065,1,128.91,0
O008503,P0011,1,746.1,0
O008503,P0032,2,28.68,0
O008503,P0014,1,280.69,0
O008504,P0032,1,28.68,0
O008504,P0131,1,10.19,0
O008505,P0049,3,192.27,0
O008506,P0034,1,12.47,0
O008507,P0146,1,36.39,0
O008507,P0139,2,117.86,0
O008507,P0094,1,42.24,0
O008508,P0092,1,9.46,0
O008509,P0142,1,46.23,0
O008509,P0048,3,80.09,0
O008509,P0015,2,54.36,0
O008509,P0111,1,68.84,0
O008510,P0144,1,10.61,0
O008510,P0142,3,46.23,0
O008511,P0095,3,45.19,0
O008512,P0038,1,11.96,0
O008513,P0103,1,43.56,0
O008514,P0135,1,61.66,10
O008514,P0137,2,9.05,10
O008515,P0046,1,93.34,0
O008515,P0068,1,23.84,0
O008516,P0150,2,28.39,0
O008516,P0079,1,21.76,0
O008516,P0033,2,58.2,0
O008516,P0017,1,45.26,0
O008517,P0059,1,46.72,0
O008518,P0071,1,88.96,5
O008519,P0113,1,52.25,0
O008519,P0137,1,9.05,0
O008519,P0038,1,11.96,0
O008519,P0142,1,46.23,0
O008520,P0049,1,192.27,0
O008521,P0032,1,28.68,10
O008522,P0033,1,58.2,0
O008522,P0046,1,93.34,0
O008522,P0131,1,10.19,0
O008522,P0043,3,15.93,0
O008523,P0006,3,317.9,0
O008523,P0146,1,36.39,0
O008523,P0148,3,74.21,0
O008523,P0051,3,37.8,0
O008524,P0046,1,93.34,0
O008525,P0108,1,153.58,0
O008526,P0032,1,28.68,0
O008527,P0076,1,53.1,0
O008528,P0047,1,22.6,0
O008528,P0105,1,192.4,0
O008529,P0013,1,237.97,0
O008529,P0010,1,261.54,0
O008529,P0117,3,37.62,0
O008530,P0030,1,111.36,0
O008530,P0067,1,20.79,0
O008531,P0075,3,50.52,0
O008531,P0066,3,29.64,0
O008531,P0056,2,54.99,0
O008532,P0032,3,28.68,10
O008533,P0032,1,28.68,0
O008533,P0147,1,8.3,0
O008534,P0136,1,64.01,0
O008535,P0067,3,20.79,0
O008536,P0150,1,28.39,5
O008537,P0138,1,119.25,0
O008537,P0060,2,131.68,0
O008537,P0101,3,12.63,0
O008538,P0056,3,54.99,0
O008538,P0057,1,62.31,0
O008539,P0042,1,94.19,0
O008540,P0057,1,62.31,0
O008541,P0014,1,280.69,0
O008542,P0055,3,21.55,0
O008543,P0019,3,225.54,0
O008543,P0038,2,11.96,0
O008543,P0058,3,96.6,0
O008544,P0069,2,25.15,0
O008545,P0113,1,52.25,0
O008545,P0045,2,36.65,0
O008546,P0103,1,43.56,15
O008547,P0041,1,240.17,0
O008547,P0040,3,12.05,0
O008548,P0036,2,80.43,40
O008548,P0084,1,13.25,40
O008548,P0019,1,225.54,40
O008548,P0034,3,12.47,40
O008549,P0037,1,46.51,10
O008549,P0038,1,11.96,10
O008550,P0009,3,879.03,0
O008550,P0028,1,456.12,0
O008551,P0075,1,50.52,10
O008552,P0024,3,70.63,0
O008553,P0009,1,879.03,0
O008553,P0132,1,9.56,0
O008553,P0111,1,68.84,0
O008554,P0087,1,72.97,10
O008554,P0076,1,53.1,10
O008554,P0073,1,99.68,10
O008554,P0073,3,99.68,10
O008555,P0014,3,280.69,0
O008556,P0045,2,36.65,0
O008556,P0107,3,42.73,0
O008557,P0010,1,261.54,0
O008557,P0024,1,70.63,0
O008557,P0054,1,22.5,0
O008558,P0043,3,15.93,0
O008558,P0128,1,40.97,0
O008559,P0115,1,65.77,0
O008559,P0119,1,111.41,0
O008559,P0003,1,70.0,0
O008560,P0021,3,103.85,0
O008561,P0009,1,879.03,0
O008561,P0030,2,111.36,0
O008562,P0091,2,55.44,0
O008562,P0031,1,100.42,0
O008562,P0038,2,11.96,0
O008563,P0057,1,62.31,0
O008563,P0016,3,490.88,0
O008563,P0052,1,96.7,0
O008563,P0098,3,5.21,0
O008564,P0021,1,103.85,0
O008564,P0077,1,86.48,0
O008564,P0121,1,35.48,0
O008564,P0017,3,45.26,0
O008565,P0051,1,37.8,0
O008566,P0079,1,21.76,0
O008567,P0052,1,96.7,0
O008568,P0066,1,29.64,0
O008569,P0087,1,72.97,0
O008569,P0126,3,119.65,0
O008569,P0005,1,105.05,0
O008569,P0033,2,58.2,0
O008570,P0047,3,22.6,0
O008571,P0114,1,30.32,0
O008571,P0091,1,55.44,0
O008571,P0122,1,44.07,0
O008571,P0010,3,261.54,0
O008572,P0011,1,746.1,0
O008572,P0026,1,143.66,0
O008572,P0030,2,111.36,0
O008572,P0047,3,22.6,0
O008573,P0007,3,566.07,0
O008573,P0065,3,128.91,0
O008574,P0102,1,6.1,0
O008574,P0066,1,29.64,0
O008574,P0032,1,28.68,0
O008575,P0125,2,231.1,0
O008576,P0041,3,240.17,0
O008577,P0027,1,261.66,0
O008577,P0050,1,23.7,0
O008578,P0016,3,490.88,20
O008578,P0083,1,45.29,20
O008578,P0042,1,94.19,20
O008578,P0013,1,237.97,20
O008579,P0048,1,80.09,0
O008579,P0109,1,191.49,0
O008579,P0020,2,48.67,0
O008579,P0126,1,119.65,0
O008580,P0121,1,35.48,0
O008581,P0041,2,240.17,0
O008581,P0049,2,192.27,0
O008582,P0022,1,535.5,0
O008583,P0032,1,28.68,0
O008584,P0079,2,21.76,0
O008585,P0038,1,11.96,0
O008586,P0058,3,96.6,5
O008587,P0112,2,121.72,0
O008587,P0091,1,55.44,0
O008588,P0066,1,29.64,0
O008588,P0089,1,75.8,0
O008589,P0108,2,153.58,0
O008589,P0047,1,22.6,0
O008589,P0074,1,26.63,0
O008589,P0044,1,96.71,0
O008590,P0121,1,35.48,0
O008591,P0063,1,95.57,10
O008591,P0129,1,10.47,10
O008592,P0074,3,26.63,0
O008592,P0015,3,54.36,0
O008593,P0031,1,100.42,0
O008593,P0059,1,46.72,0
O008594,P0007,1,566.07,5
O008594,P0082,1,69.13,5
O008595,P0062,1,109.93,0
O008595,P0044,2,96.71,0
O008596,P0045,1,36.65,0
O008596,P0124,2,16.63,0
O008597,P0048,3,80.09,0
O008597,P0034,3,12.47,0
O008597,P0127,1,69.7,0
O008598,P0020,2,48.67,20
O008598,P0014,3,280.69,20
O008598,P0132,1,9.56,20
O008598,P0017,1,45.26,20
O008599,P0049,3,192.27,5
O008600,P0039,2,35.85,0
O008600,P0077,2,86.48,0
O008600,P0137,3,9.05,0
O008601,P0047,3,22.6,0
O008601,P0045,1,36.65,0
O008602,P0133,1,68.25,0
O008603,P0117,2,37.62,40
O008604,P0076,3,53.1,10
O008604,P0038,3,11.96,10
O008604,P0147,-1,8.3,10
O008605,P0145,2,10.1,10
O008605,P0036,1,80.43,10
O008606,P0125,1,231.1,0
O008606,P0046,1,93.34,0
O008607,P0125,2,231.1,0
O008608,P0037,2,46.51,0
O008608,P0017,1,45.26,0
O008609,P0103,3,43.56,0
O008609,P0020,2,48.67,0
O008610,P0024,1,70.63,0
O008610,P0038,1,11.96,0
O008610,P0084,3,13.25,0
O008610,P0081,2,38.74,0
O008611,P0134,3,14.57,0
O008612,P0059,3,46.72,0
O008612,P0010,1,261.54,0
O008613,P0022,1,535.5,0
O008614,P0131,2,10.19,0
O008614,P0033,1,58.2,0
O008615,P0034,2,12.47,0
O008615,P0085,3,72.91,0
O008616,P0064,1,101.18,0
O008617,P0032,1,28.68,0
O008618,P0140,2,95.27,0
O008618,P0150,3,28.39,0
O008619,P0143,2,10.62,0
O008619,P0131,1,10.19,0
O008620,P0148,3,74.21,0
O008621,P0046,3,93.34,0
O008621,P0068,1,23.84,0
O008622,P0130,1,22.25,0
O008622,P0036,1,80.43,0
O008622,P0014,1,280.69,0
O008623,P0013,1,237.97,0
O008623,P0059,1,46.72,0
O008623,P0073,1,99.68,0
O008623,P0061,3,30.11,0
O008624,P0024,1,70.63,10
O008624,P0123,1,13.17,10
O008625,P0035,1,228.97,0
O008625,P0012,2,202.16,0
O008625,P0009,1,879.03,0
O008626,P0043,2,15.93,0
O008626,P0061,1,30.11,0
O008626,P0016,1,490.88,0
O008627,P0036,1,80.43,0
O008627,P0009,1,879.03,0
O008628,P0057,3,62.31,0
O008628,P0112,1,121.72,0
O008628,P0049,3,192.27,0
O008628,P0078,1,46.55,0
O008629,P0063,3,95.57,0
O008630,P0134,1,14.57,0
O008630,P0026,2,143.66,0
O008631,P0092,3,9.46,0
O008631,P0066,3,29.64,0
O008631,P0106,1,93.16,0
O008632,P0053,2,79.81,0
O008632,P0130,2,22.25,0
O008632,P0063,2,95.57,0
O008633,P0125,3,231.1,0
O008633,P0059,3,46.72,0
O008634,P0108,3,153.58,0
O008634,P0014,1,280.69,0
O008635,P0098,1,5.21,0
O008636,P0127,1,69.7,0
O008636,P0099,3,42.13,0
O008636,P0096,1,62.39,0
O008636,P0109,2,191.49,0
O008637,P0042,3,94.19,0
O008637,P0128,2,40.97,0
O008638,P0120,1,233.46,0
O008639,P0119,1,111.41,0
O008640,P0063,2,95.57,0
O008640,P0127,1,69.7,0
O008641,P0057,1,62.31,0
O008642,P0069,1,25.15,0
O008643,P0031,1,100.42,0
O008643,P0029,2,612.77,0
O008643,P0012,2,202.16,0
O008643,P0032,1,28.68,0
O008644,P0071,3,88.96,0
O008644,P0004,1,203.73,0
O008644,P0065,2,128.91,0
O008645,P0150,1,28.39,0
O008646,P0091,3,55.44,10
O008647,P0081,3,38.74,0
O008647,P0117,1,37.62,0
O008648,P0037,1,46.51,0
O008649,P0118,1,60.49,0
O008650,P0143,1,10.62,0
O008651,P0149,1,21.0,0
O008651,P0033,1,58.2,0
O008651,P0001,1,59.15,0
O008651,P0094,1,42.24,0
O008652,P0128,1,40.97,0
O008653,P0110,1,231.1,0
O008653,P0140,2,95.27,0
O008654,P0022,1,535.5,10
O008654,P0149,1,21.0,10
O008654,P0109,1,191.49,10
O008654,P0076,1,53.1,10
O008655,P0055,2,21.55,0
O008655,P0150,3,28.39,0
O008655,P0063,2,95.57,0
O008656,P0070,1,144.85,0
O008656,P0121,3,35.48,0
O008656,P0073,1,99.68,0
O008656,P0121,1,35.48,0
O008657,P0070,1,144.85,0
O008658,P0030,2,111.36,20
O008659,P0097,1,39.47,0
O008659,P0027,2,261.66,0
O008659,P0005,1,105.05,0
O008659,P0070,3,144.85,0
O008660,P0054,3,22.5,0
O008661,P0002,3,428.99,0
O008661,P0081,1,38.74,0
O008661,P0044,1,96.71,0
O008662,P0001,2,59.15,0
O008662,P0072,3,22.81,0
O008662,P0134,1,14.57,0
O008663,P0068,3,23.84,0
O008663,P0009,2,879.03,0
O008664,P0138,3,119.25,0
O008664,P0092,1,9.46,0
O008664,P0007,1,566.07,0
O008665,P0077,1,86.48,0
O008666,P0066,1,29.64,0
O008667,P0095,3,45.19,0
O008668,P0051,3,37.8,0
O008668,P0044,2,96.71,0
O008669,P0148,2,74.21,0
O008669,P0130,1,22.25,0
O008669,P0051,1,37.8,0
O008669,P0040,2,12.05,0
O008670,P0135,1,61.66,0
O008670,P0084,1,13.25,0
O008671,P0149,1,21.0,0
O008672,P0115,3,65.77,0
O008672,P0075,1,50.52,0
O008673,P0149,3,21.0,10
O008674,P0122,1,44.07,10
O008674,P0019,1,225.54,10
O008675,P0047,1,22.6,20
O008676,P0139,1,117.86,0
O008676,P0141,3,32.3,0
O008677,P0001,1,59.15,0
O008678,P0121,1,35.48,0
O008678,P0074,3,26.63,0
O008679,P0130,2,22.25,0
O008679,P0052,1,96.7,0
O008679,P0135,2,61.66,0
O008680,P0014,3,280.69,0
O008680,P0071,1,88.96,0
O008680,P0021,1,103.85,0
O008681,P0054,1,22.5,0
O008682,P0002,1,428.99,0
O008682,P0055,1,21.55,0
O008682,P0056,1,54.99,0
O008683,P0037,2,46.51,0
O008683,P0116,2,64.62,0
O008684,P0002,3,428.99,0
O008684,P0059,2,46.72,0
O008684,P0034,1,12.47,0
O008685,P0130,2,22.25,0
O008686,P0062,1,109.93,0
O008687,P0022,1,535.5,0
O008687,P0062,1,109.93,0
O008688,P0054,1,22.5,0
O008689,P0012,1,202.16,20
O008689,P0128,1,40.97,20
O008690,P0001,3,59.15,0
O008690,P0019,1,225.54,0
O008691,P0138,1,119.25,0
O008691,P0102,2,6.1,0
O008691,P0089,1,75.8,0
O008692,P0062,1,109.93,0
O008693,P0136,1,64.01,0
O008693,P0146,2,36.39,0
O008694,P0141,1,32.3,0
O008695,P0063,1,95.57,0
O008695,P0044,1,96.71,0
O008695,P0125,2,231.1,0
O008695,P0149,1,21.0,0
O008696,P0025,1,63.7,0
O008696,P0138,3,119.25,0
O008697,P0135,1,61.66,0
O008697,P0051,1,37.8,0
O008697,P0087,1,72.97,0
O008698,P0106,1,93.16,0
O008699,P0096,3,62.39,0
O008700,P0053,1,79.81,0
O008701,P0011,1,746.1,0
O008701,P0048,3,80.09,0
O008702,P0053,1,79.81,0
O008703,P0009,1,879.03,0
O008704,P0101,1,12.63,0
O008705,P0009,1,879.03,0
O008706,P0004,2,203.73,10
O008706,P0029,3,612.77,10
O008707,P0056,0,54.99,0
O008708,P0103,1,43.56,0
O008709,P0034,3,12.47,0
O008709,P0068,3,23.84,0
O008709,P0040,3,12.05,0
O008709,P0032,1,28.68,0
O008710,P0019,1,225.54,0
O008710,P0069,1,25.15,0
O008710,P0032,2,28.68,0
O008710,P0141,2,32.3,0
O008711,P0042,1,94.19,0
O008711,P0082,1,69.13,0
O008711,P0141,1,32.3,0
O008712,P0031,1,100.42,0
O008713,P0134,3,14.57,5
O008713,P0005,1,105.05,5
O008714,P0049,1,192.27,0
O008715,P0028,1,456.12,40
O008716,P0055,3,21.55,0
O008716,P0084,3,13.25,0
O008717,P0120,3,233.46,0
O008717,P0132,1,9.56,0
O008717,P0045,1,36.65,0
O008717,P0017,2,45.26,0
O008718,P0008,2,47.86,0
O008718,P0132,1,9.56,0
O008718,P0013,1,237.97,0
O008718,P0135,3,61.66,0
O008719,P0097,1,39.47,0
O008719,P0046,1,93.34,0
O008719,P0004,2,203.73,0
O008720,P0084,1,13.25,0
O008721,P0080,3,52.81,0
O008722,P0002,1,428.99,0
O008722,P0011,3,746.1,0
O008723,P0124,1,16.63,0
O008723,P0020,3,48.67,0
O008724,P0064,2,101.18,0
O008724,P0018,1,103.25,0
O008724,P0135,1,61.66,0
O008724,P0076,2,53.1,0
O008725,P0097,3,39.47,0
O008725,P0086,1,7.88,0
O008726,P0084,1,13.25,0
O008727,P0094,1,42.24,10
O008728,P0006,3,317.9,0
O008728,P0050,3,23.7,0
O008728,P0112,3,121.72,0
O008729,P0082,1,69.13,40
O008729,P0060,1,131.68,40
O008729,P0013,2,237.97,40
O008729,P0130,3,22.25,40
O008730,P0073,1,99.68,0
O008730,P0085,1,72.91,0
O008730,P0017,1,45.26,0
O008730,P0085,1,72.91,0
O008731,P0048,1,80.09,0
O008732,P0107,2,42.73,0
O008733,P0014,1,280.69,0
O008733,P0013,1,237.97,0
O008734,P0029,3,612.77,0
O008734,P0014,1,280.69,0
O008735,P0001,2,59.15,0
O008735,P0123,2,13.17,0
O008735,P0018,3,103.25,0
O008735,P0102,1,6.1,0
O008736,P0022,3,535.5,10
O008736,P0055,1,21.55,10
O008736,P0034,2,12.47,10
O008736,P0075,2,50.52,10
O008737,P0064,1,101.18,0
O008737,P0079,1,21.76,0
O008737,P0049,2,192.27,0
O008738,P0124,1,16.63,15
O008738,P0059,1,46.72,15
O008738,P0124,1,16.63,15
O008738,P0022,2,535.5,15
O008739,P0015,1,54.36,0
O008740,P0060,3,131.68,0
O008740,P0100,1,14.85,0
O008741,P0069,1,25.15,0
O008742,P0009,2,879.03,0
O008742,P0126,1,119.65,0
O008742,P0015,1,54.36,0
O008742,P0123,3,13.17,0
O008743,P0145,1,10.1,0
O008744,P0071,2,88.96,0
O008744,P0091,2,55.44,0
O008745,P0134,2,14.57,0
O008745,P0039,1,35.85,0
O008745,P0143,2,10.62,0
O008746,P0108,1,153.58,0
O008746,P0136,1,64.01,0
O008747,P0146,1,36.39,0
O008747,P0034,1,12.47,0
O008747,P0115,1,65.77,0
O008747,P0107,3,42.73,0
O008748,P0134,1,14.57,0
O008749,P0149,3,21.0,10
O008750,P0049,1,192.27,0
O008751,P0063,2,95.57,0
O008751,P0082,1,69.13,0
O008752,P0071,2,88.96,0
O008752,P0051,1,37.8,0
O008752,P0018,1,103.25,0
O008752,P0092,3,9.46,0
O008753,P0147,1,8.3,0
O008753,P0086,1,7.88,0
O008754,P0091,1,55.44,0
O008755,P0034,1,12.47,0
O008756,P0099,2,42.13,0
O008756,P0090,1,74.94,0
O008756,P0083,2,45.29,0
O008757,P0056,1,54.99,0
O008757,P0120,1,233.46,0
O008758,P0103,3,43.56,15
O008759,P0119,1,111.41,0
O008760,P0067,2,20.79,0
O008761,P0101,3,12.63,0
O008761,P0044,2,96.71,0
O008762,P0118,2,60.49,15
O008763,P0011,3,746.1,0
O008764,P0125,2,231.1,0
O008764,P0107,1,42.73,0
O008764,P0037,3,46.51,0
O008764,P0014,2,280.69,0
O008765,P0118,1,60.49,0
O008765,P0046,1,93.34,0
O008765,P0141,1,32.3,0
O008765,P0104,3,56.02,0
O008766,P0062,3,109.93,0
O008766,P0077,3,86.48,0
O008766,P0020,3,48.67,0
O008766,P0064,1,101.18,0
O008767,P0140,3,95.27,10
O008767,P0115,1,65.77,10
O008767,P0033,1,58.2,10
O008768,P0109,1,191.49,0
O008769,P0146,1,36.39,0
O008770,P0131,1,10.19,0
O008770,P0145,1,10.1,0
O008771,P0071,3,88.96,40
O008772,P0143,1,10.62,40
O008772,P0128,1,40.97,40
O008772,P0053,1,79.81,40
O008773,P0087,1,72.97,20
O008774,P0044,1,96.71,0
O008774,P0081,2,38.74,0
O008774,P0044,1,96.71,0
O008775,P0041,2,240.17,0
O008776,P0112,1,121.72,0
O008776,P0062,3,109.93,0
O008777,P0075,1,50.52,10
O008777,P0123,1,13.17,10
O008777,P0119,3,111.41,10
O008778,P0013,1,237.97,0
O008779,P0078,3,46.55,0
O008779,P0106,1,93.16,0
O008779,P0046,2,93.34,0
O008780,P0069,1,25.15,0
O008780,P0010,1,261.54,0
O008781,P0001,1,59.15,0
O008781,P0080,3,52.81,0
O008782,P0117,2,37.62,0
O008782,P0052,3,96.7,0
O008783,P0024,1,70.63,0
O008783,P0082,2,69.13,0
O008784,P0017,3,45.26,0
O008784,P0140,1,95.27,0
O008785,P0070,3,144.85,0
O008786,P0015,1,54.36,0
O008787,P0004,1,203.73,0
O008788,P0126,1,119.65,10
O008789,P0135,2,61.66,0
O008789,P0099,2,42.13,0
O008790,P0135,3,61.66,0
O008790,P0150,1,28.39,0
O008791,P0048,2,80.09,0
O008791,P0043,3,15.93,0
O008791,P0042,3,94.19,0
O008792,P0028,1,456.12,0
O008792,P0065,1,128.91,0
O008792,P0038,2,11.96,0
O008793,P0060,1,131.68,0
O008794,P0015,1,54.36,0
O008794,P0050,1,23.7,0
O008795,P0138,1,119.25,0
O008796,P0024,1,70.63,0
O008796,P0013,1,237.97,0
O008796,P0089,2,75.8,0
O008797,P0013,1,237.97,0
O008797,P0029,1,612.77,0
O008797,P0011,1,746.1,0
O008798,P0034,2,12.47,10
O008799,P0137,1,9.05,0
O008800,P0082,1,69.13,0
O008801,P0046,1,93.34,0
O008801,P0053,3,79.81,0
O008802,P0056,3,54.99,0
O008802,P0085,2,72.91,0
O008803,P0048,1,80.09,0
O008804,P0052,2,96.7,0
O008805,P0010,3,261.54,0
O008806,P0037,2,46.51,0
O008806,P0073,1,99.68,0
O008807,P0054,3,22.5,0
O008807,P0022,2,535.5,0
O008808,P0099,3,42.13,0
O008808,P0015,2,54.36,0
O008808,P0106,1,93.16,0
O008809,P0034,1,12.47,0
O008810,P0133,3,68.25,0
O008811,P0048,2,80.09,0
O008812,P0068,3,23.84,0
O008812,P0029,3,612.77,0
O008812,P0016,3,490.88,0
O008812,P0069,3,25.15,0
O008813,P0058,2,96.6,15
O008814,P0010,1,261.54,0
O008815,P0139,1,117.86,0
O008816,P0072,1,22.81,0
O008816,P0017,2,45.26,0
O008816,P0016,1,490.88,0
O008816,P0101,2,12.63,0
O008817,P0011,1,746.1,0
O008817,P0147,1,8.3,0
O008818,P0061,2,30.11,0
O008819,P0109,3,191.49,0
O008820,P0053,1,79.81,0
O008820,P0002,3,428.99,0
O008820,P0080,1,52.81,0
O008821,P0126,3,119.65,0
O008821,P0076,3,53.1,0
O008821,P0020,3,48.67,0
O008822,P0045,1,36.65,0
O008823,P0030,2,111.36,0
O008823,P0098,1,5.21,0
O008824,P0008,3,47.86,0
O008824,P0108,2,153.58,0
O008824,P0011,1,746.1,0
O008824,P0045,2,36.65,0
O008825,P0017,1,45.26,0
O008826,P0028,1,456.12,0
O008826,P0061,2,30.11,0
O008827,P0098,1,5.21,0
O008827,P0073,1,99.68,0
O008828,P0090,1,74.94,10
O008829,P0061,1,30.11,0
O008830,P0042,1,94.19,5
O008830,P0095,1,45.19,5
O008830,P0126,2,119.65,5
O008830,P0021,1,103.85,5
O008831,P0040,1,12.05,0
O008831,P0058,2,96.6,0
O008831,P0085,1,72.91,0
O008832,P0060,1,131.68,0
O008832,P0096,1,62.39,0
O008832,P0029,2,612.77,0
O008832,P0129,1,10.47,0
O008833,P0056,1,54.99,0
O008834,P0007,2,566.07,0
O008834,P0087,3,72.97,0
O008834,P0026,2,143.66,0
O008835,P0138,1,119.25,0
O008835,P0060,1,131.68,0
O008836,P0123,2,13.17,0
O008836,P0050,1,23.7,0
O008836,P0149,1,21.0,0
O008836,P0043,1,15.93,0
O008837,P0126,1,119.65,0
O008838,P0087,1,72.97,10
O008838,P0027,1,261.66,10
O008838,P0061,3,30.11,10
O008838,P0097,1,39.47,10
O008839,P0037,1,46.51,0
O008840,P0055,1,21.55,0
O008841,P0003,1,70.0,20
O008841,P0112,0,121.72,20
O008841,P0133,1,68.25,20
O008842,P0018,1,103.25,0
O008842,P0058,3,96.6,0
O008842,P0041,1,240.17,0
O008842,P0053,1,79.81,0
O008843,P0010,3,261.54,0
O008843,P0037,3,46.51,0
O008843,P0110,1,231.1,0
O008844,P0108,1,153.58,0
O008845,P0022,1,535.5,0
O008845,P0044,1,96.71,0
O008845,P0007,1,566.07,0
O008846,P0021,1,103.85,0
O008846,P0018,2,103.25,0
O008847,P0017,1,45.26,0
O008848,P0013,3,237.97,0
O008849,P0045,2,36.65,0
O008850,P0013,2,237.97,0
O008851,P0009,3,879.03,0
O008851,P0018,2,103.25,0
O008851,P0053,1,79.81,0
O008851,P0085,1,72.91,0
O008852,P0116,1,64.62,0
O008852,P0140,1,95.27,0
O008852,P0063,1,95.57,0
O008852,P0059,1,46.72,0
O008853,P0072,1,22.81,0
O008853,P0025,3,63.7,0
O008853,P0063,1,95.57,0
O008854,P0066,1,29.64,0
O008854,P0058,3,96.6,0
O008855,P0070,3,144.85,0
O008855,P0026,1,143.66,0
O008855,P0061,1,30.11,0
O008855,P0007,1,566.07,0
O008856,P0070,3,144.85,0
O008857,P0066,2,29.64,10
O008858,P0029,1,612.77,0
O008858,P0119,2,111.41,0
O008858,P0114,1,30.32,0
O008859,P0141,3,32.3,0
O008860,P0041,2,240.17,0
O008861,P0024,2,70.63,0
O008862,P0040,1,12.05,0
O008863,P0148,1,74.21,10
O008864,P0058,1,96.6,0
O008865,P0136,1,64.01,0
O008865,P0027,1,261.66,0
O008865,P0113,1,52.25,0
O008866,P0040,1,12.05,0
O008867,P0032,1,28.68,0
O008867,P0032,1,28.68,0
O008867,P0134,3,14.57,0
O008868,P0108,2,153.58,40
O008869,P0067,3,20.79,0
O008869,P0033,1,58.2,0
O008869,P0122,1,44.07,0
O008869,P0086,3,7.88,0
O008870,P0129,1,10.47,0
O008870,P0103,3,43.56,0
O008871,P0086,2,7.88,0
O008872,P0053,1,79.81,0
O008872,P0032,1,28.68,0
O008873,P0029,1,612.77,0
O008873,P0074,1,26.63,0
O008873,P0134,3,14.57,0
O008873,P0132,1,9.56,0
O008874,P0038,1,11.96,0
O008874,P0150,1,28.39,0
O008875,P0134,1,14.57,0
O008875,P0070,3,144.85,0
O008875,P0110,1,231.1,0
O008875,P0003,1,70.0,0
O008876,P0140,1,95.27,0
O008877,P0021,2,103.85,0
O008877,P0146,2,36.39,0
O008877,P0126,1,119.65,0
O008877,P0069,1,25.15,0
O008878,P0042,3,94.19,0
O008879,P0012,1,202.16,10
O008879,P0065,3,128.91,10
O008880,P0123,1,13.17,0
O008880,P0002,1,428.99,0
O008880,P0031,1,100.42,0
O008880,P0064,3,101.18,0
O008881,P0033,1,58.2,0
O008881,P0034,2,12.47,0
O008881,P0055,1,21.55,0
O008882,P0024,1,70.63,0
O008883,P0025,1,63.7,0
O008884,P0014,1,280.69,0
O008884,P0141,1,32.3,0
O008885,P0130,2,22.25,40
O008885,P0067,1,20.79,40
O008885,P0115,2,65.77,40
O008885,P0070,2,0.0,40
O008886,P0045,1,36.65,0
O008887,P0002,1,428.99,0
O008887,P0063,1,95.57,0
O008887,P0136,2,64.01,0
O008887,P0103,1,43.56,0
O008888,P0041,1,240.17,0
O008889,P0036,1,80.43,0
O008889,P0039,1,35.85,0
O008890,P0017,1,45.26,0
O008891,P0109,1,191.49,0
O008891,P0044,1,96.71,0
O008891,P0036,1,80.43,0
O008891,P0085,1,72.91,0
O008892,P0015,1,54.36,0
O008893,P0060,1,131.68,0
O008894,P0132,1,9.56,0
O008894,P0051,3,37.8,0
O008894,P0078,1,46.55,0
O008895,P0071,1,88.96,0
O008896,P0098,1,5.21,0
O008896,P0092,1,9.46,0
O008897,P0060,1,131.68,0
O008897,P0124,1,16.63,0
O008898,P0042,2,94.19,0
O008899,P0111,3,68.84,10
O008900,P0042,1,94.19,0
O008901,P0040,2,12.05,0
O008901,P0033,2,58.2,0
O008902,P0079,1,21.76,0
O008902,P0080,3,52.81,0
O008902,P0094,3,42.24,0
O008903,P0036,1,80.43,0
O008904,P0109,1,191.49,0
O008905,P0070,1,144.85,0
O008906,P0095,1,45.19,0
O008907,P0017,2,45.26,0
O008907,P0139,3,117.86,0
O008907,P0136,1,64.01,0
O008908,P0148,1,74.21,15
O008908,P0133,2,68.25,15
O008908,P0120,1,233.46,15
O008909,P0137,1,9.05,0
O008910,P0054,2,22.5,0
O008911,P0076,1,53.1,0
O008912,P0107,1,42.73,0
O008912,P0147,3,8.3,0
O008912,P0100,1,14.85,0
O008913,P0058,1,96.6,0
O008913,P0037,2,46.51,0
O008914,P0011,1,746.1,0
O008914,P0008,1,47.86,0
O008914,P0142,1,46.23,0
O008914,P0060,2,131.68,0
O008915,P0093,1,36.5,0
O008915,P0123,1,13.17,0
O008915,P0049,1,192.27,0
O008916,P0124,3,16.63,0
O008916,P0062,3,109.93,0
O008916,P0133,1,68.25,0
O008917,P0146,1,36.39,0
O008917,P0147,1,8.3,0
O008918,P0062,1,109.93,5
O008918,P0046,1,93.34,5
O008919,P0090,3,74.94,0
O008919,P0028,1,456.12,0
O008919,P0105,2,192.4,0
O008919,P0009,1,879.03,0
O008920,P0074,1,26.63,0
O008920,P0066,1,29.64,0
O008921,P0137,1,9.05,0
O008922,P0134,3,14.57,0
O008922,P0139,1,117.86,0
O008922,P0102,1,6.1,0
O008922,P0035,1,228.97,0
O008923,P0076,1,53.1,0
O008924,P0127,1,69.7,0
O008924,P0040,1,12.05,0
O008925,P0062,1,109.93,0
O008925,P0057,1,62.31,0
O008925,P0046,3,93.34,0
O008925,P0051,1,37.8,0
O008926,P0139,1,117.86,0
O008926,P0084,1,13.25,0
O008926,P0136,1,64.01,0
O008927,P0081,1,38.74,0
O008927,P0003,1,70.0,0
O008928,P0016,1,490.88,10
O008928,P0023,1,234.72,10
O008929,P0026,1,143.66,10
O008929,P0128,1,40.97,10
O008929,P0115,1,65.77,10
O008929,P0008,1,47.86,10
O008930,P0005,1,105.05,0
O008931,P0121,1,35.48,0
O008931,P0044,3,96.71,0
O008932,P0030,3,111.36,0
O008933,P0005,1,105.05,0
O008933,P0088,3,12.2,0
O008934,P0022,1,535.5,0
O008934,P0052,1,96.7,0
O008934,P0122,3,44.07,0
O008935,P0023,1,234.72,0
O008936,P0086,1,7.88,0
O008936,P0115,3,65.77,0
O008937,P0052,2,96.7,0
O008938,P0066,1,29.64,0
O008939,P0043,1,15.93,0
O008939,P0102,2,6.1,0
O008939,P0036,3,80.43,0
O008939,P0145,1,10.1,0
O008940,P0136,1,64.01,0
O008941,P0049,1,192.27,10
O008941,P0128,2,40.97,10
O008942,P0132,1,9.56,0
O008942,P0128,3,40.97,0
O008942,P0135,1,61.66,0
O008943,P0117,1,37.62,0
O008944,P0009,2,879.03,0
O008944,P0055,1,21.55,0
O008945,P0123,1,13.17,0
O008945,P0067,3,20.79,0
O008945,P0134,1,14.57,0
O008945,P0131,1,10.19,0
O008946,P0124,1,16.63,0
O008946,P0145,2,10.1,0
O008947,P0148,1,74.21,0
O008948,P0005,2,105.05,0
O008949,P0011,3,746.1,0
O008949,P0006,1,317.9,0
O008950,P0022,1,535.5,0
O008950,P0053,3,79.81,0
O008951,P0085,1,72.91,0
O008951,P0088,3,12.2,0
O008951,P0122,2,44.07,0
O008952,P0065,1,128.91,0
O008953,P0015,1,54.36,0
O008953,P0037,2,46.51,0
O008953,P0081,1,38.74,0
O008953,P0005,2,105.05,0
O008954,P0008,1,47.86,0
O008954,P0054,3,22.5,0
O008954,P0038,1,11.96,0
O008954,P0102,3,6.1,0
O008955,P0011,2,746.1,0
O008955,P0017,1,45.26,0
O008955,P0084,3,13.25,0
O008955,P0020,1,48.67,0
O008956,P0124,1,16.63,0
O008956,P0043,1,15.93,0
O008956,P0088,2,12.2,0
O008956,P0079,3,21.76,0
O008957,P0045,3,36.65,0
O008958,P0041,2,240.17,0
O008958,P0060,1,131.68,0
O008958,P0100,1,14.85,0
O008959,P0003,1,0.0,0
O008960,P0077,3,86.48,0
O008960,P0122,2,44.07,0
O008961,P0099,3,42.13,0
O008962,P0022,3,535.5,0
O008962,P0126,1,119.65,0
O008962,P0054,3,22.5,0
O008962,P0015,1,54.36,0
O008963,P0088,1,12.2,10
O008964,P0140,1,95.27,0
O008964,P0044,3,96.71,0
O008964,P0089,3,75.8,0
O008964,P0037,1,46.51,0
O008965,P0135,1,61.66,0
O008966,P0061,1,30.11,0
O008967,P0053,3,79.81,0
O008967,P0018,2,103.25,0
O008968,P0083,2,45.29,0
O008968,P0090,1,74.94,0
O008969,P0139,1,117.86,0
O008970,P0138,1,119.25,0
O008970,P0143,1,10.62,0
O008971,P0133,2,68.25,0
O008971,P0134,1,14.57,0
O008972,P0137,1,9.05,0
O008972,P0135,1,61.66,0
O008973,P0131,1,10.19,0
O008973,P0020,1,48.67,0
O008973,P0035,2,228.97,0
O008973,P0111,3,68.84,0
O008974,P0079,2,21.76,0
O008974,P0068,2,23.84,0
O008975,P0148,2,74.21,0
O008976,P0067,1,20.79,0
O008977,P0095,1,45.19,0
O008977,P0127,2,69.7,0
O008978,P0052,2,96.7,0
O008978,P0048,1,80.09,0
O008978,P0066,2,29.64,0
O008979,P0023,1,234.72,0
O008980,P0090,2,74.94,0
O008981,P0017,2,45.26,0
O008982,P0039,2,35.85,0
O008982,P0081,1,38.74,0
O008982,P0148,2,74.21,0
O008982,P0097,1,39.47,0
O008983,P0032,1,28.68,0
O008984,P0101,3,12.63,0
O008984,P0068,1,23.84,0
O008984,P0135,1,61.66,0
O008984,P0006,1,317.9,0
O008985,P0078,1,46.55,0
O008985,P0146,3,36.39,0
O008985,P0061,1,30.11,0
O008985,P0036,1,80.43,0
O008986,P0053,1,79.81,10
O008986,P0074,3,26.63,10
O008987,P0090,3,74.94,0
O008988,P0007,3,566.07,0
O008988,P0139,1,117.86,0
O008989,P0006,1,317.9,0
O008989,P0001,3,59.15,0
O008990,P0021,1,103.85,0
O008990,P0091,1,55.44,0
O008991,P0013,1,237.97,0
O008991,P0050,1,23.7,0
O008992,P0037,1,46.51,0
O008992,P0126,1,119.65,0
O008993,P0067,1,20.79,0
O008994,P0129,1,10.47,0
O008995,P0062,1,109.93,0
O008996,P0081,1,38.74,0
O008996,P0110,1,231.1,0
O008997,P0112,1,121.72,0
O008998,P0147,1,8.3,0
O008998,P0032,1,28.68,0
O008998,P0080,2,52.81,0
O008998,P0095,1,45.19,0
O008999,P0054,3,22.5,10
O008999,P0079,3,21.76,10
O009000,P0054,1,22.5,0
O009000,P0023,1,234.72,0
O009000,P0049,1,192.27,0
O009001,P0045,2,36.65,0
O009002,P0085,2,72.91,0
O009003,P0093,1,36.5,10
O009003,P0076,1,53.1,10
O009003,P0028,1,456.12,10
O009003,P0126,1,119.65,10
O009004,P0085,2,72.91,0
O009004,P0016,2,490.88,0
O009004,P0029,2,612.77,0
O009005,P0050,1,23.7,0
O009005,P0054,1,22.5,0
O009005,P0129,2,10.47,0
O009005,P0106,1,93.16,0
O009006,P0033,3,58.2,0
O009006,P0082,1,69.13,0
O009006,P0122,1,44.07,0
O009006,P0031,2,100.42,0
O009007,P0076,1,53.1,0
O009007,P0022,2,535.5,0
O009007,P0066,3,29.64,0
O009008,P0042,1,94.19,0
O009009,P0013,2,237.97,0
O009009,P0030,2,111.36,0
O009010,P0102,1,6.1,0
O009010,P0119,3,111.41,0
O009010,P0054,2,22.5,0
O009011,P0044,1,96.71,0
O009011,P0126,1,119.65,0
O009012,P0011,1,746.1,10
O009012,P0065,2,128.91,10
O009013,P0027,1,261.66,0
O009013,P0049,1,192.27,0
O009014,P0142,1,46.23,0
O009014,P0046,1,93.34,0
O009014,P0140,1,95.27,0
O009015,P0137,1,9.05,0
O009015,P0004,3,203.73,0
O009015,P0023,3,234.72,0
O009016,P0108,1,153.58,0
O009017,P0117,3,37.62,10
O009018,P0136,1,64.01,0
O009018,P0057,2,62.31,0
O009019,P0127,3,69.7,0
O009020,P0062,0,109.93,0
O009020,P0063,1,95.57,0
O009020,P0094,2,42.24,0
O009020,P0074,2,26.63,0
O009021,P0096,-1,62.39,0
O009022,P0054,2,22.5,0
O009023,P0032,1,28.68,0
O009023,P0034,3,12.47,0
O009024,P0042,2,94.19,0
O009024,P0037,1,46.51,0
O009025,P0074,1,26.63,0
O009025,P0127,1,69.7,0
O009026,P0028,1,456.12,0
O009026,P0055,1,21.55,0
O009026,P0009,1,879.03,0
O009026,P0114,2,30.32,0
O009027,P0016,3,490.88,0
O009028,P0111,2,68.84,0
O009028,P0005,2,105.05,0
O009028,P0025,1,63.7,0
O009028,P0005,2,105.05,0
O009029,P0065,1,128.91,0
O009030,P0065,1,128.91,0
O009031,P0065,1,128.91,0
O009031,P0004,1,203.73,0
O009031,P0052,2,96.7,0
O009031,P0078,2,46.55,0
O009032,P0025,2,63.7,0
O009032,P0040,-1,12.05,0
O009033,P0050,3,23.7,0
O009033,P0060,1,131.68,0
O009034,P0045,1,36.65,0
O009034,P0031,1,100.42,0
O009035,P0006,2,317.9,0
O009035,P0022,2,535.5,0
O009035,P0028,2,456.12,0
O009035,P0002,3,428.99,0
O009036,P0006,2,317.9,0
O009037,P0011,1,746.1,0
O009037,P0026,2,143.66,0
O009037,P0014,3,280.69,0
O009037,P0028,2,456.12,0
O009038,P0055,3,21.55,0
O009038,P0101,2,12.63,0
O009039,P0044,3,96.71,0
O009039,P0107,1,42.73,0
O009040,P0101,1,12.63,0
O009040,P0050,1,23.7,0
O009041,P0021,1,103.85,0
O009042,P0124,1,16.63,0
O009043,P0115,2,65.77,0
O009044,P0079,2,21.76,0
O009045,P0150,1,28.39,0
O009046,P0009,1,879.03,0
O009047,P0150,1,28.39,5
O009048,P0094,1,42.24,0
O009048,P0045,1,36.65,0
O009048,P0143,1,10.62,0
O009049,P0150,1,28.39,0
O009050,P0129,2,10.47,0
O009051,P0133,2,68.25,0
O009052,P0105,2,192.4,0
O009053,P0091,2,55.44,0
O009053,P0036,1,80.43,0
O009054,P0136,1,64.01,0
O009055,P0042,1,94.19,0
O009056,P0130,1,22.25,0
O009056,P0134,3,14.57,0
O009057,P0149,3,21.0,0
O009058,P0010,3,261.54,0
O009059,P0122,1,44.07,0
O009060,P0025,1,63.7,0
O009061,P0098,1,5.21,0
O009061,P0037,1,46.51,0
O009061,P0069,3,25.15,0
O009062,P0046,1,93.34,0
O009062,P0003,1,70.0,0
O009063,P0050,2,23.7,0
O009064,P0078,1,46.55,0
O009064,P0100,1,14.85,0
O009065,P0041,1,240.17,0
O009066,P0041,1,240.17,0
O009067,P0029,3,612.77,0
O009067,P0056,3,54.99,0
O009068,P0114,2,30.32,0
O009068,P0017,1,45.26,0
O009069,P0131,1,10.19,0
O009070,P0010,1,261.54,0
O009071,P0110,1,231.1,0
O009072,P0038,1,11.96,0
O009072,P0067,1,20.79,0
O009072,P0073,1,99.68,0
O009073,P0066,1,29.64,0
O009073,P0068,1,23.84,0
O009074,P0010,1,261.54,0
O009074,P0080,3,52.81,0
O009074,P0028,1,456.12,0
O009074,P0092,3,9.46,0
O009075,P0138,2,119.25,0
O009075,P0128,2,40.97,0
O009075,P0042,1,94.19,0
O009075,P0104,1,56.02,0
O009076,P0053,1,79.81,0
O009076,P0036,1,80.43,0
O009076,P0043,1,15.93,0
O009077,P0150,3,28.39,0
O009077,P0145,1,10.1,0
O009078,P0109,2,191.49,0
O009079,P0024,1,70.63,10
O009080,P0077,2,86.48,0
O009081,P0138,1,119.25,5
O009081,P0126,1,119.65,5
O009081,P0060,0,131.68,5
O009081,P0055,1,21.55,5
O009082,P0065,1,128.91,0
O009083,P0147,2,8.3,0
O009084,P0143,1,10.62,0
O009085,P0020,1,48.67,0
O009086,P0150,1,28.39,0
O009087,P0015,1,54.36,0
O009088,P0033,1,58.2,0
O009089,P0104,1,56.02,0
O009089,P0005,1,105.05,0
O009090,P0052,1,96.7,5
O009091,P0070,1,144.85,0
O009091,P0077,1,86.48,0
O009091,P0040,2,12.05,0
O009092,P0014,3,280.69,0
O009092,P0126,3,119.65,0
O009093,P0052,1,96.7,0
O009094,P0062,1,109.93,0
O009094,P0119,1,111.41,0
O009094,P0005,2,105.05,0
O009094,P0131,2,10.19,0
O009095,P0028,1,456.12,0
O009096,P0056,1,54.99,0
O009096,P0074,1,26.63,0
O009097,P0037,3,46.51,0
O009098,P0113,1,52.25,0
O009099,P0112,2,121.72,0
O009100,P0042,1,94.19,0
O009101,P0062,2,109.93,0
O009101,P0047,3,22.6,0
O009102,P0081,1,38.74,0
O009102,P0060,1,131.68,0
O009103,P0028,2,456.12,0
O009103,P0101,2,12.63,0
O009104,P0015,1,54.36,10
O009105,P0071,2,88.96,0
O009105,P0131,1,10.19,0
O009105,P0004,2,203.73,0
O009105,P0073,1,99.68,0
O009106,P0123,2,13.17,10
O009106,P0094,1,42.24,10
O009107,P0125,1,231.1,0
O009107,P0047,1,22.6,0
O009108,P0024,1,70.63,0
O009108,P0040,1,12.05,0
O009108,P0062,1,109.93,0
O009109,P0012,2,202.16,0
O009109,P0008,1,47.86,0
O009109,P0117,1,37.62,0
O009109,P0103,2,43.56,0
O009110,P0066,1,29.64,0
O009111,P0071,1,88.96,0
O009111,P0037,1,46.51,0
O009112,P0006,3,317.9,0
O009113,P0108,1,153.58,0
O009114,P0069,1,25.15,10
O009114,P0042,1,94.19,10
O009114,P0018,1,103.25,10
O009115,P0034,1,12.47,0
O009115,P0026,2,143.66,0
O009116,P0086,2,7.88,0
O009116,P0140,2,95.27,0
O009116,P0135,2,61.66,0
O009116,P0032,3,28.68,0
O009117,P0022,1,535.5,5
O009117,P0136,1,64.01,5
O009117,P0040,3,12.05,5
O009118,P0010,1,261.54,0
O009118,P0062,1,109.93,0
O009119,P0048,1,80.09,0
O009120,P0092,1,9.46,0
O009121,P0009,2,879.03,0
O009121,P0042,2,94.19,0
O009121,P0040,1,12.05,0
O009122,P0101,2,12.63,0
O009122,P0065,1,128.91,0
O009123,P0029,1,612.77,0
O009124,P0126,1,119.65,0
O009125,P0063,3,95.57,0
O009125,P0093,1,36.5,0
O009126,P0115,1,65.77,0
O009126,P0049,3,192.27,0
O009127,P0069,1,25.15,0
O009128,P0074,1,26.63,10
O009128,P0126,3,119.65,10
O009129,P0014,1,280.69,0
O009129,P0088,2,12.2,0
O009130,P0006,1,317.9,0
O009131,P0069,1,25.15,0
O009131,P0005,1,105.05,0
O009132,P0065,1,128.91,0
O009132,P0070,1,144.85,0
O009132,P0033,1,58.2,0
O009133,P0022,2,535.5,5
O009133,P0016,1,490.88,5
O009133,P0047,3,22.6,5
O009133,P0011,3,746.1,5
O009134,P0149,2,21.0,0
O009134,P0058,1,96.6,0
O009134,P0052,1,96.7,0
O009135,P0105,3,192.4,10
O009136,P0046,3,93.34,0
O009136,P0018,1,103.25,0
O009137,P0132,1,9.56,0
O009138,P0086,3,7.88,0
O009138,P0132,1,9.56,0
O009139,P0051,1,37.8,0
O009140,P0123,1,13.17,0
O009140,P0062,1,109.93,0
O009140,P0040,1,12.05,0
O009141,P0086,1,7.88,0
O009142,P0087,1,72.97,0
O009143,P0150,1,28.39,10
O009143,P0125,3,231.1,10
O009144,P0149,1,21.0,0
O009144,P0134,1,14.57,0
O009144,P0034,1,12.47,0
O009145,P0145,3,10.1,0
O009145,P0008,1,47.86,0
O009146,P0144,3,10.61,0
O009146,P0144,1,10.61,0
O009147,P0127,1,69.7,0
O009148,P0100,2,14.85,0
O009148,P0055,3,21.55,0
O009149,P0033,1,58.2,0
O009149,P0028,3,456.12,0
O009150,P0044,1,96.71,0
O009150,P0037,1,46.51,0
O009150,P0051,1,37.8,0
O009150,P0119,2,111.41,0
O009151,P0043,2,15.93,0
O009151,P0065,3,128.91,0
O009151,P0042,1,94.19,0
O009152,P0062,3,109.93,0
O009153,P0012,1,202.16,0
O009154,P0008,1,47.86,0
O009154,P0042,2,94.19,0
O009155,P0087,1,72.97,0
O009155,P0028,3,456.12,0
O009156,P0024,1,70.63,0
O009156,P0093,1,36.5,0
O009157,P0048,2,80.09,0
O009157,P0136,1,64.01,0
O009158,P0132,3,9.56,10
O009158,P0030,1,111.36,10
O009158,P0142,-1,46.23,10
O009158,P0066,3,29.64,10
O009159,P0123,1,13.17,0
O009160,P0054,1,22.5,0
O009160,P0012,2,202.16,0
O009161,P0116,1,64.62,0
O009161,P0048,1,80.09,0
O009162,P0014,3,280.69,0
O009163,P0067,1,20.79,0
O009163,P0068,2,23.84,0
O009163,P0144,2,10.61,0
O009163,P0050,1,23.7,0
O009164,P0137,1,9.05,0
O009165,P0132,2,9.56,0
O009166,P0035,1,228.97,0
O009166,P0011,1,746.1,0
O009167,P0030,1,111.36,0
O009167,P0047,1,22.6,0
O009167,P0049,1,192.27,0
O009168,P0007,1,566.07,0
O009169,P0033,1,58.2,0
O009170,P0065,2,128.91,0
O009171,P0098,1,5.21,0
O009172,P0001,1,59.15,0
O009173,P0022,1,535.5,0
O009174,P0015,1,54.36,0
O009174,P0122,1,44.07,0
O009174,P0044,1,96.71,0
O009175,P0028,1,456.12,0
O009175,P0008,3,47.86,0
O009176,P0016,3,490.88,0
O009176,P0011,2,746.1,0
O009177,P0107,1,42.73,0
O009177,P0120,1,233.46,0
O009177,P0007,1,566.07,0
O009177,P0089,2,75.8,0
O009178,P0023,1,234.72,0
O009179,P0051,3,37.8,10
O009179,P0007,2,566.07,10
O009180,P0133,3,68.25,0
O009181,P0063,1,95.57,0
O009181,P0078,2,46.55,0
O009181,P0030,3,111.36,0
O009182,P0101,1,12.63,0
O009182,P0027,2,261.66,0
O009183,P0078,1,46.55,0
O009183,P0008,1,47.86,0
O009183,P0009,1,879.03,0
O009183,P0102,3,6.1,0
O009184,P0023,1,234.72,0
O009184,P0021,2,103.85,0
O009185,P0002,3,428.99,0
O009186,P0027,1,261.66,0
O009186,P0068,1,23.84,0
O009187,P0018,2,103.25,0
O009188,P0069,1,25.15,0
O009188,P0123,1,13.17,0
O009189,P0095,1,45.19,0
O009189,P0141,1,32.3,0
O009190,P0073,1,99.68,0
O009190,P0020,2,48.67,0
O009191,P0028,1,456.12,0
O009191,P0064,2,101.18,0
O009192,P0079,3,21.76,20
O009192,P0098,3,5.21,20
O009193,P0053,1,79.81,0
O009193,P0065,1,128.91,0
O009194,P0125,3,231.1,10
O009195,P0150,2,28.39,0
O009195,P0013,1,237.97,0
O009196,P0115,1,65.77,10
O009197,P0038,1,11.96,0
O009198,P0003,1,70.0,0
O009198,P0017,1,45.26,0
O009198,P0109,1,191.49,0
O009199,P0078,2,46.55,0
O009199,P0118,1,60.49,0
O009200,P0057,2,62.31,0
O009200,P0042,1,94.19,0
O009201,P0097,1,39.47,0
O009201,P0044,2,96.71,0
O009202,P0040,2,12.05,0
O009202,P0084,3,13.25,0
O009202,P0062,1,109.93,0
O009202,P0126,2,119.65,0
O009203,P0054,1,22.5,0
O009204,P0020,3,48.67,0
O009204,P0046,1,93.34,0
O009204,P0095,1,45.19,0
O009205,P0003,2,70.0,0
O009206,P0133,1,68.25,10
O009207,P0117,2,37.62,0
O009207,P0066,1,29.64,0
O009207,P0011,1,746.1,0
O009207,P0028,3,456.12,0
O009208,P0126,3,119.65,0
O009208,P0012,1,202.16,0
O009209,P0004,3,203.73,10
O009210,P0045,1,36.65,0
O009210,P0059,3,46.72,0
O009210,P0037,1,46.51,0
O009211,P0006,2,317.9,0
O009211,P0014,3,280.69,0
O009212,P0093,2,36.5,0
O009213,P0003,2,70.0,0
O009213,P0074,3,26.63,0
O009213,P0019,1,225.54,0
O009213,P0122,3,44.07,0
O009214,P0074,1,26.63,0
O009214,P0144,1,10.61,0
O009215,P0033,1,58.2,0
O009216,P0135,1,61.66,0
O009216,P0012,1,202.16,0
O009216,P0070,2,144.85,0
O009216,P0125,0,231.1,0
O009217,P0005,1,105.05,0
O009217,P0021,2,103.85,0
O009218,P0104,2,56.02,0
O009219,P0059,1,46.72,0
O009220,P0147,3,8.3,0
O009221,P0069,1,25.15,0
O009221,P0114,1,30.32,0
O009222,P0032,3,28.68,10
O009222,P0020,3,48.67,10
O009222,P0013,3,237.97,10
O009222,P0008,3,47.86,10
O009223,P0099,1,42.13,0
O009224,P0103,1,43.56,0
O009225,P0031,1,100.42,0
O009226,P0136,2,64.01,0
O009227,P0073,2,99.68,0
O009227,P0083,3,45.29,0
O009227,P0004,1,203.73,0
O009227,P0007,3,566.07,0
O009228,P0120,1,233.46,0
O009229,P0013,1,237.97,0
O009230,P0099,3,42.13,0
O009230,P0020,1,48.67,0
O009231,P0108,3,153.58,0
O009232,P0057,1,62.31,15
O009232,P0150,1,28.39,15
O009233,P0077,1,86.48,15
O009233,P0117,1,37.62,15
O009233,P0094,1,42.24,15
O009234,P0097,1,39.47,0
O009235,P0006,3,317.9,0
O009235,P0037,1,46.51,0
O009235,P0021,1,103.85,0
O009235,P0041,1,240.17,0
O009236,P0002,3,428.99,0
O009237,P0125,2,231.1,0
O009237,P0050,2,23.7,0
O009237,P0082,3,69.13,0
O009238,P0042,0,94.19,0
O009238,P0015,3,54.36,0
O009238,P0087,3,72.97,0
O009238,P0132,2,9.56,0
O009239,P0105,3,192.4,0
O009239,P0008,1,47.86,0
O009239,P0045,1,36.65,0
O009239,P0104,1,56.02,0
O009240,P0012,2,202.16,0
O009241,P0059,2,46.72,0
O009242,P0123,1,13.17,0
O009243,P0048,1,80.09,10
O009243,P0008,1,47.86,10
O009243,P0068,1,23.84,10
O009244,P0109,1,191.49,0
O009244,P0128,1,40.97,0
O009245,P0005,1,105.05,0
O009245,P0118,3,60.49,0
O009245,P0027,1,261.66,0
O009245,P0112,2,121.72,0
O009246,P0149,1,21.0,0
O009247,P0126,1,119.65,0
O009248,P0049,3,192.27,0
O009249,P0092,3,9.46,0
O009249,P0148,1,74.21,0
O009249,P0041,2,240.17,0
O009249,P0090,1,74.94,0
O009250,P0111,2,68.84,0
O009250,P0031,3,100.42,0
O009250,P0150,2,28.39,0
O009251,P0037,1,46.51,0
O009251,P0150,2,28.39,0
O009252,P0132,1,9.56,0
O009253,P0044,1,96.71,0
O009254,P0040,1,12.05,0
O009255,P0037,2,46.51,10
O009256,P0061,1,30.11,0
O009257,P0061,1,30.11,0
O009258,P0053,2,79.81,0
O009258,P0089,1,75.8,0
O009258,P0019,1,225.54,0
O009258,P0141,1,32.3,0
O009259,P0004,1,203.73,0
O009259,P0017,3,45.26,0
O009260,P0071,1,88.96,0
O009261,P0063,1,95.57,0
O009261,P0107,2,42.73,0
O009262,P0053,1,79.81,0
O009263,P0114,1,30.32,0
O009264,P0036,2,80.43,0
O009264,P0072,1,22.81,0
O009264,P0052,2,96.7,0
O009264,P0050,3,23.7,0
O009265,P0106,1,93.16,0
O009265,P0040,3,12.05,0
O009266,P0049,1,192.27,0
O009267,P0077,1,86.48,0
O009267,P0097,1,39.47,0
O009267,P0005,1,105.05,0
O009268,P0026,1,143.66,0
O009269,P0106,1,93.16,0
O009270,P0038,2,11.96,0
O009270,P0017,1,45.26,0
O009271,P0145,1,10.1,5
O009271,P0141,1,32.3,5
O009271,P0038,1,11.96,5
O009272,P0032,1,28.68,0
O009273,P0041,1,240.17,0
O009273,P0134,1,14.57,0
O009273,P0129,2,10.47,0
O009274,P0054,1,22.5,0
O009274,P0035,1,228.97,0
O009274,P0042,1,94.19,0
O009274,P0144,1,10.61,0
O009275,P0045,3,36.65,0
O009276,P0104,2,56.02,0
O009276,P0137,1,9.05,0
O009276,P0044,3,96.71,0
O009276,P0036,1,80.43,0
O009277,P0142,2,46.23,0
O009277,P0043,1,15.93,0
O009277,P0077,1,86.48,0
O009278,P0062,3,109.93,0
O009279,P0077,2,86.48,0
O009279,P0118,1,60.49,0
O009279,P0054,1,22.5,0
O009279,P0069,1,25.15,0
O009280,P0104,1,56.02,0
O009281,P0072,3,22.81,0
O009281,P0104,3,56.02,0
O009282,P0090,1,74.94,0
O009282,P0009,1,879.03,0
O009282,P0028,1,456.12,0
O009282,P0090,3,74.94,0
O009283,P0055,1,21.55,0
O009284,P0048,3,80.09,10
O009285,P0002,1,428.99,0
O009286,P0133,1,68.25,0
O009287,P0009,3,879.03,0
O009288,P0101,2,12.63,0
O009288,P0107,3,42.73,0
O009289,P0009,1,879.03,0
O009289,P0040,1,12.05,0
O009289,P0029,3,612.77,0
O009289,P0030,1,111.36,0
O009290,P0004,1,203.73,0
O009291,P0126,1,119.65,0
O009291,P0080,3,52.81,0
O009291,P0004,1,203.73,0
O009292,P0016,2,490.88,0
O009292,P0028,1,456.12,0
O009293,P0034,3,12.47,10
O009293,P0034,2,12.47,10
O009293,P0024,2,70.63,10
O009294,P0019,1,225.54,0
O009294,P0134,1,14.57,0
O009295,P0139,3,117.86,40
O009295,P0114,1,30.32,40
O009295,P0022,2,535.5,40
O009295,P0057,2,62.31,40
O009296,P0125,1,231.1,0
O009296,P0098,3,5.21,0
O009296,P0016,3,490.88,0
O009296,P0019,1,225.54,0
O009297,P0134,2,14.57,0
O009298,P0137,3,9.05,0
O009299,P0004,1,203.73,0
O009299,P0102,1,6.1,0
O009299,P0074,3,26.63,0
O009299,P0014,3,280.69,0
O009300,P0028,1,456.12,0
O009300,P0009,1,879.03,0
O009301,P0008,1,47.86,0
O009302,P0119,1,111.41,0
O009303,P0040,1,12.05,0
O009303,P0042,3,94.19,0
O009304,P0039,2,35.85,0
O009305,P0015,1,54.36,0
O009305,P0071,1,88.96,0
O009306,P0040,1,12.05,10
O009307,P0099,1,42.13,5
O009307,P0055,2,21.55,5
O009307,P0045,3,36.65,5
O009307,P0002,1,428.99,5
O009308,P0099,3,42.13,0
O009309,P0124,2,16.63,10
O009309,P0145,1,10.1,10
O009309,P0005,2,105.05,10
O009309,P0018,2,103.25,10
O009310,P0084,3,13.25,0
O009310,P0005,1,105.05,0
O009311,P0064,1,101.18,40
O009311,P0009,2,879.03,40
O009311,P0071,1,88.96,40
O009312,P0056,1,54.99,0
O009313,P0023,1,234.72,0
O009314,P0011,1,746.1,0
O009314,P0019,2,225.54,0
O009314,P0002,3,428.99,0
O009315,P0006,1,317.9,0
O009316,P0038,1,11.96,0
O009316,P0134,1,14.57,0
O009317,P0113,3,52.25,0
O009317,P0116,1,64.62,0
O009317,P0053,1,79.81,0
O009318,P0028,3,456.12,0
O009319,P0038,1,11.96,0
O009319,P0049,1,192.27,0
O009320,P0039,2,35.85,0
O009320,P0018,1,103.25,0
O009321,P0114,1,30.32,10
O009321,P0008,2,47.86,10
O009321,P0009,1,879.03,10
O009321,P0109,3,191.49,10
O009322,P0066,1,29.64,0
O009322,P0002,1,428.99,0
O009322,P0095,1,45.19,0
O009322,P0013,1,237.97,0
O009323,P0008,1,47.86,0
O009323,P0144,3,10.61,0
O009323,P0096,1,62.39,0
O009324,P0117,1,37.62,0
O009324,P0100,1,14.85,0
O009324,P0086,1,7.88,0
O009324,P0087,1,72.97,0
O009325,P0053,1,79.81,0
O009325,P0001,1,59.15,0
O009325,P0005,3,105.05,0
O009326,P0035,1,228.97,0
O009326,P0064,1,101.18,0
O009326,P0096,1,62.39,0
O009326,P0147,1,8.3,0
O009327,P0116,1,64.62,15
O009328,P0047,1,22.6,0
O009328,P0108,2,153.58,0
O009329,P0067,3,20.79,0
O009330,P0029,2,612.77,0
O009330,P0011,1,746.1,0
O009330,P0121,1,35.48,0
O009330,P0017,1,45.26,0
O009331,P0043,3,15.93,0
O009332,P0076,3,53.1,0
O009332,P0042,2,94.19,0
O009333,P0089,1,75.8,0
O009333,P0042,1,94.19,0
O009333,P0066,1,29.64,0
O009333,P0087,1,72.97,0
O009334,P0127,1,69.7,10
O009334,P0064,3,101.18,10
O009335,P0020,1,48.67,0
O009335,P0071,1,88.96,0
O009336,P0108,1,153.58,0
O009336,P0039,1,35.85,0
O009336,P0127,1,69.7,0
O009336,P0069,1,25.15,0
O009337,P0051,1,37.8,10
O009338,P0068,1,23.84,0
O009339,P0059,2,46.72,15
O009340,P0045,1,36.65,0
O009341,P0043,1,15.93,0
O009341,P0043,1,15.93,0
O009342,P0001,1,59.15,0
O009343,P0030,2,111.36,0
O009344,P0019,3,225.54,0
O009344,P0047,1,22.6,0
O009344,P0032,1,28.68,0
O009345,P0113,2,52.25,0
O009345,P0069,2,25.15,0
O009346,P0062,1,109.93,0
O009347,P0050,1,23.7,0
O009347,P0105,1,192.4,0
O009348,P0026,1,143.66,0
O009348,P0021,1,103.85,0
O009349,P0027,1,261.66,0
O009350,P0060,2,131.68,0
O009351,P0111,1,68.84,0
O009351,P0012,2,202.16,0
O009351,P0107,1,42.73,0
O009351,P0013,1,237.97,0
O009352,P0022,3,535.5,0
O009352,P0048,1,80.09,0
O009353,P0067,3,20.79,5
O009353,P0136,1,64.01,5
O009353,P0014,1,280.69,5
O009353,P0076,1,53.1,5
O009354,P0130,1,22.25,0
O009354,P0145,2,10.1,0
O009354,P0141,3,32.3,0
O009354,P0132,1,9.56,0
O009355,P0112,1,121.72,0
O009355,P0093,1,36.5,0
O009356,P0074,1,26.63,0
O009356,P0060,1,131.68,0
O009357,P0059,2,46.72,0
O009357,P0007,2,566.07,0
O009358,P0150,2,28.39,0
O009359,P0053,1,79.81,0
O009360,P0051,1,37.8,0
O009361,P0026,2,143.66,0
O009361,P0074,1,26.63,0
O009361,P0004,3,203.73,0
O009362,P0101,1,12.63,0
O009363,P0044,1,96.71,0
O009363,P0046,1,93.34,0
O009364,P0095,1,45.19,0
O009364,P0003,3,70.0,0
O009365,P0107,1,42.73,0
O009365,P0108,1,153.58,0
O009365,P0146,1,36.39,0
O009366,P0025,2,63.7,0
O009367,P0095,2,45.19,0
O009367,P0067,1,20.79,0
O009368,P0103,3,43.56,0
O009368,P0013,1,237.97,0
O009369,P0008,1,47.86,0
O009370,P0058,1,96.6,0
O009370,P0116,1,64.62,0
O009371,P0076,1,53.1,0
O009372,P0030,3,111.36,0
O009372,P0124,1,16.63,0
O009372,P0016,2,490.88,0
O009373,P0067,1,20.79,0
O009373,P0119,2,111.41,0
O009374,P0077,1,86.48,0
O009374,P0045,1,36.65,0
O009375,P0150,2,28.39,0
O009376,P0014,1,280.69,0
O009377,P0091,1,55.44,0
O009377,P0053,1,79.81,0
O009378,P0068,2,23.84,0
O009378,P0038,1,11.96,0
O009378,P0036,2,80.43,0
O009379,P0119,1,111.41,0
O009379,P0076,2,53.1,0
O009379,P0009,1,879.03,0
O009379,P0009,1,879.03,0
O009380,P0047,1,22.6,0
O009380,P0064,1,101.18,0
O009381,P0056,1,54.99,0
O009381,P0078,1,46.55,0
O009382,P0035,2,228.97,0
O009382,P0119,1,111.41,0
O009383,P0049,1,192.27,0
O009383,P0125,1,231.1,0
O009384,P0124,1,16.63,0
O009385,P0069,1,25.15,0
O009385,P0113,1,52.25,0
O009386,P0077,1,86.48,0
O009387,P0126,1,0.0,0
O009387,P0007,1,566.07,0
O009388,P0136,3,64.01,0
O009389,P0024,3,70.63,0
O009389,P0015,1,54.36,0
O009390,P0149,3,21.0,0
O009391,P0028,3,456.12,0
O009391,P0142,1,46.23,0
O009392,P0128,1,40.97,0
O009392,P0023,1,234.72,0
O009393,P0129,1,10.47,0
O009393,P0140,3,95.27,0
O009393,P0010,1,261.54,0
O009394,P0060,1,131.68,0
O009395,P0050,3,23.7,0
O009395,P0054,3,22.5,0
O009396,P0133,1,68.25,0
O009397,P0128,2,40.97,0
O009397,P0144,2,10.61,0
O009398,P0022,1,535.5,0
O009398,P0053,1,79.81,0
O009399,P0026,1,143.66,0
O009399,P0068,1,23.84,0
O009400,P0023,1,234.72,0
O009401,P0059,2,46.72,0
O009402,P0079,1,21.76,0
O009402,P0142,1,46.23,0
O009403,P0059,2,46.72,15
O009403,P0141,1,32.3,15
O009404,P0074,1,26.63,0
O009405,P0002,1,428.99,0
O009405,P0135,1,61.66,0
O009405,P0030,2,111.36,0
O009406,P0010,1,261.54,0
O009406,P0091,1,55.44,0
O009407,P0053,2,79.81,0
O009407,P0142,1,46.23,0
O009407,P0140,1,95.27,0
O009408,P0028,2,456.12,0
O009409,P0012,1,202.16,0
O009409,P0028,1,456.12,0
O009410,P0123,1,13.17,0
O009410,P0051,1,37.8,0
O009411,P0066,1,29.64,0
O009412,P0089,1,75.8,0
O009413,P0102,1,6.1,0
O009413,P0101,1,12.63,0
O009414,P0060,2,131.68,0
O009415,P0007,1,566.07,0
O009415,P0057,3,62.31,0
O009415,P0021,1,103.85,0
O009416,P0115,1,65.77,0
O009417,P0096,1,62.39,0
O009417,P0015,2,54.36,0
O009417,P0099,1,42.13,0
O009418,P0079,1,21.76,0
O009419,P0111,0,68.84,0
O009419,P0049,3,192.27,0
O009420,P0130,3,22.25,0
O009420,P0002,3,428.99,0
O009421,P0047,1,22.6,10
O009422,P0106,3,93.16,0
O009422,P0008,1,47.86,0
O009423,P0061,1,30.11,0
O009423,P0075,2,50.52,0
O009423,P0078,1,46.55,0
O009423,P0027,1,261.66,0
O009424,P0051,3,37.8,0
O009425,P0010,1,261.54,0
O009425,P0046,1,93.34,0
O009426,P0112,1,121.72,0
O009426,P0064,1,101.18,0
O009427,P0080,1,52.81,0
O009427,P0048,1,80.09,0
O009427,P0011,1,746.1,0
O009428,P0071,1,88.96,0
O009428,P0082,1,69.13,0
O009428,P0105,3,192.4,0
O009429,P0077,1,86.48,0
O009430,P0070,3,144.85,10
O009430,P0101,3,12.63,10
O009430,P0115,1,65.77,10
O009430,P0028,1,456.12,10
O009431,P0130,1,22.25,0
O009431,P0147,1,8.3,0
O009431,P0010,2,261.54,0
O009432,P0016,3,490.88,40
O009433,P0001,1,59.15,0
O009433,P0042,2,94.19,0
O009433,P0079,2,21.76,0
O009434,P0061,3,30.11,0
O009434,P0036,3,80.43,0
O009435,P0060,1,131.68,0
O009436,P0133,1,68.25,0
O009436,P0136,3,64.01,0
O009436,P0079,1,21.76,0
O009436,P0138,3,119.25,0
O009437,P0097,2,39.47,0
O009437,P0052,1,96.7,0
O009437,P0032,1,28.68,0
O009438,P0049,1,192.27,0
O009439,P0077,2,86.48,0
O009439,P0108,1,153.58,0
O009440,P0109,3,191.49,0
O009440,P0053,1,79.81,0
O009440,P0034,1,12.47,0
O009440,P0098,2,5.21,0
O009441,P0032,3,28.68,10
O009442,P0043,1,15.93,0
O009443,P0112,1,121.72,0
O009444,P0092,1,9.46,0
O009444,P0079,1,21.76,0
O009444,P0041,3,240.17,0
O009445,P0042,1,94.19,0
O009445,P0005,1,105.05,0
O009445,P0044,3,96.71,0
O009446,P0122,1,44.07,0
O009447,P0004,2,203.73,0
O009448,P0041,3,240.17,0
O009448,P0142,1,46.23,0
O009449,P0037,2,46.51,0
O009449,P0051,1,37.8,0
O009449,P0047,2,22.6,0
O009450,P0090,2,74.94,0
O009451,P0057,3,62.31,20
O009451,P0006,2,317.9,20
O009452,P0052,1,96.7,0
O009452,P0042,2,94.19,0
O009452,P0047,2,22.6,0
O009452,P0093,1,36.5,0
O009453,P0147,1,8.3,0
O009453,P0125,2,231.1,0
O009454,P0065,1,128.91,0
O009455,P0148,1,74.21,0
O009455,P0044,1,96.71,0
O009456,P0019,2,225.54,0
O009456,P0071,1,88.96,0
O009457,P0137,1,9.05,20
O009458,P0137,1,9.05,0
O009459,P0144,1,10.61,0
O009459,P0143,3,10.62,0
O009459,P0149,1,21.0,0
O009460,P0136,1,64.01,0
O009460,P0074,3,26.63,0
O009460,P0102,1,6.1,0
O009461,P0075,1,50.52,0
O009462,P0132,1,9.56,0
O009463,P0111,1,68.84,0
O009463,P0006,1,317.9,0
O009464,P0009,2,879.03,0
O009464,P0095,1,45.19,0
O009464,P0122,1,44.07,0
O009465,P0107,2,42.73,0
O009465,P0048,1,80.09,0
O009466,P0058,1,96.6,10
O009466,P0111,3,68.84,10
O009467,P0137,3,9.05,0
O009467,P0011,1,746.1,0
O009467,P0130,1,22.25,0
O009467,P0034,1,12.47,0
O009468,P0143,3,10.62,0
O009468,P0030,1,111.36,0
O009469,P0033,1,58.2,0
O009470,P0134,1,14.57,10
O009471,P0146,2,36.39,0
O009471,P0018,1,103.25,0
O009472,P0097,1,39.47,0
O009473,P0062,1,109.93,0
O009473,P0075,1,50.52,0
O009474,P0124,1,16.63,0
O009474,P0082,1,69.13,0
O009475,P0097,1,39.47,0
O009476,P0145,2,10.1,0
O009476,P0098,1,5.21,0
O009476,P0067,1,20.79,0
O009477,P0042,1,94.19,10
O009478,P0006,1,317.9,0
O009479,P0017,1,45.26,0
O009480,P0025,2,63.7,0
O009480,P0061,1,30.11,0
O009480,P0065,1,128.91,0
O009480,P0063,1,95.57,0
O009481,P0073,1,99.68,15
O009482,P0020,3,48.67,0
O009482,P0037,1,46.51,0
O009482,P0022,1,535.5,0
O009482,P0110,1,231.1,0
O009483,P0075,3,50.52,0
O009483,P0067,1,20.79,0
O009483,P0069,2,25.15,0
O009484,P0087,1,72.97,0
O009485,P0078,1,46.55,0
O009486,P0065,2,128.91,20
O009487,P0089,2,75.8,0
O009487,P0069,1,25.15,0
O009487,P0125,2,231.1,0
O009488,P0052,1,96.7,0
O009489,P0061,1,30.11,0
O009489,P0037,2,46.51,0
O009490,P0012,3,202.16,0
O009491,P0074,1,26.63,0
O009492,P0128,1,40.97,10
O009492,P0010,1,261.54,10
O009493,P0091,1,55.44,0
O009493,P0057,1,62.31,0
O009494,P0009,1,879.03,0
O009494,P0144,3,10.61,0
O009495,P0006,1,317.9,0
O009496,P0029,3,612.77,0
O009497,P0038,1,11.96,0
O009498,P0129,1,10.47,0
O009498,P0060,1,131.68,0
O009499,P0020,1,48.67,0
O009500,P0099,1,42.13,0
O009500,P0139,3,117.86,0
O009500,P0134,2,14.57,0
O009500,P0092,1,9.46,0
O009501,P0016,1,490.88,0
O009501,P0070,1,144.85,0
O009501,P0101,3,12.63,0
O009501,P0043,1,15.93,0
O009502,P0096,2,62.39,10
O009502,P0106,3,93.16,10
O009502,P0053,1,79.81,10
O009502,P0076,1,53.1,10
O009503,P0135,2,61.66,0
O009504,P0136,1,64.01,0
O009504,P0148,1,74.21,0
O009504,P0078,1,46.55,0
O009504,P0050,1,23.7,0
O009505,P0145,1,10.1,0
O009506,P0149,1,21.0,0
O009507,P0045,1,36.65,0
O009507,P0103,3,43.56,0
O009507,P0093,1,36.5,0
O009508,P0095,1,45.19,0
O009509,P0018,2,103.25,0
O009509,P0069,1,25.15,0
O009510,P0113,2,52.25,0
O009510,P0031,3,100.42,0
O009511,P0017,1,45.26,0
O009511,P0141,2,32.3,0
O009512,P0041,3,240.17,0
O009513,P0045,2,36.65,0
O009513,P0141,1,32.3,0
O009513,P0135,2,61.66,0
O009514,P0005,1,105.05,0
O009515,P0116,1,64.62,0
O009515,P0037,1,46.51,0
O009515,P0094,1,42.24,0
O009516,P0056,1,54.99,0
O009517,P0104,1,56.02,20
O009517,P0041,1,240.17,20
O009518,P0079,1,21.76,0
O009519,P0057,2,62.31,0
O009519,P0040,1,12.05,0
O009519,P0062,2,109.93,0
O009519,P0083,3,45.29,0
O009520,P0033,3,58.2,0
O009521,P0047,2,22.6,0
O009521,P0073,1,99.68,0
O009521,P0082,1,69.13,0
O009521,P0117,3,37.62,0
O009522,P0028,1,456.12,0
O009522,P0040,2,12.05,0
O009522,P0123,3,13.17,0
O009523,P0039,1,35.85,15
O009523,P0007,2,566.07,15
O009524,P0080,1,52.81,0
O009525,P0096,2,62.39,0
O009525,P0003,3,70.0,0
O009525,P0033,1,58.2,0
O009525,P0020,2,48.67,0
O009526,P0057,1,62.31,0
O009526,P0137,1,9.05,0
O009527,P0036,1,80.43,0
O009528,P0029,1,612.77,0
O009529,P0027,1,261.66,0
O009529,P0011,1,746.1,0
O009530,P0043,3,15.93,0
O009530,P0044,1,96.71,0
O009531,P0048,3,80.09,0
O009532,P0118,2,60.49,0
O009532,P0034,1,12.47,0
O009533,P0050,2,23.7,0
O009533,P0083,2,45.29,0
O009534,P0025,1,63.7,0
O009535,P0011,3,746.1,10
O009535,P0009,1,879.03,10
O009536,P0086,2,7.88,0
O009537,P0013,2,237.97,0
O009538,P0121,2,35.48,10
O009538,P0021,1,103.85,10
O009539,P0022,1,535.5,10
O009539,P0015,1,54.36,10
O009539,P0071,1,88.96,10
O009540,P0059,3,46.72,0
O009540,P0060,1,131.68,0
O009541,P0066,1,29.64,0
O009541,P0013,1,237.97,0
O009542,P0091,1,55.44,0
O009542,P0127,3,69.7,0
O009543,P0129,1,10.47,0
O009543,P0135,3,61.66,0
O009544,P0140,3,95.27,0
O009544,P0098,3,5.21,0
O009544,P0144,3,10.61,0
O009545,P0045,1,36.65,0
O009546,P0047,2,22.6,0
O009546,P0135,2,61.66,0
O009547,P0127,1,69.7,0
O009547,P0093,2,36.5,0
O009548,P0135,1,61.66,0
O009549,P0142,3,46.23,0
O009549,P0028,1,456.12,0
O009549,P0067,1,20.79,0
O009550,P0129,1,10.47,0
O009550,P0052,1,96.7,0
O009550,P0084,1,13.25,0
O009551,P0074,1,26.63,10
O009551,P0134,3,14.57,10
O009551,P0037,1,46.51,10
O009551,P0140,1,95.27,10
O009552,P0033,3,58.2,10
O009552,P0136,1,64.01,10
O009552,P0141,3,32.3,10
O009552,P0124,1,16.63,10
O009553,P0023,1,234.72,0
O009553,P0054,1,22.5,0
O009554,P0149,3,21.0,0
O009554,P0016,1,490.88,0
O009554,P0062,1,109.93,0
O009555,P0071,1,88.96,0
O009555,P0045,1,36.65,0
O009555,P0113,2,52.25,0
O009555,P0097,1,39.47,0
O009556,P0081,1,38.74,0
O009557,P0127,3,69.7,20
O009557,P0128,1,40.97,20
O009557,P0065,2,128.91,20
O009558,P0046,1,93.34,0
O009559,P0028,1,456.12,0
O009560,P0124,1,16.63,0
O009560,P0044,1,96.71,0
O009560,P0139,2,117.86,0
O009561,P0088,2,12.2,0
O009561,P0007,3,566.07,0
O009561,P0071,1,88.96,0
O009561,P0039,3,35.85,0
O009562,P0071,1,88.96,15
O009562,P0046,3,93.34,15
O009563,P0107,1,42.73,0
O009564,P0071,1,88.96,10
O009565,P0090,1,74.94,0
O009565,P0055,3,21.55,0
O009566,P0098,1,5.21,0
O009566,P0125,3,231.1,0
O009567,P0066,2,29.64,0
O009567,P0078,3,46.55,0
O009567,P0007,1,566.07,0
O009567,P0017,3,45.26,0
O009568,P0049,1,192.27,0
O009568,P0027,1,261.66,0
O009569,P0088,2,12.2,0
O009570,P0105,1,192.4,0
O009571,P0043,2,15.93,0
O009572,P0099,1,42.13,0
O009572,P0126,3,119.65,0
O009572,P0133,1,68.25,0
O009573,P0033,2,58.2,0
O009574,P0140,3,95.27,10
O009574,P0032,1,28.68,10
O009574,P0020,3,48.67,10
O009575,P0092,1,9.46,0
O009575,P0110,3,231.1,0
O009576,P0038,1,11.96,0
O009577,P0047,1,22.6,0
O009577,P0130,1,22.25,0
O009577,P0052,3,96.7,0
O009578,P0076,1,53.1,0
O009578,P0038,1,11.96,0
O009579,P0071,3,88.96,0
O009580,P0040,1,12.05,0
O009580,P0109,1,191.49,0
O009581,P0106,1,93.16,0
O009581,P0052,2,96.7,0
O009582,P0081,2,38.74,0
O009583,P0020,2,48.67,0
O009584,P0061,2,30.11,10
O009584,P0038,2,11.96,10
O009584,P0056,3,54.99,10
O009585,P0064,3,101.18,0
O009585,P0100,1,14.85,0
O009586,P0090,1,74.94,15
O009586,P0029,1,612.77,15
O009587,P0081,1,38.74,0
O009588,P0075,1,50.52,0
O009589,P0035,3,228.97,40
O009590,P0044,1,96.71,0
O009590,P0078,1,46.55,0
O009590,P0035,1,228.97,0
O009590,P0118,1,60.49,0
O009591,P0042,2,94.19,0
O009592,P0008,2,47.86,0
O009592,P0023,1,234.72,0
O009592,P0072,1,22.81,0
O009593,P0075,3,50.52,0
O009593,P0063,1,95.57,0
O009594,P0018,2,103.25,0
O009594,P0095,1,45.19,0
O009594,P0056,1,54.99,0
O009595,P0083,1,45.29,0
O009596,P0120,2,233.46,0
O009596,P0049,1,192.27,0
O009596,P0103,1,43.56,0
O009596,P0031,1,100.42,0
O009597,P0045,1,36.65,0
O009598,P0040,1,12.05,40
O009599,P0069,1,25.15,0
O009600,P0011,2,746.1,0
O009600,P0100,2,14.85,0
O009600,P0085,1,72.91,0
O009601,P0114,1,30.32,0
O009601,P0110,2,231.1,0
O009602,P0050,-1,23.7,0
O009603,P0104,1,56.02,0
O009603,P0002,1,428.99,0
O009604,P0017,3,45.26,0
O009605,P0050,1,23.7,0
O009605,P0007,2,566.07,0
O009606,P0066,1,29.64,0
O009606,P0002,1,428.99,0
O009606,P0150,1,28.39,0
O009606,P0012,2,202.16,0
O009607,P0116,1,64.62,0
O009607,P0028,1,456.12,0
O009607,P0112,3,121.72,0
O009608,P0022,3,535.5,0
O009609,P0057,2,62.31,0
O009609,P0005,2,105.05,0
O009610,P0065,2,128.91,0
O009611,P0099,1,42.13,0
O009612,P0139,2,117.86,0
O009613,P0114,1,30.32,0
O009614,P0135,1,61.66,0
O009614,P0145,2,10.1,0
O009615,P0106,3,93.16,0
O009616,P0017,2,45.26,0
O009617,P0077,3,86.48,0
O009618,P0128,1,40.97,40
O009618,P0140,3,95.27,40
O009619,P0148,1,74.21,0
O009620,P0108,2,153.58,0
O009621,P0131,1,10.19,0
O009621,P0039,1,35.85,0
O009621,P0003,2,70.0,0
O009622,P0008,1,47.86,0
O009622,P0112,3,121.72,0
O009622,P0012,1,202.16,0
O009622,P0036,1,80.43,0
O009623,P0001,1,59.15,0
O009624,P0119,1,111.41,0
O009625,P0038,3,11.96,0
O009625,P0043,1,15.93,0
O009626,P0089,1,75.8,20
O009626,P0045,3,36.65,20
O009627,P0003,2,70.0,0
O009628,P0115,1,65.77,10
O009629,P0078,3,46.55,0
O009630,P0027,3,261.66,0
O009630,P0011,1,746.1,0
O009631,P0110,1,231.1,0
O009632,P0072,3,22.81,0
O009633,P0039,1,35.85,0
O009634,P0009,1,879.03,0
O009634,P0062,2,109.93,0
O009634,P0110,1,231.1,0
O009634,P0101,2,12.63,0
O009635,P0063,1,95.57,0
O009636,P0007,1,566.07,0
O009636,P0061,1,30.11,0
O009636,P0149,2,21.0,0
O009637,P0091,1,55.44,0
O009637,P0010,1,261.54,0
O009638,P0057,1,62.31,0
O009639,P0132,1,9.56,0
O009639,P0031,1,100.42,0
O009640,P0125,1,231.1,0
O009640,P0111,1,68.84,0
O009641,P0147,2,8.3,0
O009642,P0129,3,10.47,20
O009642,P0129,3,10.47,20
O009642,P0034,1,12.47,20
O009643,P0048,3,80.09,20
O009643,P0076,1,53.1,20
O009643,P0099,1,42.13,20
O009643,P0142,2,46.23,20
O009644,P0024,3,70.63,0
O009644,P0126,1,119.65,0
O009644,P0058,2,96.6,0
O009645,P0032,1,28.68,0
O009645,P0128,1,40.97,0
O009645,P0082,1,69.13,0
O009646,P0071,3,88.96,0
O009646,P0103,1,43.56,0
O009646,P0148,2,74.21,0
O009646,P0061,1,30.11,0
O009647,P0136,1,64.01,0
O009647,P0124,1,16.63,0
O009648,P0010,2,261.54,0
O009649,P0068,2,23.84,0
O009649,P0031,2,100.42,0
O009649,P0051,1,37.8,0
O009650,P0016,1,490.88,0
O009650,P0103,2,43.56,0
O009651,P0084,3,13.25,0
O009651,P0014,1,280.69,0
O009651,P0025,2,63.7,0
O009651,P0035,1,228.97,0
O009652,P0104,1,56.02,0
O009653,P0072,1,22.81,0
O009654,P0106,1,93.16,0
O009655,P0054,2,22.5,0
O009655,P0052,1,96.7,0
O009656,P0028,1,456.12,0
O009657,P0050,3,23.7,0
O009657,P0050,3,23.7,0
O009657,P0070,3,144.85,0
O009657,P0060,1,131.68,0
O009658,P0099,3,42.13,0
O009658,P0112,1,121.72,0
O009658,P0035,2,228.97,0
O009659,P0017,1,45.26,0
O009659,P0002,2,428.99,0
O009659,P0008,1,47.86,0
O009660,P0030,3,111.36,0
O009660,P0074,3,26.63,0
O009660,P0024,1,70.63,0
O009660,P0060,1,131.68,0
O009661,P0104,3,56.02,0
O009661,P0084,2,13.25,0
O009661,P0078,1,46.55,0
O009661,P0121,1,35.48,0
O009662,P0023,1,234.72,0
O009663,P0029,2,612.77,0
O009663,P0074,2,26.63,0
O009663,P0007,1,566.07,0
O009663,P0014,3,280.69,0
O009664,P0068,1,23.84,0
O009665,P0057,1,62.31,0
O009666,P0145,3,10.1,0
O009667,P0093,1,36.5,0
O009668,P0026,1,143.66,0
O009668,P0019,2,225.54,0
O009668,P0119,1,111.41,0
O009669,P0136,1,64.01,10
O009670,P0105,2,192.4,0
O009670,P0119,1,111.41,0
O009670,P0099,1,42.13,0
O009670,P0044,2,96.71,0
O009671,P0010,1,261.54,0
O009671,P0051,2,37.8,0
O009671,P0052,3,96.7,0
O009672,P0112,3,121.72,10
O009672,P0042,1,94.19,10
O009672,P0077,1,86.48,10
O009673,P0110,1,231.1,0
O009674,P0023,1,234.72,0
O009674,P0023,1,234.72,0
O009674,P0080,1,52.81,0
O009675,P0073,1,99.68,0
O009675,P0011,1,746.1,0
O009676,P0024,2,70.63,0
O009677,P0072,1,22.81,0
O009677,P0064,1,101.18,0
O009678,P0113,1,52.25,0
O009678,P0095,1,45.19,0
O009679,P0086,1,7.88,0
O009679,P0008,3,47.86,0
O009680,P0146,3,36.39,0
O009680,P0055,1,21.55,0
O009681,P0002,2,428.99,0
O009681,P0061,1,30.11,0
O009682,P0047,3,22.6,0
O009682,P0096,1,62.39,0
O009683,P0042,1,94.19,0
O009684,P0065,2,128.91,0
O009684,P0010,2,261.54,0
O009684,P0018,3,103.25,0
O009685,P0044,1,96.71,0
O009685,P0014,1,280.69,0
O009686,P0053,1,79.81,0
O009686,P0044,1,96.71,0
O009687,P0100,1,14.85,0
O009688,P0069,1,25.15,0
O009688,P0020,3,48.67,0
O009688,P0075,1,50.52,0
O009689,P0022,1,535.5,10
O009689,P0030,2,111.36,10
O009689,P0085,1,72.91,10
O009690,P0005,1,105.05,0
O009690,P0125,3,231.1,0
O009691,P0057,1,62.31,0
O009692,P0005,1,105.05,0
O009693,P0016,3,490.88,0
O009693,P0022,1,535.5,0
O009693,P0103,1,43.56,0
O009693,P0003,2,70.0,0
O009694,P0008,1,47.86,0
O009695,P0043,1,15.93,0
O009695,P0015,1,54.36,0
O009696,P0013,3,237.97,0
O009696,P0035,2,228.97,0
O009696,P0033,1,58.2,0
O009696,P0098,3,5.21,0
O009697,P0043,1,15.93,0
O009698,P0015,1,54.36,0
O009699,P0013,1,237.97,0
O009699,P0109,3,191.49,0
O009699,P0042,2,94.19,0
O009700,P0086,1,7.88,0
O009701,P0146,3,36.39,0
O009701,P0137,3,9.05,0
O009702,P0082,3,69.13,0
O009702,P0032,1,28.68,0
O009703,P0148,1,74.21,0
O009704,P0003,1,70.0,0
O009704,P0062,2,109.93,0
O009704,P0014,1,280.69,0
O009705,P0013,1,237.97,0
O009705,P0087,3,72.97,0
O009706,P0013,2,237.97,0
O009706,P0074,3,26.63,0
O009707,P0033,3,58.2,10
O009707,P0030,2,111.36,10
O009707,P0118,1,60.49,10
O009707,P0005,1,105.05,10
O009708,P0112,1,121.72,0
O009708,P0125,3,231.1,0
O009709,P0009,1,879.03,0
O009710,P0130,1,22.25,0
O009710,P0022,1,535.5,0
O009710,P0107,3,42.73,0
O009710,P0082,1,69.13,0
O009711,P0062,2,109.93,0
O009711,P0036,3,80.43,0
O009711,P0144,2,10.61,0
O009712,P0049,1,192.27,0
O009712,P0043,1,15.93,0
O009712,P0119,3,111.41,0
O009712,P0090,1,74.94,0
O009713,P0081,1,38.74,0
O009713,P0102,3,6.1,0
O009714,P0029,1,612.77,5
O009714,P0055,1,21.55,5
O009715,P0014,3,280.69,0
O009716,P0042,1,94.19,0
O009716,P0013,2,237.97,0
O009716,P0085,1,72.91,0
O009717,P0015,1,54.36,0
O009718,P0114,3,30.32,0
O009719,P0030,1,111.36,0
O009720,P0056,1,54.99,0
O009721,P0062,2,109.93,0
O009722,P0118,2,60.49,0
O009722,P0047,3,22.6,0
O009722,P0047,2,22.6,0
O009722,P0050,1,23.7,0
O009723,P0043,1,15.93,0
O009724,P0144,1,10.61,0
O009725,P0061,1,30.11,0
O009725,P0149,1,21.0,0
O009726,P0086,2,7.88,0
O009727,P0129,3,10.47,15
O009727,P0139,1,117.86,15
O009727,P0044,1,96.71,15
O009728,P0045,3,36.65,0
O009729,P0135,2,61.66,0
O009730,P0068,1,23.84,40
O009731,P0118,3,60.49,0
O009731,P0080,2,52.81,0
O009732,P0040,1,12.05,0
O009732,P0142,3,46.23,0
O009732,P0118,1,60.49,0
O009733,P0131,1,10.19,0
O009733,P0032,3,28.68,0
O009734,P0139,1,117.86,0
O009735,P0143,1,10.62,0
O009735,P0123,1,13.17,0
O009736,P0096,1,62.39,0
O009737,P0084,1,13.25,0
O009738,P0050,1,23.7,0
O009738,P0092,1,9.46,0
O009739,P0033,1,58.2,0
O009740,P0043,2,15.93,0
O009740,P0069,3,25.15,0
O009741,P0148,2,74.21,0
O009741,P0149,1,21.0,0
O009741,P0063,1,95.57,0
O009741,P0059,3,46.72,0
O009742,P0074,2,26.63,0
O009742,P0033,1,58.2,0
O009743,P0036,1,80.43,0
O009743,P0119,2,111.41,0
O009743,P0060,1,131.68,0
O009743,P0109,2,191.49,0
O009744,P0143,2,10.62,0
O009745,P0090,1,74.94,0
O009746,P0078,2,0.0,0
O009746,P0026,1,143.66,0
O009747,P0124,1,16.63,0
O009747,P0051,0,37.8,0
O009747,P0111,1,68.84,0
O009747,P0087,2,72.97,0
O009748,P0033,1,58.2,0
O009748,P0091,1,55.44,0
O009749,P0028,3,456.12,0
O009749,P0028,1,456.12,0
O009750,P0120,2,233.46,0
O009751,P0057,2,62.31,0
O009752,P0084,2,13.25,0
O009752,P0077,1,86.48,0
O009753,P0120,3,233.46,0
O009753,P0057,-1,62.31,0
O009753,P0065,1,128.91,0
O009753,P0134,3,14.57,0
O009754,P0118,1,60.49,0
O009754,P0056,2,54.99,0
O009755,P0112,1,121.72,0
O009755,P0020,1,48.67,0
O009755,P0035,1,228.97,0
O009756,P0123,1,13.17,0
O009757,P0031,1,100.42,0
O009757,P0112,1,121.72,0
O009757,P0126,3,119.65,0
O009757,P0103,3,43.56,0
O009758,P0141,2,32.3,0
O009759,P0116,2,64.62,0
O009759,P0127,2,69.7,0
O009760,P0045,1,36.65,0
O009760,P0056,1,54.99,0
O009760,P0134,3,14.57,0
O009761,P0103,2,43.56,0
O009762,P0083,2,45.29,0
O009762,P0057,1,62.31,0
O009763,P0108,3,153.58,0
O009764,P0108,1,153.58,0
O009764,P0016,1,490.88,0
O009765,P0118,3,60.49,5
O009766,P0086,3,7.88,15
O009766,P0051,2,37.8,15
O009767,P0018,2,103.25,40
O009767,P0056,1,54.99,40
O009767,P0033,1,58.2,40
O009767,P0117,2,37.62,40
O009768,P0023,1,234.72,0
O009768,P0095,3,45.19,0
O009768,P0038,2,11.96,0
O009769,P0120,2,233.46,0
O009769,P0064,2,101.18,0
O009770,P0059,1,46.72,0
O009771,P0074,1,26.63,0
O009771,P0038,2,11.96,0
O009772,P0004,3,203.73,0
O009772,P0086,2,7.88,0
O009772,P0002,1,428.99,0
O009772,P0045,1,36.65,0
O009773,P0017,1,45.26,0
O009773,P0061,3,30.11,0
O009773,P0134,1,14.57,0
O009774,P0146,2,36.39,20
O009774,P0063,2,95.57,20
O009775,P0139,1,117.86,0
O009775,P0063,1,95.57,0
O009775,P0093,1,36.5,0
O009776,P0076,3,53.1,0
O009776,P0035,1,228.97,0
O009777,P0050,3,23.7,0
O009778,P0120,1,233.46,0
O009778,P0009,1,879.03,0
O009778,P0042,1,94.19,0
O009779,P0018,1,103.25,0
O009779,P0089,3,75.8,0
O009779,P0032,1,28.68,0
O009780,P0120,2,233.46,0
O009780,P0041,1,240.17,0
O009780,P0071,1,88.96,0
O009781,P0010,1,261.54,0
O009781,P0012,1,202.16,0
O009782,P0091,1,55.44,0
O009782,P0094,1,42.24,0
O009782,P0107,2,42.73,0
O009783,P0016,1,490.88,0
O009783,P0010,2,261.54,0
O009783,P0119,1,111.41,0
O009783,P0052,1,96.7,0
O009784,P0061,1,30.11,20
O009784,P0024,3,70.63,20
O009784,P0109,1,191.49,20
O009785,P0073,3,99.68,0
O009785,P0062,1,109.93,0
O009786,P0072,1,22.81,5
O009786,P0020,2,48.67,5
O009786,P0018,1,103.25,5
O009786,P0044,2,96.71,5
O009787,P0047,3,22.6,0
O009787,P0022,1,535.5,0
O009787,P0028,1,456.12,0
O009787,P0115,3,65.77,0
O009788,P0074,1,26.63,0
O009789,P0003,3,70.0,0
O009789,P0119,1,111.41,0
O009790,P0065,2,128.91,0
O009790,P0078,1,46.55,0
O009790,P0137,1,9.05,0
O009791,P0068,1,23.84,0
O009792,P0074,1,26.63,0
O009792,P0123,1,13.17,0
O009793,P0040,1,12.05,0
O009793,P0001,1,59.15,0
O009793,P0130,3,22.25,0
O009793,P0111,3,68.84,0
O009794,P0006,1,317.9,10
O009794,P0050,1,23.7,10
O009795,P0125,2,231.1,0
O009796,P0062,1,109.93,0
O009797,P0076,2,53.1,0
O009798,P0125,3,231.1,0
O009799,P0012,1,202.16,15
O009799,P0112,3,121.72,15
O009800,P0112,3,121.72,0
O009800,P0050,1,23.7,0
O009801,P0130,3,22.25,0
O009801,P0022,1,535.5,0
O009802,P0148,1,74.21,0
O009803,P0041,1,240.17,0
O009803,P0082,1,69.13,0
O009803,P0120,1,233.46,0
O009803,P0068,1,23.84,0
O009804,P0131,2,10.19,0
O009805,P0145,3,10.1,10
O009805,P0049,1,192.27,10
O009806,P0014,1,280.69,0
O009807,P0053,2,79.81,10
O009807,P0030,1,111.36,10
O009808,P0039,1,35.85,0
O009809,P0046,1,93.34,0
O009809,P0032,2,28.68,0
O009809,P0019,1,225.54,0
O009810,P0045,2,36.65,0
O009811,P0138,3,119.25,0
O009812,P0080,1,52.81,0
O009813,P0101,3,12.63,0
O009813,P0074,1,26.63,0
O009813,P0097,1,39.47,0
O009814,P0069,1,25.15,0
O009814,P0050,3,23.7,0
O009815,P0088,1,12.2,0
O009816,P0063,1,95.57,0
O009816,P0128,3,40.97,0
O009817,P0025,1,63.7,0
O009817,P0064,3,101.18,0
O009818,P0123,1,13.17,0
O009819,P0026,1,143.66,0
O009820,P0122,3,44.07,0
O009821,P0077,1,86.48,0
O009821,P0073,1,99.68,0
O009822,P0025,3,63.7,0
O009823,P0105,1,192.4,0
O009823,P0118,2,60.49,0
O009823,P0106,1,93.16,0
O009823,P0019,1,225.54,0
O009824,P0116,3,64.62,0
O009825,P0008,3,47.86,10
O009825,P0114,1,30.32,10
O009826,P0078,1,46.55,0
O009826,P0038,1,11.96,0
O009827,P0001,2,59.15,0
O009828,P0126,3,119.65,0
O009829,P0056,1,54.99,0
O009829,P0112,1,121.72,0
O009830,P0018,1,103.25,0
O009830,P0035,3,228.97,0
O009831,P0103,1,43.56,0
O009831,P0031,1,100.42,0
O009832,P0005,1,105.05,0
O009833,P0040,1,12.05,0
O009834,P0038,1,11.96,0
O009834,P0028,1,456.12,0
O009834,P0050,3,23.7,0
O009835,P0088,1,12.2,0
O009836,P0035,1,228.97,0
O009836,P0034,1,12.47,0
O009836,P0067,1,20.79,0
O009837,P0074,3,26.63,0
O009838,P0019,3,225.54,0
O009838,P0028,1,456.12,0
O009838,P0024,2,70.63,0
O009839,P0090,1,74.94,0
O009839,P0058,2,96.6,0
O009840,P0099,1,42.13,0
O009841,P0060,2,131.68,0
O009842,P0047,1,22.6,0
O009842,P0024,1,70.63,0
O009842,P0050,1,23.7,0
O009843,P0018,1,103.25,0
O009843,P0015,1,54.36,0
O009844,P0019,2,225.54,0
O009844,P0029,3,612.77,0
O009845,P0091,1,55.44,0
O009845,P0020,1,48.67,0
O009846,P0100,1,14.85,0
O009847,P0098,2,5.21,0
O009847,P0018,1,103.25,0
O009847,P0005,1,105.05,0
O009848,P0063,1,95.57,0
O009848,P0051,1,37.8,0
O009848,P0003,1,70.0,0
O009849,P0075,3,50.52,5
O009849,P0034,2,12.47,5
O009850,P0034,2,12.47,10
O009850,P0105,1,192.4,10
O009850,P0006,1,317.9,10
O009851,P0074,3,26.63,0
O009852,P0023,1,234.72,0
O009852,P0018,1,103.25,0
O009853,P0010,1,261.54,0
O009854,P0037,1,46.51,0
O009855,P0057,1,62.31,0
O009856,P0086,1,7.88,0
O009856,P0129,2,10.47,0
O009857,P0128,2,40.97,0
O009858,P0147,2,8.3,10
O009858,P0069,2,25.15,10
O009858,P0020,1,48.67,10
O009858,P0133,1,68.25,10
O009859,P0109,1,191.49,0
O009859,P0113,1,52.25,0
O009860,P0009,1,879.03,0
O009861,P0019,1,225.54,0
O009861,P0150,1,28.39,0
O009861,P0058,1,96.6,0
O009861,P0145,1,10.1,0
O009862,P0123,1,13.17,0
O009863,P0054,0,22.5,0
O009863,P0141,1,32.3,0
O009863,P0068,2,23.84,0
O009863,P0052,1,96.7,0
O009864,P0044,2,96.71,0
O009864,P0081,1,38.74,0
O009864,P0028,3,456.12,0
O009864,P0059,2,46.72,0
O009865,P0123,1,13.17,0
O009866,P0139,1,117.86,0
O009866,P0035,1,228.97,0
O009866,P0129,2,10.47,0
O009866,P0022,1,535.5,0
O009867,P0011,1,746.1,0
O009867,P0131,1,10.19,0
O009868,P0032,1,28.68,0
O009868,P0055,3,21.55,0
O009868,P0023,1,234.72,0
O009869,P0051,3,37.8,10
O009869,P0014,2,280.69,10
O009869,P0055,1,21.55,10
O009870,P0092,3,9.46,0
O009871,P0141,1,32.3,0
O009872,P0082,3,69.13,0
O009873,P0029,1,612.77,0
O009873,P0068,1,23.84,0
O009873,P0115,3,65.77,0
O009873,P0072,1,22.81,0
O009874,P0100,2,14.85,5
O009874,P0009,3,879.03,5
O009874,P0019,1,225.54,5
O009874,P0067,1,20.79,5
O009875,P0126,1,119.65,0
O009875,P0012,2,202.16,0
O009875,P0045,1,36.65,0
O009875,P0104,1,56.02,0
O009876,P0046,1,93.34,15
O009877,P0024,1,70.63,0
O009878,P0140,1,95.27,0
O009879,P0092,3,9.46,0
O009880,P0061,2,30.11,0
O009880,P0107,3,42.73,0
O009881,P0001,3,59.15,0
O009881,P0071,1,88.96,0
O009881,P0046,2,93.34,0
O009881,P0051,3,37.8,0
O009882,P0110,1,231.1,0
O009883,P0007,3,566.07,0
O009883,P0073,1,99.68,0
O009883,P0029,-1,612.77,0
O009884,P0116,3,64.62,0
O009885,P0043,1,15.93,0
O009885,P0051,1,37.8,0
O009885,P0005,1,105.05,0
O009885,P0042,1,94.19,0
O009886,P0072,2,22.81,0
O009887,P0022,1,535.5,0
O009887,P0046,3,93.34,0
O009888,P0131,1,10.19,0
O009888,P0061,3,30.11,0
O009888,P0087,1,72.97,0
O009889,P0039,1,35.85,0
O009890,P0098,3,5.21,0
O009890,P0077,1,86.48,0
O009890,P0053,2,79.81,0
O009890,P0063,1,95.57,0
O009891,P0095,3,45.19,0
O009891,P0117,1,37.62,0
O009891,P0050,2,23.7,0
O009891,P0031,1,100.42,0
O009892,P0061,3,30.11,0
O009892,P0065,2,128.91,0
O009893,P0021,3,103.85,0
O009893,P0061,3,30.11,0
O009894,P0085,3,72.91,0
O009895,P0048,1,80.09,0
O009895,P0093,3,36.5,0
O009896,P0093,1,36.5,0
O009896,P0024,0,70.63,0
O009896,P0070,1,144.85,0
O009897,P0091,1,55.44,0
O009897,P0091,1,55.44,0
O009897,P0099,2,42.13,0
O009898,P0098,1,5.21,0
O009899,P0043,2,15.93,10
O009899,P0101,1,12.63,10
O009899,P0103,1,43.56,10
O009900,P0147,1,8.3,10
O009901,P0002,1,428.99,0
O009901,P0049,2,192.27,0
O009901,P0098,1,5.21,0
O009901,P0004,1,203.73,0
O009902,P0095,3,45.19,0
O009903,P0004,1,203.73,0
O009904,P0080,1,52.81,0
O009904,P0124,3,16.63,0
O009904,P0076,2,53.1,0
O009904,P0050,1,23.7,0
O009905,P0007,1,566.07,0
O009906,P0115,1,65.77,0
O009906,P0002,1,428.99,0
O009906,P0090,1,74.94,0
O009907,P0033,3,58.2,0
O009908,P0027,3,261.66,20
O009908,P0137,1,9.05,20
O009909,P0138,1,119.25,0
O009910,P0091,2,55.44,0
O009911,P0129,3,10.47,0
O009912,P0059,1,46.72,0
O009912,P0011,2,746.1,0
O009913,P0141,1,32.3,0
O009914,P0043,1,15.93,0
O009915,P0102,2,6.1,0
O009916,P0133,1,68.25,0
O009916,P0127,3,69.7,0
O009917,P0034,2,12.47,0
O009917,P0097,1,39.47,0
O009917,P0085,3,72.91,0
O009918,P0135,3,61.66,0
O009919,P0119,1,111.41,10
O009919,P0105,1,192.4,10
O009919,P0025,1,63.7,10
O009920,P0051,3,37.8,40
O009921,P0060,1,131.68,0
O009921,P0018,1,103.25,0
O009921,P0003,3,70.0,0
O009922,P0062,3,109.93,0
O009922,P0035,3,228.97,0
O009922,P0059,1,46.72,0
O009922,P0116,1,64.62,0
O009923,P0102,1,6.1,0
O009924,P0094,1,42.24,0
O009925,P0030,1,111.36,0
O009925,P0117,2,37.62,0
O009925,P0126,1,119.65,0
O009925,P0136,2,64.01,0
O009926,P0023,1,234.72,0
O009926,P0144,3,10.61,0
O009926,P0029,1,612.77,0
O009927,P0018,1,103.25,0
O009927,P0058,1,96.6,0
O009928,P0005,1,105.05,0
O009928,P0078,1,46.55,0
O009929,P0040,1,12.05,0
O009929,P0030,1,111.36,0
O009930,P0020,1,48.67,0
O009930,P0033,1,58.2,0
O009930,P0039,1,35.85,0
O009931,P0068,3,23.84,0
O009932,P0033,1,58.2,0
O009932,P0008,1,47.86,0
O009933,P0110,1,231.1,0
O009934,P0133,3,68.25,0
O009934,P0057,1,62.31,0
O009935,P0104,1,56.02,10
O009935,P0061,1,30.11,10
O009936,P0076,2,53.1,5
O009936,P0058,1,96.6,5
O009936,P0041,1,240.17,5
O009936,P0116,1,64.62,5
O009937,P0023,3,234.72,0
O009937,P0150,2,28.39,0
O009938,P0010,1,261.54,0
O009938,P0051,3,37.8,0
O009938,P0137,1,9.05,0
O009939,P0033,3,58.2,0
O009939,P0064,1,101.18,0
O009940,P0052,1,96.7,0
O009941,P0137,1,9.05,0
O009942,P0079,2,21.76,0
O009942,P0077,2,86.48,0
O009943,P0139,3,117.86,0
O009944,P0033,3,58.2,0
O009945,P0033,2,58.2,0
O009945,P0137,3,9.05,0
O009946,P0061,1,30.11,10
O009947,P0026,1,143.66,0
O009948,P0066,1,29.64,0
O009949,P0113,3,52.25,20
O009950,P0138,2,119.25,0
O009950,P0053,1,79.81,0
O009950,P0032,2,28.68,0
O009951,P0029,1,612.77,0
O009952,P0149,2,21.0,0
O009952,P0036,1,80.43,0
O009953,P0137,1,9.05,0
O009954,P0107,1,42.73,0
O009954,P0144,1,10.61,0
O009954,P0129,1,10.47,0
O009954,P0076,2,53.1,0
O009955,P0083,3,45.29,0
O009955,P0046,1,93.34,0
O009955,P0033,2,58.2,0
O009956,P0036,3,80.43,40
O009957,P0118,1,60.49,0
O009958,P0091,1,55.44,0
O009959,P0032,1,28.68,0
O009959,P0047,1,22.6,0
O009959,P0133,2,68.25,0
O009960,P0095,1,45.19,0
O009960,P0085,1,72.91,0
O009961,P0144,3,10.61,0
O009961,P0142,3,46.23,0
O009962,P0097,1,39.47,0
O009963,P0046,1,93.34,0
O009963,P0101,3,12.63,0
O009964,P0120,1,233.46,0
O009964,P0095,3,45.19,0
O009965,P0042,1,94.19,10
O009965,P0004,1,203.73,10
O009966,P0114,1,30.32,0
O009967,P0046,1,93.34,0
O009968,P0020,1,48.67,15
O009968,P0091,3,55.44,15
O009969,P0024,1,70.63,0
O009970,P0096,1,62.39,0
O009970,P0044,2,96.71,0
O009971,P0104,2,56.02,10
O009972,P0132,2,9.56,0
O009973,P0005,2,105.05,0
O009973,P0023,2,234.72,0
O009973,P0056,1,54.99,0
O009974,P0072,3,22.81,0
O009975,P0074,1,26.63,0
O009975,P0128,1,40.97,0
O009976,P0100,1,14.85,0
O009977,P0027,3,261.66,0
O009977,P0058,1,96.6,0
O009978,P0039,1,35.85,0
O009978,P0073,1,99.68,0
O009978,P0059,1,46.72,0
O009979,P0053,1,79.81,0
O009979,P0133,1,68.25,0
O009979,P0035,1,228.97,0
O009980,P0043,3,15.93,0
O009981,P0143,1,10.62,0
O009982,P0114,1,30.32,0
O009982,P0023,3,234.72,0
O009982,P0134,2,14.57,0
O009982,P0140,1,95.27,0
O009983,P0077,1,86.48,0
O009983,P0014,1,280.69,0
O009984,P0012,1,202.16,0
O009984,P0057,1,62.31,0
O009984,P0141,1,32.3,0
O009984,P0103,1,43.56,0
O009985,P0025,1,63.7,20
O009985,P0102,3,6.1,20
O009985,P0149,3,21.0,20
O009986,P0035,3,228.97,0
O009986,P0143,3,10.62,0
O009986,P0006,1,317.9,0
O009987,P0117,1,37.62,0
O009987,P0081,1,38.74,0
O009988,P0103,2,43.56,0
O009988,P0029,1,612.77,0
O009988,P0138,2,119.25,0
O009988,P0107,1,42.73,0
O009989,P0019,3,225.54,40
O009989,P0001,1,59.15,40
O009989,P0012,3,202.16,40
O009990,P0049,3,192.27,0
O009990,P0056,1,54.99,0
O009991,P0019,1,225.54,0
O009991,P0118,2,60.49,0
O009992,P0001,1,59.15,0
O009992,P0086,2,7.88,0
O009993,P0076,2,53.1,0
O009993,P0042,2,94.19,0
O009994,P0133,1,68.25,0
O009995,P0021,1,103.85,0
O009996,P0017,1,45.26,10
O009996,P0078,0,46.55,10
O009997,P0011,1,746.1,0
O009998,P0012,1,202.16,40
O009998,P0016,1,490.88,40
O009998,P0061,1,30.11,40
O009999,P0109,1,191.49,0
O010000,P0100,1,14.85,0
O010000,P0054,1,22.5,0
O010000,P0034,2,12.47,0
O010001,P0084,2,13.25,0
O010001,P0043,1,15.93,0
O010001,P0091,1,55.44,0
O010001,P0051,2,37.8,0
O010002,P0138,1,119.25,0
O010003,P0034,1,12.47,0
O010004,P0051,2,37.8,0
O010004,P0059,1,46.72,0
O010004,P0112,1,121.72,0
O010004,P0052,1,96.7,0
O010005,P0112,1,121.72,0
O010005,P0087,1,72.97,0
O010006,P0037,1,46.51,0
O010006,P0053,2,79.81,0
O010006,P0038,1,11.96,0
O010007,P0019,1,225.54,0
O010007,P0105,1,192.4,0
O010008,P0004,1,203.73,0
O010009,P0063,3,95.57,0
O010009,P0017,3,45.26,0
O010009,P0070,1,144.85,0
O010009,P0055,2,21.55,0
O010010,P0137,2,9.05,0
O010011,P0058,2,96.6,0
O010012,P0048,1,80.09,0
O010012,P0125,1,231.1,0
O010013,P0036,1,80.43,0
O010013,P0038,2,11.96,0
O010014,P0096,1,62.39,10
O010014,P0077,2,86.48,10
O010014,P0038,1,11.96,10
O010014,P0036,2,80.43,10
O010015,P0010,1,261.54,0
O010015,P0033,1,58.2,0
O010016,P0105,1,192.4,0
O010017,P0053,1,79.81,0
O010018,P0038,1,11.96,0
O010018,P0031,1,100.42,0
O010018,P0052,2,96.7,0
O010019,P0128,1,40.97,0
O010019,P0036,1,80.43,0
O010019,P0120,1,233.46,0
O010020,P0007,1,566.07,0
O010021,P0132,1,9.56,0
O010021,P0042,2,94.19,0
O010021,P0078,1,46.55,0
O010022,P0060,2,131.68,10
O010022,P0094,3,42.24,10
O010023,P0056,1,54.99,0
O010023,P0046,1,93.34,0
O010023,P0123,3,13.17,0
O010024,P0129,1,10.47,0
O010025,P0147,3,8.3,0
O010026,P0103,3,43.56,0
O010026,P0135,1,61.66,0
O010026,P0137,2,9.05,0
O010027,P0097,1,39.47,10
O010027,P0142,3,46.23,10
O010028,P0073,1,99.68,0
O010029,P0038,2,11.96,0
O010030,P0018,1,103.25,0
O010030,P0060,1,131.68,0
O010030,P0023,2,234.72,0
O010030,P0055,1,21.55,0
O010031,P0060,1,131.68,0
O010031,P0021,3,103.85,0
O010031,P0021,1,103.85,0
O010031,P0137,2,9.05,0
O010032,P0099,2,42.13,0
O010033,P0135,3,61.66,0
O010033,P0035,2,228.97,0
O010034,P0116,1,64.62,0
O010034,P0094,1,42.24,0
O010034,P0028,1,456.12,0
O010035,P0069,1,25.15,0
O010035,P0011,3,746.1,0
O010036,P0045,2,36.65,0
O010036,P0072,1,22.81,0
O010037,P0105,1,192.4,0
O010038,P0119,1,111.41,10
O010038,P0007,1,566.07,10
O010039,P0127,1,69.7,10
O010039,P0107,3,42.73,10
O010040,P0019,1,225.54,0
O010040,P0090,1,74.94,0
O010040,P0019,1,225.54,0
O010041,P0047,3,22.6,10
O010041,P0130,1,22.25,10
O010041,P0036,1,80.43,10
O010041,P0140,1,95.27,10
O010042,P0041,1,240.17,0
O010042,P0044,3,96.71,0
O010042,P0135,1,61.66,0
O010042,P0066,2,29.64,0
O010043,P0115,1,65.77,0
O010043,P0018,1,103.25,0
O010044,P0087,3,72.97,0
O010044,P0053,1,79.81,0
O010045,P0149,1,21.0,0
O010045,P0049,1,192.27,0
O010046,P0054,1,22.5,0
O010046,P0150,2,28.39,0
O010047,P0050,3,23.7,10
O010048,P0131,1,10.19,0
O010048,P0142,2,46.23,0
O010049,P0015,2,54.36,0
O010049,P0031,1,100.42,0
O010049,P0091,3,55.44,0
O010049,P0121,1,35.48,0
O010050,P0128,1,40.97,0
O010050,P0132,1,9.56,0
O010050,P0056,2,54.99,0
O010050,P0053,1,79.81,0
O010051,P0129,2,10.47,0
O010051,P0132,2,9.56,0
O010052,P0097,3,39.47,0
O010053,P0030,2,111.36,0
O010053,P0125,1,231.1,0
O010053,P0150,2,28.39,0
O010054,P0063,1,95.57,0
O010054,P0049,1,192.27,0
O010055,P0087,2,72.97,0
O010055,P0145,1,10.1,0
O010056,P0147,1,8.3,0
O010057,P0056,3,54.99,20
O010057,P0085,1,72.91,20
O010058,P0119,1,111.41,20
O010058,P0051,1,37.8,20
O010058,P0138,1,119.25,20
O010059,P0008,3,47.86,0
O010059,P0001,2,59.15,0
O010059,P0044,1,96.71,0
O010060,P0100,3,14.85,0
O010060,P0133,1,68.25,0
O010060,P0035,2,228.97,0
O010061,P0046,2,93.34,0
O010061,P0110,3,231.1,0
O010062,P0031,1,100.42,0
O010062,P0023,2,234.72,0
O010063,P0005,1,105.05,0
O010063,P0149,3,21.0,0
O010064,P0120,2,233.46,0
O010064,P0115,1,65.77,0
O010065,P0130,2,22.25,0
O010065,P0099,1,42.13,0
O010065,P0087,1,72.97,0
O010066,P0133,1,68.25,20
O010067,P0134,1,14.57,15
O010067,P0010,1,261.54,15
O010067,P0081,3,38.74,15
O010067,P0148,1,74.21,15
O010068,P0106,1,93.16,0
O010068,P0069,2,25.15,0
O010068,P0133,1,68.25,0
O010068,P0011,3,746.1,0
O010069,P0134,2,14.57,0
O010070,P0128,1,40.97,0
O010070,P0025,1,63.7,0
O010071,P0023,2,234.72,0
O010072,P0044,1,96.71,0
O010073,P0039,1,35.85,5
O010073,P0047,1,22.6,5
O010074,P0047,1,22.6,0
O010074,P0042,1,94.19,0
O010075,P0002,1,428.99,10
O010075,P0059,1,46.72,10
O010075,P0121,2,35.48,10
O010076,P0014,2,280.69,0
O010076,P0054,1,22.5,0
O010076,P0004,2,203.73,0
O010077,P0125,3,231.1,0
O010077,P0016,3,490.88,0
O010078,P0117,1,37.62,0
O010079,P0015,2,54.36,0
O010079,P0011,1,746.1,0
O010079,P0074,1,26.63,0
O010079,P0038,2,11.96,0
O010080,P0036,2,80.43,0
O010080,P0031,3,100.42,0
O010080,P0099,2,42.13,0
O010080,P0090,2,74.94,0
O010081,P0090,1,74.94,0
O010082,P0022,1,535.5,0
O010082,P0034,2,12.47,0
O010083,P0063,1,95.57,0
O010083,P0062,1,109.93,0
O010084,P0026,2,143.66,0
O010084,P0044,1,96.71,0
O010084,P0030,3,111.36,0
O010085,P0004,1,203.73,0
O010085,P0027,1,261.66,0
O010086,P0077,1,86.48,20
O010086,P0056,3,54.99,20
O010086,P0061,3,30.11,20
O010087,P0043,1,15.93,10
O010087,P0064,3,101.18,10
O010087,P0042,3,94.19,10
O010087,P0044,1,96.71,10
O010088,P0023,3,234.72,0
O010089,P0076,2,53.1,0
O010089,P0040,2,12.05,0
O010089,P0044,1,96.71,0
O010090,P0087,3,72.97,0
O010091,P0090,2,74.94,0
O010091,P0044,1,96.71,0
O010091,P0125,1,231.1,0
O010091,P0130,2,22.25,0
O010092,P0103,3,43.56,0
O010092,P0138,1,119.25,0
O010092,P0136,2,64.01,0
O010093,P0027,3,261.66,0
O010094,P0144,1,10.61,20
O010095,P0127,1,69.7,0
O010095,P0136,1,64.01,0
O010096,P0142,1,46.23,0
O010097,P0037,2,46.51,10
O010097,P0041,1,240.17,10
O010098,P0040,2,12.05,0
O010098,P0034,1,12.47,0
O010099,P0070,3,144.85,0
O010100,P0016,1,490.88,0
O010100,P0059,1,46.72,0
O010100,P0081,1,38.74,0
O010100,P0121,2,35.48,0
O010101,P0001,3,59.15,40
O010101,P0008,1,47.86,40
O010101,P0069,1,25.15,40
O010101,P0100,3,14.85,40
O010102,P0121,1,35.48,0
O010102,P0032,1,28.68,0
O010103,P0087,1,72.97,0
O010103,P0018,2,103.25,0
O010104,P0007,1,566.07,0
O010105,P0004,1,203.73,0
O010105,P0044,1,96.71,0
O010106,P0102,1,6.1,0
O010107,P0132,3,9.56,0
O010108,P0053,1,79.81,0
O010109,P0050,3,23.7,10
O010109,P0128,1,40.97,10
O010110,P0071,2,88.96,0
O010111,P0091,1,55.44,0
O010112,P0047,2,22.6,0
O010113,P0069,1,25.15,0
O010113,P0059,1,46.72,0
O010114,P0091,3,55.44,0
O010114,P0041,3,240.17,0
O010115,P0115,2,65.77,0
O010115,P0075,2,50.52,0
O010115,P0135,2,61.66,0
O010115,P0005,1,105.05,0
O010116,P0033,1,58.2,0
O010116,P0102,1,6.1,0
O010117,P0013,3,237.97,0
O010118,P0032,1,28.68,0
O010119,P0030,1,111.36,0
O010119,P0057,1,62.31,0
O010120,P0069,3,25.15,10
O010121,P0042,3,94.19,0
O010121,P0032,1,28.68,0
O010121,P0004,1,203.73,0
O010122,P0015,1,54.36,0
O010122,P0035,1,228.97,0
O010122,P0119,1,111.41,0
O010123,P0003,1,70.0,0
O010123,P0106,3,93.16,0
O010124,P0055,1,21.55,0
O010124,P0016,1,490.88,0
O010125,P0130,1,22.25,0
O010125,P0053,1,79.81,0
O010126,P0053,1,79.81,10
O010127,P0029,1,612.77,0
O010128,P0019,3,225.54,0
O010128,P0054,1,22.5,0
O010128,P0029,3,612.77,0
O010129,P0050,1,23.7,0
O010130,P0055,1,21.55,0
O010131,P0029,1,612.77,0
O010131,P0101,1,12.63,0
O010131,P0130,1,22.25,0
O010132,P0019,1,225.54,0
O010133,P0036,3,80.43,0
O010133,P0060,2,131.68,0
O010133,P0014,2,280.69,0
O010134,P0035,1,228.97,0
O010134,P0040,1,12.05,0
O010135,P0082,1,69.13,0
O010135,P0138,3,119.25,0
O010136,P0048,1,80.09,0
O010136,P0112,3,121.72,0
O010136,P0045,1,36.65,0
O010137,P0042,2,94.19,0
O010138,P0046,2,93.34,0
O010138,P0041,1,240.17,0
O010138,P0142,1,46.23,0
O010138,P0081,1,38.74,0
O010139,P0127,1,69.7,0
O010139,P0148,1,74.21,0
O010140,P0149,3,21.0,5
O010141,P0078,1,46.55,0
O010141,P0097,1,39.47,0
O010142,P0116,1,64.62,0
O010143,P0148,1,74.21,0
O010143,P0140,1,95.27,0
O010144,P0050,1,23.7,0
O010144,P0053,1,79.81,0
O010145,P0145,1,10.1,0
O010145,P0030,2,111.36,0
O010146,P0132,1,9.56,0
O010146,P0091,2,55.44,0
O010146,P0128,3,40.97,0
O010147,P0149,1,21.0,0
O010148,P0048,3,80.09,0
O010148,P0142,1,46.23,0
O010149,P0029,3,612.77,0
O010149,P0097,1,39.47,0
O010149,P0138,3,119.25,0
O010150,P0062,1,109.93,15
O010150,P0061,1,30.11,15
O010150,P0011,1,746.1,15
O010150,P0044,-1,96.71,15
O010151,P0068,2,23.84,0
O010152,P0074,1,26.63,0
O010153,P0005,2,105.05,0
O010153,P0027,3,261.66,0
O010153,P0047,1,22.6,0
O010153,P0024,3,70.63,0
O010154,P0075,3,50.52,0
O010154,P0083,1,45.29,0
O010155,P0021,1,103.85,0
O010155,P0003,3,70.0,0
O010156,P0124,1,16.63,0
O010157,P0126,1,119.65,0
O010157,P0075,2,50.52,0
O010157,P0062,1,109.93,0
O010158,P0067,1,20.79,0
O010158,P0013,1,237.97,0
O010159,P0074,3,26.63,20
O010160,P0041,1,240.17,0
O010160,P0102,1,6.1,0
O010161,P0060,3,131.68,0
O010161,P0026,1,143.66,0
O010161,P0026,2,143.66,0
O010161,P0040,3,12.05,0
O010162,P0133,2,68.25,0
O010163,P0054,1,22.5,0
O010163,P0007,2,566.07,0
O010163,P0024,1,70.63,0
O010164,P0127,2,69.7,10
O010164,P0094,2,42.24,10
O010165,P0040,2,12.05,0
O010166,P0059,2,46.72,20
O010166,P0052,1,96.7,20
O010166,P0121,1,35.48,20
O010166,P0046,3,93.34,20
O010167,P0073,3,99.68,0
O010167,P0066,1,29.64,0
O010168,P0067,1,20.79,0
O010168,P0140,1,95.27,0
O010168,P0068,2,23.84,0
O010169,P0045,2,36.65,0
O010170,P0145,1,10.1,0
O010170,P0127,1,69.7,0
O010170,P0006,3,317.9,0
O010170,P0072,1,22.81,0
O010171,P0052,1,96.7,0
O010171,P0039,1,35.85,0
O010171,P0145,1,10.1,0
O010172,P0143,2,10.62,0
O010172,P0150,1,28.39,0
O010172,P0141,3,32.3,0
O010172,P0043,1,15.93,0
O010173,P0102,2,6.1,0
O010174,P0033,1,58.2,0
O010175,P0065,1,128.91,0
O010176,P0071,1,88.96,0
O010176,P0101,2,12.63,0
O010177,P0012,1,202.16,0
O010178,P0114,3,30.32,0
O010178,P0003,1,70.0,0
O010179,P0098,1,5.21,0
O010179,P0014,1,280.69,0
O010179,P0009,1,879.03,0
O010179,P0031,1,100.42,0
O010180,P0033,1,58.2,0
O010181,P0001,2,59.15,0
O010181,P0005,3,105.05,0
O010181,P0108,2,153.58,0
O010181,P0068,1,23.84,0
O010182,P0071,1,88.96,10
O010183,P0005,1,105.05,0
O010183,P0050,1,23.7,0
O010184,P0006,3,317.9,0
O010185,P0018,1,103.25,0
O010185,P0046,2,93.34,0
O010186,P0084,3,13.25,0
O010186,P0050,1,23.7,0
O010187,P0054,1,22.5,0
O010187,P0053,2,79.81,0
O010187,P0005,1,105.05,0
O010187,P0038,2,11.96,0
O010188,P0061,1,30.11,0
O010188,P0128,3,40.97,0
O010189,P0068,2,23.84,0
O010189,P0046,1,93.34,0
O010190,P0145,1,10.1,0
O010190,P0039,1,35.85,0
O010191,P0037,3,46.51,20
O010192,P0102,2,6.1,0
O010192,P0064,1,101.18,0
O010192,P0092,1,9.46,0
O010192,P0065,1,128.91,0
O010193,P0144,1,10.61,0
O010194,P0033,1,58.2,0
O010194,P0098,1,5.21,0
O010194,P0044,1,96.71,0
O010195,P0069,1,25.15,0
O010195,P0115,1,65.77,0
O010196,P0051,2,37.8,0
O010197,P0141,2,32.3,0
O010198,P0104,2,56.02,0
O010198,P0019,1,225.54,0
O010199,P0093,1,36.5,10
O010199,P0127,1,69.7,10
O010199,P0108,2,153.58,10
O010200,P0083,1,45.29,10
O010200,P0029,1,612.77,10
O010200,P0049,1,192.27,10
O010200,P0148,1,74.21,10
O010201,P0114,1,30.32,0
O010202,P0130,3,22.25,15
O010202,P0098,1,5.21,15
O010203,P0030,2,111.36,0
O010203,P0142,1,46.23,0
O010204,P0148,1,74.21,10
O010204,P0113,1,52.25,10
O010204,P0037,2,46.51,10
O010205,P0139,3,117.86,0
O010206,P0036,2,80.43,0
O010207,P0135,1,61.66,0
O010208,P0150,2,28.39,0
O010209,P0032,1,28.68,0
O010209,P0031,2,100.42,0
O010209,P0123,1,13.17,0
O010210,P0105,3,192.4,0
O010210,P0002,3,428.99,0
O010211,P0042,1,94.19,0
O010211,P0072,1,22.81,0
O010211,P0023,1,234.72,0
O010211,P0043,1,15.93,0
O010212,P0033,1,58.2,10
O010212,P0035,1,228.97,10
O010213,P0124,2,16.63,0
O010213,P0066,1,29.64,0
O010214,P0088,2,12.2,20
O010215,P0038,1,11.96,20
O010216,P0021,1,103.85,0
O010216,P0073,2,99.68,0
O010216,P0101,1,12.63,0
O010216,P0109,1,191.49,0
O010217,P0066,1,29.64,0
O010217,P0048,1,80.09,0
O010217,P0105,1,192.4,0
O010217,P0127,3,69.7,0
O010218,P0070,2,144.85,0
O010218,P0081,1,38.74,0
O010218,P0007,1,566.07,0
O010218,P0044,1,96.71,0
O010219,P0034,2,12.47,0
O010219,P0097,1,39.47,0
O010219,P0086,1,7.88,0
O010220,P0126,1,119.65,0
O010220,P0002,3,428.99,0
O010221,P0065,3,128.91,0
O010222,P0054,1,22.5,0
O010223,P0045,1,36.65,0
O010224,P0004,1,203.73,0
O010224,P0063,2,95.57,0
O010225,P0011,1,746.1,0
O010225,P0095,1,45.19,0
O010225,P0068,1,23.84,0
O010225,P0129,2,10.47,0
O010226,P0029,2,612.77,0
O010226,P0073,1,99.68,0
O010227,P0133,3,68.25,0
O010227,P0015,3,54.36,0
O010227,P0071,2,88.96,0
O010228,P0006,2,317.9,10
O010228,P0075,1,50.52,10
O010228,P0077,1,86.48,10
O010229,P0069,3,25.15,0
O010230,P0002,1,428.99,10
O010230,P0105,1,192.4,10
O010230,P0018,1,103.25,10
O010231,P0041,1,240.17,0
O010231,P0040,1,12.05,0
O010232,P0043,1,15.93,10
O010232,P0027,1,261.66,10
O010232,P0107,3,42.73,10
O010232,P0017,1,45.26,10
O010233,P0141,3,32.3,0
O010234,P0143,3,10.62,10
O010234,P0050,1,23.7,10
O010235,P0084,2,13.25,0
O010235,P0129,1,10.47,0
O010236,P0034,1,12.47,0
O010237,P0140,1,95.27,0
O010237,P0115,2,65.77,0
O010237,P0055,1,21.55,0
O010238,P0021,1,103.85,0
O010238,P0009,2,879.03,0
O010239,P0088,2,12.2,0
O010240,P0025,1,63.7,5
O010241,P0135,3,61.66,15
O010242,P0100,3,14.85,0
O010242,P0130,2,22.25,0
O010243,P0105,1,192.4,0
O010243,P0036,3,80.43,0
O010244,P0058,1,96.6,0
O010245,P0120,2,233.46,0
O010246,P0113,1,52.25,0
O010247,P0019,2,225.54,0
O010247,P0059,2,46.72,0
O010247,P0016,1,490.88,0
O010247,P0071,3,88.96,0
O010248,P0042,1,94.19,0
O010248,P0023,3,234.72,0
O010248,P0128,1,40.97,0
O010248,P0054,1,22.5,0
O010249,P0007,1,566.07,0
O010249,P0079,2,21.76,0
O010250,P0106,1,93.16,0
O010251,P0067,1,20.79,0
O010251,P0024,1,70.63,0
O010252,P0143,1,10.62,0
O010252,P0072,3,22.81,0
O010252,P0105,2,192.4,0
O010253,P0011,1,746.1,0
O010253,P0008,1,47.86,0
O010254,P0105,3,192.4,20
O010254,P0018,1,103.25,20
O010254,P0014,2,280.69,20
O010255,P0029,3,612.77,0
O010256,P0012,1,202.16,0
O010256,P0038,1,11.96,0
O010256,P0069,1,25.15,0
O010256,P0009,1,879.03,0
O010257,P0046,1,93.34,15
O010258,P0117,3,37.62,0
O010259,P0010,1,261.54,0
O010259,P0078,1,46.55,0
O010259,P0045,1,36.65,0
O010260,P0029,3,612.77,0
O010261,P0137,1,9.05,0
O010262,P0133,1,68.25,0
O010263,P0108,1,153.58,0
O010264,P0078,1,46.55,0
O010265,P0062,1,109.93,0
O010265,P0019,3,225.54,0
O010266,P0052,1,96.7,0
O010266,P0065,3,128.91,0
O010267,P0017,1,45.26,0
O010267,P0014,1,280.69,0
O010267,P0104,3,56.02,0
O010267,P0073,1,99.68,0
O010268,P0020,3,48.67,0
O010269,P0140,1,95.27,0
O010270,P0143,1,10.62,0
O010271,P0099,2,42.13,0
O010271,P0071,1,88.96,0
O010272,P0060,2,131.68,0
O010272,P0009,1,879.03,0
O010273,P0132,1,9.56,0
O010273,P0056,1,54.99,0
O010274,P0049,3,192.27,0
O010275,P0065,3,128.91,20
O010276,P0070,3,144.85,15
O010276,P0096,1,62.39,15
O010276,P0102,3,6.1,15
O010277,P0058,1,96.6,0
O010278,P0149,1,21.0,0
O010278,P0035,1,228.97,0
O010278,P0042,1,94.19,0
O010278,P0064,3,101.18,0
O010279,P0031,1,100.42,10
O010280,P0092,1,9.46,0
O010281,P0085,3,72.91,0
O010281,P0146,1,36.39,0
O010282,P0146,2,36.39,0
O010283,P0064,1,101.18,0
O010283,P0145,1,10.1,0
O010284,P0140,1,95.27,0
O010284,P0018,1,103.25,0
O010284,P0103,1,43.56,0
O010284,P0071,1,88.96,0
O010285,P0033,2,58.2,0
O010285,P0073,3,99.68,0
O010285,P0044,1,96.71,0
O010285,P0049,1,192.27,0
O010286,P0006,1,317.9,0
O010287,P0034,1,12.47,0
O010287,P0129,1,10.47,0
O010287,P0109,2,191.49,0
O010287,P0054,1,22.5,0
O010288,P0133,1,68.25,0
O010288,P0097,2,39.47,0
O010289,P0134,1,14.57,0
O010289,P0146,1,36.39,0
O010289,P0128,1,40.97,0
O010289,P0013,2,237.97,0
O010290,P0052,1,96.7,0
O010291,P0121,1,35.48,0
O010292,P0029,3,612.77,0
O010292,P0070,1,144.85,0
O010293,P0039,3,35.85,0
O010294,P0059,3,46.72,0
O010294,P0001,1,59.15,0
O010295,P0038,2,11.96,0
O010296,P0053,2,79.81,0
O010296,P0133,1,68.25,0
O010297,P0068,3,23.84,0
O010298,P0134,1,14.57,0
O010299,P0110,1,231.1,0
O010299,P0077,1,86.48,0
O010299,P0034,1,12.47,0
O010299,P0079,1,21.76,0
O010300,P0025,1,63.7,0
O010300,P0035,3,228.97,0
O010300,P0125,1,231.1,0
O010301,P0008,1,47.86,10
O010301,P0070,3,144.85,10
O010301,P0069,1,25.15,10
O010302,P0081,1,38.74,10
O010302,P0005,1,105.05,10
O010303,P0027,1,261.66,0
O010303,P0143,1,10.62,0
O010303,P0037,1,46.51,0
O010303,P0112,2,121.72,0
O010304,P0005,3,105.05,0
O010305,P0006,1,317.9,0
O010305,P0018,1,103.25,0
O010305,P0015,1,54.36,0
O010305,P0009,1,879.03,0
O010306,P0066,1,29.64,0
O010306,P0037,3,46.51,0
O010307,P0060,3,131.68,0
O010307,P0025,1,63.7,0
O010308,P0126,1,119.65,0
O010309,P0035,2,228.97,0
O010310,P0062,1,109.93,0
O010310,P0043,2,15.93,0
O010311,P0052,2,96.7,0
O010311,P0073,1,99.68,0
O010312,P0072,3,22.81,0
O010313,P0140,1,95.27,0
O010313,P0133,1,68.25,0
O010314,P0073,1,99.68,20
O010315,P0146,1,36.39,0
O010316,P0128,3,40.97,0
O010316,P0008,3,47.86,0
O010317,P0047,1,22.6,0
O010317,P0011,3,746.1,0
O010318,P0075,1,50.52,0
O010318,P0127,3,69.7,0
O010319,P0132,2,9.56,0
O010320,P0126,2,119.65,0
O010321,P0070,3,144.85,0
O010322,P0026,1,143.66,0
O010322,P0140,1,95.27,0
O010322,P0060,1,131.68,0
O010323,P0140,1,95.27,0
O010324,P0055,1,21.55,0
O010324,P0121,3,35.48,0
O010325,P0143,2,10.62,0
O010325,P0054,1,22.5,0
O010325,P0129,1,10.47,0
O010325,P0142,1,46.23,0
O010326,P0117,1,37.62,0
O010326,P0111,1,68.84,0
O010326,P0128,1,40.97,0
O010327,P0004,2,203.73,0
O010328,P0039,2,35.85,0
O010328,P0016,1,490.88,0
O010328,P0017,1,45.26,0
O010328,P0059,1,46.72,0
O010329,P0021,2,103.85,40
O010329,P0099,1,42.13,40
O010330,P0008,3,47.86,0
O010331,P0138,2,119.25,0
O010332,P0108,3,153.58,0
O010333,P0035,3,228.97,0
O010333,P0130,3,22.25,0
O010334,P0053,3,79.81,0
O010334,P0148,1,74.21,0
O010335,P0103,1,43.56,0
O010335,P0122,1,44.07,0
O010336,P0138,1,119.25,0
O010336,P0131,1,10.19,0
O010336,P0032,1,28.68,0
O010337,P0097,1,39.47,0
O010338,P0052,2,96.7,0
O010339,P0057,1,62.31,0
O010340,P0005,1,105.05,0
O010341,P0054,1,22.5,0
O010341,P0060,3,131.68,0
O010342,P0122,3,44.07,0
O010343,P0112,1,121.72,0
O010343,P0014,1,280.69,0
O010343,P0145,1,10.1,0
O010344,P0040,1,12.05,10
O010344,P0025,2,63.7,10
O010345,P0036,1,80.43,10
O010345,P0083,1,45.29,10
O010345,P0004,2,203.73,10
O010346,P0072,1,22.81,0
O010347,P0120,1,233.46,0
O010347,P0061,1,30.11,0
O010348,P0004,1,203.73,0
O010348,P0044,1,96.71,0
O010349,P0118,2,60.49,0
O010350,P0075,1,50.52,0
O010351,P0114,2,30.32,0
O010351,P0005,3,105.05,0
O010352,P0043,1,15.93,20
O010352,P0113,1,52.25,20
O010353,P0074,1,26.63,0
O010354,P0059,3,46.72,0
O010354,P0102,1,6.1,0
O010354,P0027,2,261.66,0
O010355,P0123,3,13.17,0
O010356,P0098,1,5.21,0
O010356,P0074,1,26.63,0
O010356,P0136,1,64.01,0
O010356,P0108,1,153.58,0
O010357,P0022,3,535.5,0
O010357,P0123,3,13.17,0
O010358,P0068,2,23.84,0
O010359,P0048,1,80.09,0
O010359,P0021,2,103.85,0
O010359,P0142,3,46.23,0
O010359,P0003,1,70.0,0
O010360,P0137,1,9.05,0
O010360,P0035,3,228.97,0
O010361,P0119,1,111.41,0
O010361,P0053,3,79.81,0
O010361,P0079,3,21.76,0
O010361,P0038,3,11.96,0
O010362,P0081,1,38.74,0
O010363,P0134,2,14.57,0
O010363,P0037,3,46.51,0
O010363,P0138,1,119.25,0
O010364,P0008,1,47.86,0
O010364,P0136,2,64.01,0
O010364,P0078,1,46.55,0
O010364,P0129,3,10.47,0
O010365,P0063,2,95.57,0
O010365,P0036,2,80.43,0
O010365,P0127,1,69.7,0
O010365,P0031,2,100.42,0
O010366,P0109,2,191.49,0
O010366,P0146,1,36.39,0
O010366,P0008,1,47.86,0
O010366,P0037,1,46.51,0
O010367,P0081,3,38.74,0
O010368,P0042,1,94.19,0
O010368,P0136,3,64.01,0
O010369,P0031,3,100.42,0
O010370,P0073,2,99.68,0
O010371,P0056,2,54.99,20
O010371,P0110,3,231.1,20
O010371,P0038,3,11.96,20
O010372,P0080,1,52.81,10
O010372,P0001,1,59.15,10
O010372,P0004,1,203.73,10
O010373,P0007,1,566.07,0
O010373,P0052,1,96.7,0
O010374,P0069,3,25.15,0
O010375,P0045,1,36.65,0
O010376,P0078,3,46.55,0
O010377,P0117,2,37.62,0
O010377,P0037,3,46.51,0
O010377,P0026,1,143.66,0
O010377,P0125,3,231.1,0
O010378,P0055,1,21.55,0
O010379,P0024,3,70.63,0
O010379,P0074,1,26.63,0
O010379,P0035,3,228.97,0
O010380,P0063,3,95.57,0
O010380,P0114,1,30.32,0
O010381,P0067,1,20.79,0
O010381,P0056,2,54.99,0
O010382,P0077,1,86.48,0
O010383,P0057,1,62.31,0
O010384,P0040,3,12.05,0
O010385,P0051,3,37.8,0
O010386,P0146,2,36.39,0
O010387,P0141,3,32.3,0
O010388,P0126,1,119.65,0
O010389,P0012,1,202.16,0
O010389,P0087,1,72.97,0
O010389,P0010,2,261.54,0
O010390,P0022,2,535.5,0
O010390,P0051,3,37.8,0
O010390,P0116,2,64.62,0
O010391,P0079,1,21.76,0
O010391,P0142,1,46.23,0
O010391,P0025,1,63.7,0
O010391,P0058,3,96.6,0
O010392,P0054,2,22.5,0
O010393,P0115,3,65.77,0
O010393,P0002,2,428.99,0
O010394,P0044,3,96.71,0
O010395,P0150,2,28.39,0
O010396,P0145,2,10.1,0
O010397,P0018,1,103.25,0
O010397,P0025,3,63.7,0
O010398,P0140,1,95.27,0
O010399,P0036,1,80.43,0
O010399,P0142,1,46.23,0
O010400,P0042,1,94.19,0
O010400,P0131,1,10.19,0
O010400,P0059,1,46.72,0
O010400,P0133,1,68.25,0
O010401,P0007,2,566.07,0
O010401,P0099,1,42.13,0
O010402,P0127,1,69.7,0
O010402,P0075,1,50.52,0
O010402,P0022,1,535.5,0
O010402,P0049,2,192.27,0
O010403,P0027,1,261.66,0
O010403,P0028,1,456.12,0
O010403,P0091,2,55.44,0
O010404,P0027,1,261.66,0
O010405,P0072,1,22.81,0
O010406,P0106,1,93.16,0
O010407,P0060,2,131.68,0
O010408,P0045,1,36.65,20
O010408,P0053,3,79.81,20
O010409,P0096,1,62.39,5
O010410,P0089,1,75.8,0
O010410,P0053,3,79.81,0
O010411,P0060,1,131.68,0
O010412,P0099,1,42.13,10
O010412,P0054,3,22.5,10
O010412,P0050,1,23.7,10
O010412,P0051,1,37.8,10
O010413,P0040,1,12.05,0
O010414,P0032,3,28.68,0
O010414,P0116,1,64.62,0
O010415,P0096,1,62.39,0
O010415,P0131,1,10.19,0
O010415,P0044,3,96.71,0
O010416,P0141,1,32.3,0
O010416,P0011,1,746.1,0
O010417,P0022,1,535.5,0
O010417,P0035,3,228.97,0
O010417,P0083,1,45.29,0
O010418,P0124,1,16.63,0
O010418,P0060,1,131.68,0
O010418,P0068,1,23.84,0
O010419,P0114,1,30.32,0
O010419,P0063,1,95.57,0
O010419,P0111,3,68.84,0
O010419,P0102,1,6.1,0
O010420,P0094,3,42.24,0
O010421,P0121,2,35.48,0
O010422,P0033,1,58.2,0
O010423,P0038,2,11.96,0
O010423,P0078,1,46.55,0
O010424,P0080,1,52.81,0
O010424,P0131,1,10.19,0
O010424,P0020,3,48.67,0
O010424,P0109,2,191.49,0
O010425,P0056,1,54.99,0
O010425,P0085,1,72.91,0
O010426,P0057,1,62.31,0
O010426,P0074,2,26.63,0
O010427,P0005,3,105.05,0
O010427,P0089,1,75.8,0
O010427,P0078,2,46.55,0
O010428,P0039,3,35.85,0
O010429,P0087,1,72.97,0
O010430,P0048,2,80.09,0
O010431,P0137,1,9.05,20
O010431,P0107,3,42.73,20
O010431,P0059,1,46.72,20
O010432,P0076,2,53.1,0
O010432,P0034,1,12.47,0
O010433,P0137,1,9.05,0
O010433,P0030,2,111.36,0
O010434,P0096,2,62.39,10
O010435,P0141,1,32.3,40
O010436,P0133,1,68.25,0
O010436,P0082,3,69.13,0
O010436,P0134,1,14.57,0
O010437,P0021,1,103.85,0
O010437,P0041,1,0.0,0
O010437,P0147,1,8.3,0
O010437,P0126,1,119.65,0
O010438,P0052,1,96.7,20
O010438,P0124,1,16.63,20
O010438,P0129,1,10.47,20
O010438,P0130,1,22.25,20
O010439,P0032,1,28.68,0
O010440,P0036,1,80.43,0
O010440,P0036,1,80.43,0
O010441,P0110,1,231.1,0
O010442,P0052,1,96.7,0
O010443,P0050,1,23.7,0
O010444,P0080,1,52.81,0
O010444,P0082,1,69.13,0
O010444,P0081,1,38.74,0
O010444,P0137,1,9.05,0
O010445,P0034,3,12.47,0
O010446,P0026,1,143.66,0
O010446,P0085,2,72.91,0
O010447,P0076,3,53.1,0
O010447,P0071,1,88.96,0
O010447,P0016,3,490.88,0
O010448,P0025,1,63.7,0
O010448,P0089,2,75.8,0
O010448,P0091,1,55.44,0
O010449,P0004,1,203.73,0
O010450,P0025,3,63.7,0
O010450,P0020,1,48.67,0
O010451,P0023,2,234.72,0
O010452,P0097,3,39.47,15
O010453,P0001,1,59.15,15
O010453,P0038,1,11.96,15
O010454,P0073,1,99.68,0
O010455,P0062,1,109.93,10
O010456,P0014,1,280.69,10
O010456,P0030,3,111.36,10
O010457,P0073,2,99.68,0
O010457,P0013,3,237.97,0
O010457,P0146,3,36.39,0
O010458,P0126,1,119.65,5
O010459,P0120,3,233.46,0
O010460,P0024,1,70.63,0
O010460,P0084,1,13.25,0
O010460,P0070,1,144.85,0
O010461,P0111,1,68.84,0
O010462,P0021,3,103.85,0
O010462,P0057,1,62.31,0
O010463,P0104,2,56.02,0
O010464,P0021,3,103.85,0
O010464,P0001,2,59.15,0
O010464,P0090,1,74.94,0
O010465,P0067,2,20.79,0
O010465,P0044,3,96.71,0
O010465,P0093,3,36.5,0
O010466,P0064,1,101.18,0
O010466,P0035,1,228.97,0
O010466,P0097,1,39.47,0
O010466,P0106,2,93.16,0
O010467,P0065,1,128.91,0
O010468,P0107,2,42.73,0
O010469,P0069,3,25.15,0
O010469,P0086,2,7.88,0
O010470,P0094,3,42.24,10
O010470,P0050,1,23.7,10
O010471,P0115,1,65.77,0
O010471,P0079,1,21.76,0
O010472,P0146,3,36.39,0
O010472,P0109,2,191.49,0
O010473,P0036,3,80.43,0
O010474,P0085,1,72.91,0
O010475,P0130,1,22.25,0
O010475,P0052,3,96.7,0
O010475,P0071,1,88.96,0
O010476,P0135,1,61.66,0
O010476,P0032,1,28.68,0
O010476,P0132,1,9.56,0
O010476,P0053,1,79.81,0
O010477,P0059,2,46.72,0
O010477,P0067,1,20.79,0
O010477,P0067,3,20.79,0
O010477,P0037,1,46.51,0
O010478,P0067,2,20.79,0
O010478,P0063,1,95.57,0
O010479,P0098,1,5.21,20
O010480,P0035,1,228.97,0
O010480,P0028,1,456.12,0
O010481,P0091,1,55.44,0
O010482,P0145,1,10.1,20
O010483,P0012,2,202.16,10
O010483,P0111,1,68.84,10
O010484,P0079,1,21.76,0
O010484,P0022,1,535.5,0
O010485,P0026,1,143.66,0
O010485,P0018,1,103.25,0
O010486,P0008,2,47.86,0
O010486,P0024,2,70.63,0
O010487,P0122,1,44.07,15
O010488,P0084,3,13.25,0
O010489,P0016,1,490.88,0
O010489,P0020,1,48.67,0
O010490,P0012,2,202.16,0
O010491,P0064,1,101.18,0
O010491,P0078,3,46.55,0
O010492,P0059,1,46.72,0
O010492,P0058,1,96.6,0
O010493,P0016,2,490.88,0
O010493,P0002,1,428.99,0
O010493,P0025,1,63.7,0
O010493,P0022,2,535.5,0
O010494,P0007,3,566.07,0
O010494,P0056,3,54.99,0
O010494,P0030,1,111.36,0
O010494,P0143,1,10.62,0
O010495,P0071,1,88.96,0
O010495,P0147,3,8.3,0
O010495,P0002,1,428.99,0
O010496,P0117,1,37.62,0
O010497,P0122,1,44.07,0
O010497,P0026,1,143.66,0
O010498,P0042,1,94.19,0
O010499,P0050,2,23.7,0
O010500,P0147,3,8.3,0
O010500,P0074,2,26.63,0
O010500,P0132,3,9.56,0
O010501,P0023,1,234.72,0
O010502,P0149,1,21.0,0
O010502,P0081,1,38.74,0
O010502,P0052,1,96.7,0
O010503,P0129,2,10.47,0
O010503,P0049,2,192.27,0
O010503,P0139,3,117.86,0
O010503,P0075,3,50.52,0
O010504,P0147,2,8.3,0
O010504,P0052,1,96.7,0
O010504,P0045,2,36.65,0
O010504,P0046,1,93.34,0
O010505,P0136,1,64.01,0
O010505,P0123,2,13.17,0
O010505,P0053,1,79.81,0
O010506,P0137,1,9.05,0
O010507,P0043,1,15.93,0
O010507,P0048,3,80.09,0
O010507,P0140,3,95.27,0
O010508,P0104,2,56.02,0
O010508,P0087,1,72.97,0
O010509,P0074,1,26.63,0
O010509,P0025,1,63.7,0
O010509,P0134,2,14.57,0
O010510,P0003,3,70.0,0
O010510,P0110,1,231.1,0
O010511,P0031,2,100.42,0
O010512,P0094,1,42.24,0
O010513,P0061,2,30.11,0
O010514,P0020,1,48.67,0
O010514,P0024,1,70.63,0
O010514,P0099,2,42.13,0
O010515,P0082,1,69.13,0
O010515,P0007,1,566.07,0
O010515,P0009,1,879.03,0
O010516,P0043,1,15.93,10
O010517,P0033,1,58.2,0
O010518,P0059,2,46.72,0
O010518,P0026,2,143.66,0
O010518,P0012,1,202.16,0
O010519,P0019,2,225.54,0
O010519,P0002,1,428.99,0
O010519,P0022,3,535.5,0
O010520,P0002,1,428.99,0
O010520,P0118,1,60.49,0
O010520,P0056,2,54.99,0
O010520,P0119,1,111.41,0
O010521,P0006,1,317.9,0
O010521,P0088,2,12.2,0
O010522,P0075,3,50.52,0
O010523,P0057,3,62.31,0
O010524,P0047,1,22.6,0
O010524,P0145,1,10.1,0
O010525,P0067,1,20.79,0
O010525,P0020,3,48.67,0
O010526,P0067,2,20.79,0
O010526,P0114,1,30.32,0
O010526,P0054,2,22.5,0
O010527,P0024,3,70.63,0
O010527,P0068,1,23.84,0
O010527,P0132,1,9.56,0
O010527,P0026,2,143.66,0
O010528,P0083,2,45.29,0
O010528,P0102,3,6.1,0
O010529,P0060,1,131.68,0
O010529,P0031,1,100.42,0
O010530,P0042,1,94.19,10
O010531,P0038,1,11.96,0
O010531,P0063,1,95.57,0
O010532,P0050,1,23.7,0
O010533,P0085,1,72.91,0
O010534,P0054,3,22.5,0
O010535,P0055,2,21.55,10
O010535,P0054,2,22.5,10
O010535,P0078,1,46.55,10
O010535,P0033,1,58.2,10
O010536,P0080,1,52.81,0
O010536,P0136,1,64.01,0
O010537,P0009,1,879.03,0
O010537,P0007,1,566.07,0
O010537,P0093,1,36.5,0
O010537,P0045,2,36.65,0
O010538,P0041,2,240.17,0
O010538,P0050,1,23.7,0
O010539,P0082,2,69.13,0
O010540,P0010,2,261.54,0
O010540,P0097,3,39.47,0
O010541,P0049,3,192.27,0
O010541,P0091,1,55.44,0
O010541,P0038,2,11.96,0
O010542,P0130,3,22.25,15
O010542,P0010,1,261.54,15
O010542,P0141,1,32.3,15
O010543,P0138,1,119.25,0
O010544,P0091,3,55.44,0
O010545,P0093,2,36.5,0
O010546,P0111,1,68.84,0
O010547,P0059,1,46.72,0
O010548,P0143,1,10.62,0
O010548,P0081,1,38.74,0
O010549,P0047,1,22.6,0
O010549,P0048,1,80.09,0
O010549,P0137,1,9.05,0
O010550,P0064,1,101.18,0
O010550,P0105,2,192.4,0
O010550,P0044,1,96.71,0
O010550,P0051,1,37.8,0
O010551,P0009,1,879.03,20
O010551,P0064,1,101.18,20
O010551,P0069,1,25.15,20
O010551,P0115,1,65.77,20
O010552,P0073,1,99.68,0
O010552,P0148,1,74.21,0
O010552,P0077,1,86.48,0
O010552,P0013,1,237.97,0
O010553,P0010,2,261.54,0
O010553,P0014,1,280.69,0
O010554,P0017,1,45.26,10
O010554,P0100,1,14.85,10
O010554,P0074,1,26.63,10
O010554,P0105,1,192.4,10
O010555,P0011,2,746.1,10
O010555,P0025,1,63.7,10
O010556,P0070,1,144.85,0
O010556,P0031,1,100.42,0
O010557,P0150,1,28.39,0
O010558,P0135,3,61.66,0
O010559,P0056,1,54.99,0
O010560,P0096,2,62.39,0
O010560,P0005,1,105.05,0
O010560,P0093,1,36.5,0
O010561,P0102,1,6.1,0
O010562,P0050,1,23.7,0
O010563,P0011,3,746.1,0
O010563,P0144,1,10.61,0
O010564,P0143,1,10.62,0
O010565,P0119,1,111.41,0
O010565,P0110,1,231.1,0
O010565,P0043,2,15.93,0
O010565,P0093,1,36.5,0
O010566,P0002,1,428.99,20
O010566,P0070,1,144.85,20
O010567,P0121,1,35.48,0
O010567,P0034,1,12.47,0
O010568,P0124,1,16.63,0
O010568,P0139,3,117.86,0
O010568,P0146,2,36.39,0
O010568,P0118,1,60.49,0
O010569,P0039,3,35.85,10
O010569,P0044,2,96.71,10
O010570,P0129,1,10.47,0
O010570,P0042,2,94.19,0
O010571,P0149,1,21.0,0
O010572,P0132,3,9.56,0
O010573,P0144,2,10.61,0
O010574,P0075,2,50.52,0
O010574,P0039,3,35.85,0
O010575,P0101,2,12.63,5
O010576,P0096,1,62.39,0
O010576,P0108,1,153.58,0
O010576,P0002,1,428.99,0
O010577,P0136,1,64.01,0
O010578,P0149,1,21.0,10
O010578,P0075,2,50.52,10
O010578,P0036,2,80.43,10
O010578,P0057,1,62.31,10
O010579,P0018,1,103.25,0
O010579,P0150,1,28.39,0
O010579,P0040,1,12.05,0
O010580,P0095,2,45.19,0
O010581,P0028,3,456.12,10
O010581,P0056,2,54.99,10
O010581,P0072,3,22.81,10
O010582,P0041,1,240.17,0
O010582,P0056,1,54.99,0
O010582,P0029,1,612.77,0
O010582,P0009,3,879.03,0
O010583,P0105,2,192.4,0
O010583,P0120,1,233.46,0
O010584,P0009,1,879.03,0
O010584,P0054,2,22.5,0
O010585,P0045,3,36.65,0
O010586,P0002,3,428.99,0
O010586,P0113,3,52.25,0
O010586,P0016,3,490.88,0
O010586,P0127,1,69.7,0
O010587,P0139,1,117.86,0
O010588,P0131,1,10.19,0
O010588,P0117,1,37.62,0
O010588,P0134,1,14.57,0
O010589,P0121,2,35.48,0
O010590,P0076,3,53.1,40
O010590,P0063,1,95.57,40
O010590,P0051,2,37.8,40
O010590,P0014,2,280.69,40
O010591,P0144,2,10.61,0
O010592,P0018,1,103.25,0
O010592,P0039,1,35.85,0
O010593,P0056,1,54.99,0
O010594,P0114,1,30.32,0
O010594,P0068,2,23.84,0
O010594,P0017,3,45.26,0
O010595,P0121,2,35.48,0
O010596,P0057,1,62.31,0
O010596,P0056,2,54.99,0
O010596,P0013,1,237.97,0
O010597,P0095,1,45.19,0
O010597,P0123,1,13.17,0
O010597,P0031,1,100.42,0
O010598,P0148,1,74.21,0
O010598,P0131,2,10.19,0
O010599,P0042,1,94.19,0
O010599,P0034,1,12.47,0
O010599,P0139,2,117.86,0
O010599,P0139,3,117.86,0
O010600,P0054,2,22.5,0
O010601,P0030,2,111.36,0
O010602,P0059,1,46.72,0
O010603,P0063,1,95.57,0
O010603,P0087,1,72.97,0
O010603,P0052,1,96.7,0
O010603,P0046,1,93.34,0
O010604,P0111,3,68.84,15
O010605,P0032,2,28.68,0
O010605,P0030,1,111.36,0
O010606,P0068,3,23.84,0
O010606,P0093,1,36.5,0
O010607,P0084,3,13.25,0
O010607,P0078,1,46.55,0
O010607,P0031,1,100.42,0
O010608,P0035,1,228.97,0
O010609,P0142,2,46.23,0
O010609,P0051,1,37.8,0
O010609,P0128,1,40.97,0
O010609,P0149,1,21.0,0
O010610,P0018,1,103.25,0
O010611,P0074,1,26.63,0
O010611,P0001,1,59.15,0
O010611,P0014,2,280.69,0
O010611,P0002,1,428.99,0
O010612,P0069,1,25.15,0
O010612,P0056,1,54.99,0
O010612,P0094,3,42.24,0
O010612,P0048,1,80.09,0
O010613,P0074,1,26.63,0
O010613,P0060,1,131.68,0
O010614,P0070,0,144.85,0
O010615,P0063,3,95.57,0
O010615,P0006,2,317.9,0
O010615,P0063,1,95.57,0
O010615,P0032,1,28.68,0
O010616,P0067,1,20.79,0
O010617,P0021,3,103.85,0
O010618,P0033,1,58.2,0
O010618,P0008,1,47.86,0
O010618,P0008,3,47.86,0
O010618,P0017,1,45.26,0
O010619,P0146,3,36.39,0
O010619,P0052,1,96.7,0
O010619,P0138,1,119.25,0
O010619,P0017,1,45.26,0
O010620,P0073,2,99.68,0
O010620,P0118,1,60.49,0
O010620,P0027,1,261.66,0
O010621,P0054,1,22.5,0
O010622,P0062,2,109.93,0
O010623,P0112,2,121.72,0
O010623,P0062,3,109.93,0
O010624,P0014,1,280.69,0
O010624,P0140,1,95.27,0
O010625,P0044,1,96.71,20
O010626,P0122,1,44.07,0
O010627,P0008,1,47.86,0
O010627,P0007,3,566.07,0
O010628,P0094,2,42.24,0
O010628,P0092,2,9.46,0
O010628,P0124,1,16.63,0
O010628,P0039,3,35.85,0
O010629,P0018,3,103.25,0
O010630,P0001,3,59.15,0
O010631,P0112,1,121.72,0
O010632,P0087,1,72.97,20
O010633,P0128,1,40.97,0
O010633,P0136,2,64.01,0
O010633,P0025,3,63.7,0
O010633,P0014,1,280.69,0
O010634,P0060,1,131.68,0
O010635,P0057,3,62.31,0
O010636,P0111,1,68.84,0
O010636,P0113,1,52.25,0
O010637,P0091,1,55.44,0
O010637,P0022,1,535.5,0
O010638,P0122,1,44.07,0
O010638,P0068,1,23.84,0
O010639,P0092,2,9.46,20
O010640,P0024,1,70.63,0
O010641,P0003,1,70.0,10
O010642,P0058,3,96.6,10
O010642,P0058,2,96.6,10
O010643,P0087,1,72.97,0
O010643,P0016,2,490.88,0
O010643,P0001,1,59.15,0
O010644,P0145,3,10.1,0
O010644,P0100,1,14.85,0
O010644,P0012,2,202.16,0
O010645,P0132,3,9.56,0
O010646,P0034,1,12.47,0
O010647,P0141,1,32.3,0
O010647,P0133,1,68.25,0
O010647,P0071,1,88.96,0
O010648,P0138,1,119.25,10
O010649,P0149,3,21.0,0
O010649,P0045,3,36.65,0
O010649,P0089,1,75.8,0
O010650,P0128,2,40.97,0
O010650,P0093,3,36.5,0
O010650,P0091,1,55.44,0
O010650,P0121,1,35.48,0
O010651,P0056,1,54.99,0
O010651,P0032,2,28.68,0
O010652,P0070,2,144.85,0
O010653,P0142,1,46.23,0
O010653,P0087,1,72.97,0
O010654,P0108,1,153.58,40
O010655,P0090,3,74.94,0
O010656,P0038,3,11.96,10
O010656,P0103,1,43.56,10
O010656,P0051,1,37.8,10
O010657,P0093,1,36.5,0
O010657,P0050,3,23.7,0
O010657,P0115,3,65.77,0
O010657,P0023,2,234.72,0
O010658,P0041,3,240.17,0
O010659,P0086,1,7.88,0
O010659,P0063,1,95.57,0
O010659,P0034,2,12.47,0
O010659,P0061,1,30.11,0
O010660,P0045,1,36.65,0
O010660,P0056,2,54.99,0
O010660,P0003,2,70.0,0
O010661,P0021,2,103.85,0
O010662,P0075,1,50.52,0
O010663,P0075,1,50.52,0
O010663,P0019,1,225.54,0
O010663,P0057,1,62.31,0
O010663,P0017,1,45.26,0
O010664,P0020,3,48.67,0
O010665,P0138,2,119.25,0
O010665,P0111,2,68.84,0
O010665,P0041,1,240.17,0
O010665,P0044,1,96.71,0
O010666,P0040,1,12.05,0
O010666,P0006,3,317.9,0
O010667,P0002,1,428.99,40
O010667,P0076,1,53.1,40
O010667,P0127,1,69.7,40
O010667,P0021,2,103.85,40
O010668,P0002,3,428.99,10
O010669,P0023,1,234.72,0
O010669,P0059,1,46.72,0
O010669,P0024,3,70.63,0
O010670,P0054,1,22.5,0
O010670,P0094,3,42.24,0
O010671,P0070,3,144.85,10
O010671,P0057,2,62.31,10
O010671,P0124,3,16.63,10
O010672,P0019,2,225.54,0
O010672,P0116,1,64.62,0
O010672,P0031,2,100.42,0
O010673,P0026,1,143.66,0
O010674,P0069,1,25.15,0
O010674,P0029,1,612.77,0
O010675,P0089,1,75.8,0
O010675,P0026,1,143.66,0
O010676,P0132,1,9.56,0
O010676,P0107,1,42.73,0
O010677,P0118,1,60.49,0
O010678,P0002,1,428.99,0
O010679,P0019,1,225.54,0
O010679,P0011,1,746.1,0
O010680,P0038,2,11.96,0
O010681,P0020,3,48.67,0
O010682,P0032,1,28.68,0
O010682,P0031,3,100.42,0
O010683,P0085,1,72.91,0
O010683,P0039,1,35.85,0
O010684,P0123,1,13.17,0
O010684,P0062,1,109.93,0
O010684,P0068,1,23.84,0
O010685,P0104,1,56.02,0
O010686,P0023,2,234.72,0
O010686,P0130,1,22.25,0
O010687,P0133,1,68.25,0
O010688,P0146,2,36.39,0
O010688,P0105,1,192.4,0
O010688,P0013,2,237.97,0
O010688,P0021,1,103.85,0
O010689,P0088,1,12.2,15
O010689,P0015,1,54.36,15
O010689,P0109,1,191.49,15
O010689,P0076,1,53.1,15
O010690,P0098,3,5.21,0
O010691,P0074,1,26.63,10
O010691,P0010,2,261.54,10
O010692,P0004,1,203.73,0
O010692,P0076,3,53.1,0
O010692,P0087,3,72.97,0
O010693,P0023,2,234.72,0
O010694,P0125,1,231.1,10
O010694,P0023,2,234.72,10
O010694,P0117,1,37.62,10
O010694,P0033,1,58.2,10
O010695,P0124,2,16.63,0
O010696,P0034,3,12.47,0
O010696,P0029,1,612.77,0
O010696,P0028,1,456.12,0
O010697,P0093,2,36.5,0
O010697,P0011,2,746.1,0
O010697,P0014,0,280.69,0
O010697,P0116,3,64.62,0
O010698,P0109,3,191.49,0
O010699,P0116,1,64.62,0
O010699,P0140,2,95.27,0
O010699,P0044,1,96.71,0
O010699,P0039,3,35.85,0
O010700,P0007,1,566.07,0
O010700,P0128,1,40.97,0
O010700,P0016,1,490.88,0
O010701,P0119,1,111.41,0
O010702,P0034,1,12.47,0
O010703,P0107,1,42.73,0
O010703,P0078,1,46.55,0
O010703,P0005,3,105.05,0
O010704,P0069,1,25.15,0
O010704,P0054,2,22.5,0
O010704,P0027,2,261.66,0
O010705,P0118,1,60.49,0
O010706,P0064,3,101.18,0
O010706,P0146,1,36.39,0
O010707,P0038,3,11.96,5
O010708,P0077,2,86.48,15
O010709,P0061,1,30.11,0
O010710,P0060,3,131.68,0
O010711,P0149,2,21.0,0
O010711,P0127,1,69.7,0
O010711,P0127,1,69.7,0
O010711,P0065,2,128.91,0
O010712,P0092,1,9.46,0
O010712,P0056,1,54.99,0
O010713,P0129,1,10.47,0
O010713,P0099,1,42.13,0
O010714,P0044,1,96.71,0
O010715,P0136,2,64.01,0
O010716,P0149,3,21.0,0
O010717,P0042,2,94.19,0
O010717,P0038,1,11.96,0
O010718,P0032,2,28.68,0
O010718,P0030,3,111.36,0
O010718,P0054,3,22.5,0
O010718,P0141,1,32.3,0
O010719,P0007,2,566.07,0
O010719,P0055,1,21.55,0
O010719,P0114,1,30.32,0
O010719,P0007,1,566.07,0
O010720,P0053,1,79.81,0
O010720,P0086,3,7.88,0
O010720,P0049,2,192.27,0
O010721,P0113,2,52.25,0
O010721,P0019,1,225.54,0
O010721,P0006,2,317.9,0
O010722,P0069,1,25.15,5
O010723,P0086,1,7.88,0
O010723,P0076,3,53.1,0
O010724,P0137,3,9.05,0
O010724,P0009,1,879.03,0
O010724,P0055,3,21.55,0
O010725,P0029,1,612.77,0
O010725,P0049,1,192.27,0
O010726,P0060,1,131.68,0
O010727,P0019,1,225.54,0
O010727,P0115,1,65.77,0
O010727,P0117,1,37.62,0
O010728,P0012,1,202.16,0
O010729,P0129,3,10.47,0
O010729,P0067,1,20.79,0
O010730,P0051,1,37.8,0
O010731,P0079,1,21.76,0
O010731,P0078,3,46.55,0
O010732,P0027,1,261.66,0
O010733,P0047,1,22.6,10
O010734,P0056,1,54.99,0
O010734,P0099,1,42.13,0
O010734,P0092,1,9.46,0
O010734,P0048,2,80.09,0
O010735,P0040,1,12.05,0
O010735,P0033,1,58.2,0
O010735,P0110,1,231.1,0
O010735,P0119,1,111.41,0
O010736,P0137,1,9.05,20
O010736,P0118,1,60.49,20
O010736,P0028,1,456.12,20
O010737,P0016,1,490.88,40
O010737,P0006,1,317.9,40
O010738,P0119,3,111.41,0
O010739,P0110,1,231.1,0
O010740,P0064,3,101.18,0
O010740,P0035,1,228.97,0
O010741,P0097,3,39.47,0
O010741,P0066,2,29.64,0
O010741,P0100,1,14.85,0
O010742,P0055,2,21.55,0
O010742,P0093,1,36.5,0
O010742,P0031,1,100.42,0
O010742,P0077,1,86.48,0
O010743,P0106,1,93.16,0
O010744,P0055,3,21.55,0
O010744,P0107,1,42.73,0
O010744,P0024,2,70.63,0
O010745,P0045,3,36.65,10
O010746,P0072,1,22.81,0
O010747,P0027,2,261.66,0
O010747,P0014,1,280.69,0
O010747,P0023,3,234.72,0
O010748,P0066,1,29.64,0
O010748,P0066,1,29.64,0
O010748,P0063,1,95.57,0
O010748,P0106,1,93.16,0
O010749,P0068,3,23.84,10
O010749,P0060,2,131.68,10
O010750,P0015,1,54.36,0
O010751,P0030,2,111.36,0
O010751,P0090,1,74.94,0
O010752,P0013,1,237.97,0
O010753,P0051,1,37.8,0
O010754,P0032,1,28.68,0
O010754,P0044,1,96.71,0
O010755,P0004,2,203.73,0
O010755,P0041,1,240.17,0
O010756,P0069,3,25.15,0
O010757,P0026,1,143.66,10
O010757,P0068,1,23.84,10
O010758,P0130,1,22.25,0
O010758,P0042,1,94.19,0
O010758,P0074,1,26.63,0
O010758,P0033,1,58.2,0
O010759,P0046,3,93.34,0
O010760,P0108,1,153.58,0
O010760,P0037,2,46.51,0
O010761,P0140,1,95.27,0
O010762,P0124,1,16.63,0
O010762,P0044,1,96.71,0
O010763,P0053,3,79.81,0
O010764,P0050,1,23.7,0
O010764,P0041,1,240.17,0
O010765,P0043,1,15.93,5
O010766,P0044,1,96.71,0
O010767,P0116,1,64.62,0
O010768,P0015,2,54.36,0
O010769,P0003,2,70.0,10
O010769,P0069,1,25.15,10
O010770,P0105,1,192.4,20
O010770,P0024,3,70.63,20
O010770,P0081,1,38.74,20
O010770,P0043,2,15.93,20
O010771,P0025,3,63.7,0
O010772,P0049,3,192.27,0
O010773,P0042,3,94.19,0
O010773,P0079,1,21.76,0
O010774,P0069,3,25.15,0
O010774,P0117,1,37.62,0
O010774,P0049,1,192.27,0
O010775,P0070,3,144.85,20
O010775,P0062,3,109.93,20
O010775,P0012,2,202.16,20
O010776,P0043,1,15.93,0
O010776,P0084,1,13.25,0
O010777,P0027,3,261.66,0
O010777,P0071,1,88.96,0
O010777,P0085,2,72.91,0
O010777,P0035,1,228.97,0
O010778,P0105,3,192.4,0
O010778,P0027,3,261.66,0
O010778,P0107,1,42.73,0
O010779,P0001,1,59.15,40
O010780,P0086,1,7.88,0
O010781,P0032,1,28.68,0
O010781,P0046,1,93.34,0
O010781,P0094,1,42.24,0
O010781,P0142,1,46.23,0
O010782,P0073,1,99.68,0
O010783,P0006,1,317.9,0
O010784,P0044,1,96.71,0
O010785,P0007,2,566.07,0
O010786,P0061,1,30.11,0
O010787,P0028,1,456.12,0
O010787,P0009,1,879.03,0
O010787,P0077,1,86.48,0
O010787,P0121,1,35.48,0
O010788,P0139,2,117.86,0
O010788,P0077,1,86.48,0
O010789,P0019,1,225.54,0
O010789,P0144,2,10.61,0
O010789,P0058,3,96.6,0
O010790,P0001,1,59.15,0
O010791,P0014,1,280.69,0
O010792,P0010,3,261.54,0
O010793,P0016,1,490.88,5
O010794,P0015,1,54.36,0
O010794,P0107,1,42.73,0
O010795,P0005,1,105.05,0
O010795,P0135,1,61.66,0
O010796,P0056,3,54.99,20
O010797,P0126,1,119.65,0
O010797,P0076,1,53.1,0
O010797,P0023,1,234.72,0
O010798,P0040,1,12.05,0
O010798,P0051,1,37.8,0
O010798,P0049,1,192.27,0
O010798,P0103,2,43.56,0
O010799,P0031,1,100.42,0
O010799,P0042,2,94.19,0
O010800,P0071,3,88.96,0
O010800,P0093,3,36.5,0
O010800,P0116,1,64.62,0
O010800,P0051,1,37.8,0
O010801,P0053,1,79.81,0
O010802,P0074,1,26.63,0
O010802,P0034,1,12.47,0
O010803,P0043,1,15.93,10
O010804,P0048,2,80.09,0
O010805,P0128,1,40.97,0
O010805,P0039,1,35.85,0
O010805,P0035,1,228.97,0
O010806,P0010,1,261.54,10
O010807,P0072,1,22.81,0
O010808,P0040,1,12.05,0
O010808,P0126,2,119.65,0
O010808,P0086,1,7.88,0
O010808,P0100,1,14.85,0
O010809,P0022,1,535.5,0
O010809,P0114,3,30.32,0
O010810,P0032,1,28.68,20
O010810,P0016,2,490.88,20
O010811,P0078,-1,46.55,10
O010812,P0047,1,22.6,0
O010813,P0010,1,261.54,0
O010813,P0004,1,203.73,0
O010813,P0072,3,22.81,0
O010814,P0083,1,45.29,0
O010815,P0102,2,6.1,0
O010816,P0085,3,72.91,0
O010817,P0112,1,121.72,0
O010817,P0077,1,86.48,0
O010818,P0008,1,47.86,0
O010818,P0038,2,11.96,0
O010819,P0148,1,74.21,0
O010820,P0030,3,111.36,0
O010820,P0017,1,45.26,0
O010820,P0032,2,28.68,0
O010820,P0071,2,88.96,0
O010821,P0091,1,55.44,15
O010821,P0016,1,490.88,15
O010821,P0030,3,111.36,15
O010821,P0036,1,80.43,15
O010822,P0068,1,23.84,0
O010822,P0057,1,62.31,0
O010823,P0033,1,58.2,0
O010824,P0053,1,79.81,0
O010824,P0069,1,25.15,0
O010824,P0018,3,103.25,0
O010825,P0013,3,237.97,0
O010825,P0138,1,119.25,0
O010825,P0059,1,46.72,0
O010826,P0054,3,22.5,0
O010826,P0125,2,231.1,0
O010827,P0038,1,11.96,0
O010827,P0144,2,10.61,0
O010827,P0010,1,261.54,0
O010827,P0066,3,29.64,0
O010828,P0074,2,26.63,0
O010829,P0016,1,490.88,0
O010830,P0011,2,746.1,0
O010830,P0090,2,74.94,0
O010831,P0084,1,13.25,0
O010832,P0127,1,69.7,0
O010832,P0046,1,93.34,0
O010833,P0048,3,80.09,0
O010833,P0052,3,96.7,0
O010834,P0068,1,23.84,0
O010835,P0120,3,233.46,0
O010835,P0060,1,131.68,0
O010836,P0139,3,117.86,0
O010837,P0137,1,9.05,10
O010837,P0139,1,117.86,10
O010837,P0001,3,59.15,10
O010838,P0038,2,11.96,0
O010838,P0053,3,79.81,0
O010839,P0059,2,46.72,0
O010839,P0150,1,28.39,0
O010840,P0049,1,192.27,0
O010840,P0073,2,99.68,0
O010840,P0140,1,95.27,0
O010841,P0133,1,68.25,0
O010841,P0094,3,42.24,0
O010841,P0087,3,72.97,0
O010841,P0061,1,30.11,0
O010842,P0142,3,46.23,0
O010842,P0110,1,231.1,0
O010842,P0143,3,10.62,0
O010843,P0149,1,21.0,10
O010843,P0147,1,8.3,10
O010843,P0015,1,54.36,10
O010843,P0021,2,103.85,10
O010844,P0093,1,36.5,0
O010845,P0133,2,68.25,0
O010846,P0074,1,26.63,0
O010846,P0147,1,8.3,0
O010846,P0071,1,88.96,0
O010846,P0070,3,144.85,0
O010847,P0140,3,95.27,0
O010847,P0127,1,69.7,0
O010847,P0060,1,131.68,0
O010847,P0028,2,456.12,0
O010848,P0007,2,566.07,0
O010848,P0075,3,50.52,0
O010849,P0111,1,68.84,10
O010849,P0080,2,52.81,10
O010850,P0030,2,111.36,0
O010851,P0030,1,111.36,0
O010852,P0064,2,101.18,0
O010853,P0024,3,70.63,0
O010854,P0111,2,68.84,0
O010855,P0106,3,93.16,0
O010855,P0066,1,29.64,0
O010856,P0119,3,111.41,0
O010856,P0027,1,261.66,0
O010857,P0063,1,95.57,0
O010857,P0026,3,143.66,0
O010858,P0053,3,79.81,0
O010859,P0071,1,88.96,0
O010859,P0068,1,23.84,0
O010859,P0143,1,10.62,0
O010859,P0020,2,48.67,0
O010860,P0116,1,64.62,0
O010860,P0012,1,202.16,0
O010861,P0104,3,56.02,0
O010862,P0125,1,231.1,0
O010863,P0079,1,21.76,0
O010863,P0107,1,42.73,0
O010864,P0029,3,612.77,0
O010865,P0002,1,428.99,0
O010865,P0085,2,72.91,0
O010866,P0114,1,30.32,0
O010867,P0030,1,111.36,0
O010868,P0062,1,109.93,0
O010868,P0062,1,109.93,0
O010869,P0145,2,10.1,0
O010869,P0008,1,47.86,0
O010870,P0105,3,192.4,0
O010870,P0028,1,456.12,0
O010870,P0125,1,231.1,0
O010871,P0120,3,233.46,0
O010872,P0082,1,69.13,0
O010872,P0139,2,117.86,0
O010873,P0040,3,12.05,0
O010873,P0037,3,46.51,0
O010873,P0080,1,52.81,0
O010873,P0133,3,68.25,0
O010874,P0123,1,13.17,0
O010875,P0064,3,101.18,0
O010875,P0122,1,44.07,0
O010876,P0120,1,233.46,0
O010877,P0021,1,103.85,0
O010877,P0124,1,16.63,0
O010877,P0084,3,13.25,0
O010877,P0105,1,192.4,0
O010878,P0077,1,86.48,0
O010878,P0010,1,261.54,0
O010879,P0130,1,22.25,0
O010879,P0009,1,879.03,0
O010879,P0097,1,39.47,0
O010880,P0118,1,60.49,0
O010881,P0029,1,612.77,10
O010881,P0057,3,62.31,10
O010882,P0060,3,131.68,20
O010882,P0106,2,93.16,20
O010882,P0104,3,56.02,20
O010882,P0033,1,58.2,20
O010883,P0101,1,12.63,15
O010884,P0060,1,131.68,0
O010885,P0034,1,12.47,0
O010886,P0033,1,58.2,0
O010887,P0103,1,43.56,0
O010888,P0068,1,23.84,0
O010889,P0107,1,42.73,0
O010889,P0063,1,95.57,0
O010889,P0129,1,10.47,0
O010890,P0107,3,42.73,0
O010891,P0057,1,62.31,0
O010892,P0039,1,35.85,0
O010892,P0007,1,566.07,0
O010893,P0105,1,192.4,0
O010894,P0148,1,74.21,0
O010895,P0138,1,119.25,10
O010895,P0008,1,47.86,10
O010895,P0072,1,22.81,10
O010896,P0134,3,14.57,0
O010897,P0134,1,14.57,0
O010897,P0084,3,13.25,0
O010898,P0045,1,36.65,0
O010899,P0048,1,80.09,0
O010900,P0032,3,28.68,0
O010901,P0107,1,42.73,20
O010901,P0093,1,36.5,20
O010901,P0143,1,10.62,20
O010901,P0074,2,26.63,20
O010902,P0110,1,231.1,0
O010902,P0041,3,240.17,0
O010903,P0115,3,65.77,0
O010903,P0059,1,46.72,0
O010903,P0013,3,237.97,0
O010903,P0145,2,10.1,0
O010904,P0103,3,43.56,0
O010905,P0044,1,96.71,0
O010905,P0035,1,228.97,0
O010906,P0068,2,23.84,0
O010907,P0126,1,119.65,0
O010907,P0029,1,612.77,0
O010907,P0128,2,40.97,0
O010908,P0018,1,103.25,0
O010908,P0085,1,72.91,0
O010909,P0067,2,20.79,0
O010910,P0053,1,79.81,0
O010910,P0063,1,95.57,0
O010910,P0078,2,46.55,0
O010910,P0050,1,23.7,0
O010911,P0089,1,75.8,0
O010911,P0114,3,30.32,0
O010911,P0083,1,45.29,0
O010911,P0045,1,36.65,0
O010912,P0007,1,566.07,40
O010912,P0027,1,261.66,40
O010912,P0027,1,261.66,40
O010913,P0102,1,6.1,0
O010913,P0079,1,21.76,0
O010913,P0031,2,100.42,0
O010913,P0133,1,68.25,0
O010914,P0077,2,86.48,0
O010915,P0121,3,35.48,0
O010915,P0056,2,54.99,0
O010916,P0045,1,36.65,0
O010917,P0056,1,54.99,0
O010917,P0005,1,105.05,0
O010918,P0069,1,25.15,0
O010919,P0104,1,56.02,0
O010919,P0105,3,192.4,0
O010920,P0087,3,72.97,0
O010920,P0117,1,37.62,0
O010921,P0082,3,69.13,0
O010921,P0099,1,42.13,0
O010921,P0108,3,153.58,0
O010922,P0067,2,20.79,0
O010922,P0067,3,20.79,0
O010922,P0002,1,428.99,0
O010922,P0091,2,55.44,0
O010923,P0055,1,21.55,0
O010923,P0048,2,80.09,0
O010924,P0113,1,52.25,5
O010924,P0010,1,261.54,5
O010925,P0058,1,96.6,0
O010925,P0062,1,109.93,0
O010925,P0027,3,261.66,0
O010925,P0018,1,103.25,0
O010926,P0023,2,234.72,0
O010927,P0025,2,63.7,0
O010927,P0114,1,30.32,0
O010928,P0148,2,74.21,0
O010928,P0064,2,101.18,0
O010928,P0066,1,29.64,0
O010928,P0142,1,46.23,0
O010929,P0052,1,96.7,0
O010929,P0081,1,38.74,0
O010930,P0094,1,42.24,0
O010930,P0029,1,612.77,0
O010931,P0037,2,46.51,0
O010932,P0122,2,44.07,0
O010933,P0096,2,62.39,0
O010933,P0067,1,20.79,0
O010934,P0142,3,46.23,0
O010935,P0033,1,58.2,0
O010935,P0079,1,21.76,0
O010935,P0063,2,95.57,0
O010936,P0147,2,8.3,0
O010936,P0104,2,56.02,0
O010936,P0013,1,237.97,0
O010936,P0143,2,10.62,0
O010937,P0061,1,30.11,0
O010937,P0050,1,23.7,0
O010937,P0034,1,12.47,0
O010937,P0128,1,40.97,0
O010938,P0131,3,10.19,0
O010939,P0003,1,70.0,0
O010940,P0077,1,86.48,0
O010940,P0128,1,40.97,0
O010941,P0033,1,58.2,0
O010942,P0075,2,50.52,0
O010943,P0088,1,12.2,0
O010944,P0146,1,36.39,0
O010944,P0036,1,80.43,0
O010945,P0035,3,228.97,0
O010945,P0041,2,240.17,0
O010946,P0038,3,11.96,0
O010946,P0132,1,9.56,0
O010947,P0150,2,28.39,10
O010948,P0124,1,16.63,0
O010949,P0142,1,46.23,0
O010949,P0132,1,9.56,0
O010949,P0031,2,100.42,0
O010950,P0141,1,32.3,0
O010950,P0005,1,105.05,0
O010951,P0015,1,54.36,0
O010952,P0070,3,144.85,0
O010953,P0131,1,10.19,0
O010953,P0037,1,46.51,0
O010954,P0032,1,28.68,0
O010955,P0004,2,203.73,0
O010955,P0131,1,10.19,0
O010955,P0091,1,55.44,0
O010956,P0127,3,69.7,0
O010956,P0065,2,128.91,0
O010957,P0138,2,119.25,0
O010958,P0142,1,46.23,0
O010958,P0012,1,202.16,0
O010959,P0041,2,240.17,0
O010959,P0054,1,22.5,0
O010960,P0072,1,22.81,0
O010961,P0053,1,79.81,15
O010961,P0148,3,74.21,15
O010962,P0054,1,22.5,0
O010962,P0004,1,203.73,0
O010963,P0050,1,23.7,0
O010963,P0047,1,22.6,0
O010964,P0069,1,25.15,0
O010965,P0126,3,119.65,0
O010966,P0138,1,119.25,0
O010966,P0049,1,192.27,0
O010966,P0084,1,13.25,0
O010966,P0144,1,10.61,0
O010967,P0047,1,22.6,0
O010968,P0002,1,428.99,0
O010969,P0003,2,70.0,0
O010969,P0017,3,45.26,0
O010970,P0014,2,280.69,0
O010971,P0068,1,23.84,0
O010972,P0042,1,94.19,0
O010973,P0129,1,10.47,0
O010974,P0096,1,62.39,0
O010974,P0025,2,63.7,0
O010975,P0060,1,131.68,0
O010975,P0066,1,29.64,0
O010975,P0107,1,42.73,0
O010976,P0126,1,119.65,0
O010977,P0082,1,69.13,0
O010977,P0017,2,45.26,0
O010977,P0041,2,240.17,0
O010977,P0019,1,225.54,0
O010978,P0015,1,54.36,0
O010978,P0045,1,36.65,0
O010979,P0019,1,225.54,0
O010979,P0070,1,144.85,0
O010979,P0089,1,75.8,0
O010979,P0030,3,111.36,0
O010980,P0024,1,70.63,0
O010980,P0124,2,16.63,0
O010980,P0112,1,121.72,0
O010980,P0025,1,63.7,0
O010981,P0103,1,43.56,0
O010981,P0034,-1,12.47,0
O010982,P0039,1,35.85,0
O010983,P0038,2,11.96,0
O010984,P0078,3,46.55,0
O010985,P0039,1,35.85,0
O010985,P0106,2,93.16,0
O010986,P0145,1,10.1,0
O010987,P0067,1,20.79,0
O010988,P0044,3,96.71,0
O010989,P0124,2,16.63,0
O010989,P0047,1,22.6,0
O010989,P0088,1,12.2,0
O010990,P0092,2,9.46,0
O010991,P0025,3,63.7,0
O010991,P0125,1,231.1,0
O010991,P0121,1,35.48,0
O010991,P0033,1,58.2,0
O010992,P0036,1,80.43,0
O010992,P0057,2,62.31,0
O010993,P0066,1,29.64,0
O010993,P0065,2,128.91,0
O010993,P0023,2,234.72,0
O010993,P0111,1,68.84,0
O010994,P0102,2,6.1,0
O010995,P0093,3,36.5,0
O010996,P0018,3,103.25,0
O010997,P0048,1,80.09,0
O010998,P0074,3,26.63,0
O010998,P0132,2,9.56,0
O010999,P0088,1,12.2,0
O010999,P0064,3,101.18,0
O010999,P0139,3,117.86,0
O011000,P0057,1,62.31,0
O011000,P0013,1,237.97,0
O011000,P0004,1,203.73,0
O011001,P0052,1,96.7,0
O011001,P0050,3,23.7,0
O011002,P0087,3,72.97,0
O011003,P0041,1,240.17,0
O011003,P0061,1,30.11,0
O011003,P0023,1,234.72,0
O011004,P0123,3,13.17,0
O011005,P0021,3,103.85,0
O011006,P0042,1,94.19,0
O011006,P0100,1,14.85,0
O011007,P0111,3,68.84,0
O011008,P0097,1,39.47,0
O011008,P0002,2,428.99,0
O011009,P0027,1,261.66,0
O011009,P0019,3,225.54,0
O011009,P0063,2,95.57,0
O011010,P0005,2,105.05,0
O011010,P0051,2,37.8,0
O011011,P0107,1,42.73,0
O011012,P0001,3,59.15,0
O011012,P0060,2,131.68,0
O011012,P0097,3,39.47,0
O011013,P0084,1,13.25,0
O011014,P0082,1,69.13,0
O011014,P0055,3,21.55,0
O011014,P0149,1,21.0,0
O011015,P0076,1,53.1,0
O011016,P0075,1,50.52,0
O011016,P0050,2,23.7,0
O011017,P0118,1,60.49,0
O011018,P0011,1,746.1,0
O011018,P0018,3,103.25,0
O011018,P0012,1,202.16,0
O011018,P0105,2,192.4,0
O011019,P0009,1,879.03,0
O011019,P0022,2,535.5,0
O011020,P0061,1,30.11,20
O011020,P0008,3,47.86,20
O011021,P0023,1,234.72,0
O011021,P0035,1,228.97,0
O011022,P0106,2,93.16,0
O011022,P0075,3,50.52,0
O011023,P0097,1,39.47,0
O011024,P0002,1,428.99,0
O011024,P0007,1,566.07,0
O011025,P0073,1,99.68,0
O011025,P0051,1,37.8,0
O011026,P0077,3,86.48,0
O011026,P0057,1,62.31,0
O011026,P0061,3,30.11,0
O011027,P0025,1,63.7,0
O011028,P0049,2,192.27,0
O011028,P0049,1,192.27,0
O011029,P0042,3,94.19,0
O011030,P0003,1,70.0,0
O011030,P0096,1,62.39,0
O011031,P0047,1,22.6,0
O011031,P0013,1,237.97,0
O011032,P0077,2,86.48,0
O011032,P0142,1,46.23,0
O011033,P0075,2,50.52,10
O011033,P0147,1,8.3,10
O011034,P0055,1,21.55,0
O011035,P0021,2,103.85,0
O011035,P0058,1,96.6,0
O011035,P0036,1,80.43,0
O011035,P0104,1,56.02,0
O011036,P0029,1,612.77,0
O011037,P0073,3,99.68,10
O011038,P0110,1,231.1,0
O011038,P0060,1,131.68,0
O011039,P0143,1,10.62,0
O011040,P0129,2,10.47,0
O011040,P0081,1,38.74,0
O011040,P0146,1,36.39,0
O011040,P0147,1,8.3,0
O011041,P0131,2,10.19,0
O011042,P0066,1,29.64,0
O011043,P0113,2,52.25,0
O011043,P0121,1,35.48,0
O011044,P0105,1,192.4,0
O011044,P0093,1,36.5,0
O011044,P0130,1,22.25,0
O011044,P0114,1,30.32,0
O011045,P0065,1,128.91,0
O011046,P0139,2,117.86,0
O011046,P0119,2,111.41,0
O011047,P0060,2,131.68,0
O011047,P0002,1,428.99,0
O011047,P0144,3,10.61,0
O011047,P0105,3,192.4,0
O011048,P0147,3,8.3,0
O011049,P0041,1,240.17,0
O011049,P0054,3,22.5,0
O011050,P0149,1,21.0,0
O011050,P0073,3,99.68,0
O011051,P0120,1,233.46,10
O011051,P0027,3,261.66,10
O011052,P0044,1,96.71,10
O011052,P0086,1,7.88,10
O011052,P0143,1,10.62,10
O011052,P0106,2,93.16,10
O011053,P0042,1,94.19,0
O011053,P0104,1,56.02,0
O011053,P0066,1,29.64,0
O011053,P0091,3,55.44,0
O011054,P0067,1,20.79,0
O011054,P0076,1,53.1,0
O011054,P0110,2,231.1,0
O011055,P0020,1,48.67,0
O011056,P0060,2,131.68,0
O011057,P0046,3,93.34,10
O011057,P0050,1,23.7,10
O011057,P0055,3,21.55,10
O011058,P0009,1,879.03,0
O011059,P0014,3,280.69,40
O011059,P0022,1,535.5,40
O011060,P0060,1,131.68,0
O011060,P0074,1,26.63,0
O011060,P0041,1,240.17,0
O011060,P0013,3,237.97,0
O011061,P0043,1,15.93,0
O011062,P0025,1,63.7,0
O011063,P0052,2,96.7,10
O011063,P0003,3,70.0,10
O011063,P0132,2,9.56,10
O011064,P0058,3,96.6,0
O011064,P0017,2,45.26,0
O011065,P0147,1,8.3,0
O011066,P0055,2,21.55,0
O011067,P0142,1,46.23,0
O011068,P0051,1,37.8,0
O011068,P0112,3,121.72,0
O011068,P0049,1,192.27,0
O011069,P0092,2,9.46,0
O011070,P0065,1,128.91,0
O011071,P0147,2,8.3,0
O011071,P0035,3,228.97,0
O011071,P0011,3,746.1,0
O011071,P0080,1,52.81,0
O011072,P0046,1,93.34,15
O011072,P0088,3,12.2,15
O011072,P0033,1,58.2,15
O011073,P0007,1,566.07,0
O011074,P0091,1,55.44,0
O011074,P0040,2,12.05,0
O011074,P0070,3,144.85,0
O011075,P0093,1,36.5,0
O011076,P0034,1,12.47,0
O011076,P0016,1,490.88,0
O011076,P0049,2,192.27,0
O011077,P0087,1,72.97,0
O011078,P0073,1,99.68,0
O011078,P0073,1,99.68,0
O011078,P0071,1,88.96,0
O011078,P0053,1,79.81,0
O011079,P0132,1,9.56,0
O011080,P0019,3,225.54,5
O011081,P0011,3,746.1,0
O011082,P0042,3,94.19,0
O011083,P0103,1,43.56,0
O011084,P0002,3,428.99,0
O011084,P0065,2,128.91,0
O011084,P0041,2,240.17,0
O011084,P0106,3,93.16,0
O011085,P0009,2,879.03,0
O011086,P0050,1,23.7,0
O011086,P0063,1,95.57,0
O011087,P0056,1,54.99,0
O011087,P0099,1,42.13,0
O011088,P0058,1,96.6,0
O011089,P0099,1,42.13,10
O011090,P0047,1,22.6,10
O011091,P0070,1,144.85,0
O011092,P0117,2,37.62,0
O011092,P0055,1,21.55,0
O011093,P0055,1,21.55,0
O011094,P0078,3,46.55,0
O011094,P0075,2,50.52,0
O011094,P0100,1,14.85,0
O011094,P0027,1,261.66,0
O011095,P0054,2,22.5,0
O011096,P0021,1,103.85,0
O011096,P0006,1,317.9,0
O011097,P0059,1,46.72,0
O011097,P0035,1,228.97,0
O011097,P0018,1,103.25,0
O011097,P0007,3,566.07,0
O011098,P0029,1,612.77,0
O011099,P0008,1,47.86,0
O011099,P0078,2,46.55,0
O011100,P0086,2,7.88,0
O011100,P0044,1,96.71,0
O011101,P0063,2,95.57,0
O011101,P0134,1,14.57,0
O011101,P0069,1,25.15,0
O011102,P0005,1,105.05,0
O011103,P0029,1,612.77,0
O011104,P0026,1,143.66,10
O011104,P0115,1,65.77,10
O011105,P0112,1,121.72,0
O011106,P0072,1,22.81,0
O011107,P0021,1,103.85,0
O011108,P0143,1,10.62,0
O011109,P0139,1,117.86,0
O011109,P0149,1,21.0,0
O011109,P0045,1,36.65,0
O011110,P0136,3,64.01,10
O011111,P0054,1,22.5,0
O011112,P0055,1,21.55,0
O011112,P0132,2,9.56,0
O011113,P0019,1,225.54,0
O011114,P0075,1,50.52,0
O011114,P0043,1,15.93,0
O011114,P0024,3,70.63,0
O011115,P0054,1,22.5,0
O011116,P0092,1,9.46,40
O011117,P0115,1,65.77,0
O011117,P0002,3,428.99,0
O011117,P0040,1,12.05,0
O011118,P0068,2,23.84,0
O011118,P0102,2,0.0,0
O011119,P0100,1,14.85,0
O011119,P0070,1,144.85,0
O011120,P0116,3,64.62,0
O011120,P0043,3,15.93,0
O011120,P0023,1,234.72,0
O011121,P0067,2,20.79,0
O011122,P0027,1,261.66,0
O011122,P0043,1,15.93,0
O011123,P0042,1,94.19,0
O011124,P0022,1,535.5,0
O011125,P0113,1,52.25,0
O011126,P0045,3,36.65,10
O011127,P0052,1,96.7,0
O011127,P0144,1,10.61,0
O011128,P0071,3,88.96,0
O011129,P0122,3,44.07,5
O011130,P0118,1,60.49,0
O011130,P0140,3,95.27,0
O011131,P0062,1,109.93,0
O011132,P0047,1,22.6,0
O011132,P0029,1,612.77,0
O011132,P0065,1,128.91,0
O011132,P0140,2,95.27,0
O011133,P0110,1,231.1,0
O011133,P0117,1,37.62,0
O011133,P0103,2,43.56,0
O011133,P0091,1,55.44,0
O011134,P0130,1,22.25,0
O011135,P0140,1,95.27,0
O011136,P0045,1,36.65,0
O011136,P0092,2,9.46,0
O011137,P0094,1,42.24,0
O011137,P0034,1,12.47,0
O011137,P0121,1,35.48,0
O011137,P0112,1,121.72,0
O011138,P0041,1,240.17,0
O011138,P0088,1,12.2,0
O011139,P0037,1,46.51,0
O011140,P0140,3,95.27,10
O011140,P0116,2,64.62,10
O011140,P0129,1,10.47,10
O011140,P0110,1,231.1,10
O011141,P0010,1,261.54,0
O011141,P0073,1,99.68,0
O011141,P0142,1,46.23,0
O011141,P0039,2,35.85,0
O011142,P0047,2,22.6,0
O011142,P0057,3,62.31,0
O011142,P0070,1,144.85,0
O011142,P0105,1,192.4,0
O011143,P0064,1,101.18,0
O011144,P0148,2,74.21,0
O011145,P0142,1,46.23,0
O011145,P0057,1,62.31,0
O011146,P0020,1,48.67,0
O011146,P0107,1,42.73,0
O011147,P0116,1,64.62,0
O011148,P0056,1,54.99,0
O011148,P0054,3,22.5,0
O011149,P0063,2,95.57,20
O011150,P0115,3,65.77,0
O011150,P0046,2,93.34,0
O011150,P0130,1,22.25,0
O011151,P0078,1,46.55,0
O011151,P0015,1,54.36,0
O011151,P0102,1,6.1,0
O011151,P0114,2,30.32,0
O011152,P0114,3,30.32,0
O011153,P0043,3,15.93,0
O011153,P0132,1,9.56,0
O011154,P0051,1,37.8,0
O011155,P0116,1,64.62,0
O011155,P0102,1,6.1,0
O011156,P0054,2,22.5,0
O011156,P0020,1,48.67,0
O011157,P0067,3,20.79,10
O011158,P0014,1,280.69,0
O011159,P0059,2,46.72,0
O011159,P0042,1,94.19,0
O011160,P0058,2,96.6,0
O011161,P0073,2,99.68,0
O011161,P0006,1,317.9,0
O011161,P0001,3,59.15,0
O011162,P0061,3,30.11,0
O011162,P0094,1,42.24,0
O011162,P0148,1,74.21,0
O011162,P0075,2,50.52,0
O011163,P0039,1,35.85,0
O011164,P0077,3,86.48,0
O011165,P0056,1,54.99,0
O011166,P0004,1,203.73,0
O011166,P0089,1,75.8,0
O011167,P0021,2,103.85,0
O011167,P0112,3,121.72,0
O011167,P0104,1,56.02,0
O011167,P0021,1,103.85,0
O011168,P0110,1,231.1,0
O011169,P0100,1,14.85,0
O011170,P0028,1,456.12,0
O011171,P0048,3,80.09,10
O011172,P0027,1,261.66,0
O011172,P0046,1,93.34,0
O011172,P0105,2,192.4,0
O011172,P0048,1,80.09,0
O011173,P0060,1,131.68,0
O011174,P0068,1,23.84,0
O011174,P0099,1,42.13,0
O011175,P0002,3,428.99,0
O011175,P0068,1,23.84,0
O011175,P0059,2,46.72,0
O011176,P0016,1,490.88,0
O011177,P0008,2,47.86,0
O011177,P0011,1,746.1,0
O011177,P0023,3,234.72,0
O011177,P0027,1,261.66,0
O011178,P0074,1,26.63,0
O011179,P0060,1,131.68,0
O011179,P0056,1,54.99,0
O011180,P0115,1,65.77,10
O011181,P0033,1,58.2,0
O011182,P0044,1,96.71,0
O011182,P0043,1,15.93,0
O011183,P0018,3,103.25,0
O011184,P0027,2,261.66,0
O011185,P0120,3,233.46,0
O011185,P0036,1,80.43,0
O011185,P0054,1,22.5,0
O011185,P0066,1,29.64,0
O011186,P0065,1,128.91,0
O011186,P0010,1,261.54,0
O011186,P0041,1,240.17,0
O011186,P0034,3,12.47,0
O011187,P0039,1,35.85,0
O011187,P0082,2,69.13,0
O011187,P0039,1,35.85,0
O011187,P0061,1,30.11,0
O011188,P0034,1,12.47,0
O011189,P0107,2,42.73,0
O011189,P0053,1,79.81,0
O011190,P0006,1,317.9,0
O011191,P0134,3,14.57,0
O011191,P0129,3,10.47,0
O011191,P0006,1,317.9,0
O011192,P0034,1,12.47,0
O011193,P0048,3,80.09,0
O011193,P0046,1,93.34,0
O011194,P0011,1,746.1,0
O011194,P0020,3,48.67,0
O011195,P0048,3,80.09,0
O011195,P0010,3,261.54,0
O011195,P0037,1,46.51,0
O011196,P0098,1,5.21,0
O011197,P0038,3,11.96,0
O011198,P0007,1,566.07,0
O011198,P0043,2,15.93,0
O011199,P0105,3,192.4,0
O011200,P0145,1,10.1,0
O011201,P0045,1,36.65,0
O011202,P0070,1,144.85,0
O011202,P0137,3,9.05,0
O011203,P0071,1,88.96,0
O011204,P0072,2,22.81,0
O011204,P0023,1,234.72,0
O011204,P0006,3,317.9,0
O011205,P0129,2,10.47,0
O011205,P0001,1,59.15,0
O011206,P0065,2,128.91,0
O011206,P0054,1,22.5,0
O011207,P0059,1,46.72,0
O011208,P0060,2,131.68,0
O011208,P0067,1,20.79,0
O011208,P0045,1,36.65,0
O011209,P0088,3,12.2,0
O011210,P0008,1,47.86,0
O011210,P0007,1,566.07,0
O011211,P0001,1,59.15,0
O011211,P0047,1,22.6,0
O011212,P0072,1,22.81,0
O011213,P0126,1,119.65,0
O011213,P0002,1,428.99,0
O011214,P0060,1,131.68,0
O011214,P0086,1,7.88,0
O011215,P0007,1,566.07,0
O011215,P0042,1,94.19,0
O011216,P0050,3,23.7,0
O011217,P0054,2,22.5,0
O011217,P0132,1,9.56,0
O011217,P0041,2,240.17,0
O011217,P0045,1,36.65,0
O011218,P0060,1,131.68,0
O011218,P0115,3,65.77,0
O011218,P0124,1,16.63,0
O011218,P0042,1,94.19,0
O011219,P0054,2,22.5,0
O011220,P0010,1,261.54,0
O011220,P0047,2,22.6,0
O011221,P0017,1,45.26,0
O011222,P0126,1,119.65,0
O011222,P0133,1,68.25,0
O011223,P0070,1,144.85,0
O011223,P0020,1,48.67,0
O011223,P0015,1,54.36,0
O011224,P0047,1,22.6,0
O011224,P0002,2,428.99,0
O011225,P0016,3,490.88,0
O011226,P0068,3,23.84,0
O011227,P0086,3,7.88,0
O011227,P0085,1,72.91,0
O011228,P0130,1,22.25,0
O011228,P0065,1,128.91,0
O011228,P0003,2,70.0,0
O011229,P0021,1,103.85,0
O011229,P0031,3,100.42,0
O011229,P0124,1,16.63,0
O011229,P0109,3,191.49,0
O011230,P0047,3,22.6,10
O011231,P0044,1,96.71,0
O011231,P0038,3,11.96,0
O011232,P0136,1,64.01,0
O011233,P0147,2,8.3,10
O011233,P0034,1,12.47,10
O011234,P0070,1,144.85,0
O011234,P0128,1,40.97,0
O011234,P0079,1,21.76,0
O011235,P0023,2,234.72,0
O011235,P0051,1,37.8,0
O011236,P0142,3,46.23,0
O011237,P0133,1,68.25,0
O011238,P0110,1,231.1,10
O011238,P0113,1,52.25,10
O011239,P0124,3,16.63,0
O011240,P0150,2,28.39,0
O011241,P0104,3,56.02,10
O011242,P0139,1,117.86,10
O011242,P0140,3,95.27,10
O011243,P0138,3,119.25,0
O011243,P0001,3,59.15,0
O011244,P0135,3,61.66,0
O011245,P0065,1,128.91,0
O011245,P0046,1,93.34,0
O011245,P0106,3,93.16,0
O011245,P0095,1,45.19,0
O011246,P0049,3,192.27,0
O011246,P0097,2,39.47,0
O011247,P0087,3,72.97,0
O011247,P0083,3,45.29,0
O011248,P0036,1,80.43,0
O011248,P0122,2,44.07,0
O011248,P0036,1,80.43,0
O011249,P0017,1,45.26,0
O011250,P0090,3,74.94,0
O011250,P0115,2,65.77,0
O011251,P0068,1,23.84,0
O011252,P0044,1,96.71,0
O011252,P0079,1,21.76,0
O011252,P0061,1,30.11,0
O011252,P0024,2,70.63,0
O011253,P0130,1,22.25,0
O011253,P0095,1,45.19,0
O011253,P0071,1,88.96,0
O011254,P0049,2,192.27,0
O011254,P0024,1,70.63,0
O011255,P0061,3,30.11,0
O011255,P0071,3,88.96,0
O011256,P0104,2,56.02,0
O011257,P0001,3,59.15,0
O011258,P0107,3,42.73,0
O011258,P0017,2,45.26,0
O011258,P0070,1,144.85,0
O011259,P0115,2,65.77,20
O011259,P0054,1,22.5,20
O011259,P0044,2,96.71,20
O011260,P0087,3,72.97,0
O011261,P0103,1,43.56,15
O011261,P0021,2,103.85,15
O011261,P0033,1,58.2,15
O011261,P0042,1,94.19,15
O011262,P0043,2,15.93,0
O011263,P0119,3,111.41,0
O011263,P0104,1,56.02,0
O011264,P0041,1,240.17,0
O011265,P0050,3,23.7,10
O011265,P0069,3,25.15,10
O011265,P0036,3,80.43,10
O011266,P0119,1,111.41,0
O011266,P0073,1,99.68,0
O011266,P0027,2,261.66,0
O011266,P0056,2,54.99,0
O011267,P0062,2,109.93,0
O011267,P0018,1,103.25,0
O011268,P0011,1,746.1,0
O011269,P0078,1,46.55,0
O011269,P0009,1,879.03,0
O011270,P0015,2,54.36,0
O011270,P0039,1,35.85,0
O011270,P0123,1,13.17,0
O011271,P0002,1,428.99,0
O011271,P0059,1,46.72,0
O011272,P0124,1,16.63,0
O011272,P0011,2,746.1,0
O011272,P0060,1,131.68,0
O011272,P0143,2,10.62,0
O011273,P0094,1,42.24,0
O011273,P0058,3,96.6,0
O011274,P0126,1,119.65,0
O011275,P0044,2,96.71,40
O011275,P0029,1,612.77,40
O011276,P0111,1,68.84,0
O011276,P0067,2,20.79,0
O011277,P0012,3,202.16,0
O011278,P0048,1,80.09,0
O011278,P0027,1,261.66,0
O011279,P0116,1,64.62,0
O011280,P0072,1,22.81,0
O011280,P0088,1,12.2,0
O011280,P0051,3,37.8,0
O011280,P0086,1,7.88,0
O011281,P0017,1,45.26,10
O011282,P0140,3,95.27,0
O011282,P0129,1,10.47,0
O011283,P0041,1,240.17,0
O011284,P0148,1,74.21,0
O011285,P0067,3,20.79,0
O011285,P0087,1,72.97,0
O011286,P0074,3,26.63,0
O011286,P0141,1,32.3,0
O011286,P0038,1,11.96,0
O011287,P0046,1,93.34,0
O011288,P0018,1,103.25,0
O011288,P0015,1,54.36,0
O011289,P0026,2,143.66,0
O011289,P0001,1,59.15,0
O011290,P0068,3,23.84,0
O011291,P0059,1,46.72,0
O011291,P0025,3,63.7,0
O011291,P0012,1,202.16,0
O011291,P0042,3,94.19,0
O011292,P0078,1,46.55,0
O011293,P0010,1,261.54,10
O011294,P0072,1,22.81,0
O011295,P0089,3,75.8,0
O011295,P0041,1,240.17,0
O011296,P0050,2,23.7,0
O011297,P0040,2,12.05,0
O011297,P0083,1,45.29,0
O011297,P0003,2,70.0,0
O011297,P0084,2,13.25,0
O011298,P0066,1,29.64,0
O011298,P0045,2,36.65,0
O011298,P0136,2,64.01,0
O011299,P0010,2,261.54,0
O011300,P0016,3,490.88,15
O011301,P0112,1,121.72,0
O011302,P0005,1,105.05,0
O011302,P0067,1,20.79,0
O011302,P0018,2,103.25,0
O011303,P0049,1,192.27,0
O011304,P0106,1,93.16,0
O011304,P0056,1,54.99,0
O011305,P0019,2,225.54,0
O011306,P0108,1,153.58,0
O011306,P0045,1,36.65,0
O011307,P0069,1,25.15,0
O011308,P0069,1,25.15,0
O011308,P0038,1,11.96,0
O011309,P0130,1,22.25,0
O011309,P0051,1,37.8,0
O011309,P0113,1,52.25,0
O011310,P0019,1,225.54,0
O011310,P0001,1,59.15,0
O011310,P0110,1,231.1,0
O011310,P0093,3,36.5,0
O011311,P0142,1,46.23,0
O011311,P0078,1,46.55,0
O011311,P0027,1,261.66,0
O011311,P0112,3,121.72,0
O011312,P0027,1,261.66,0
O011313,P0024,1,70.63,0
O011313,P0077,3,86.48,0
O011313,P0091,3,55.44,0
O011314,P0077,3,86.48,0
O011314,P0018,1,103.25,0
O011314,P0044,3,96.71,0
O011314,P0069,2,25.15,0
O011315,P0027,2,261.66,0
O011316,P0024,2,70.63,0
O011317,P0003,3,70.0,0
O011317,P0069,1,25.15,0
O011317,P0065,1,128.91,0
O011318,P0019,1,225.54,0
O011319,P0115,1,65.77,0
O011319,P0018,1,103.25,0
O011320,P0031,3,100.42,0
O011320,P0093,2,36.5,0
O011320,P0136,1,64.01,0
O011321,P0136,2,64.01,0
O011321,P0139,1,117.86,0
O011322,P0002,1,428.99,0
O011322,P0040,3,12.05,0
O011322,P0065,1,128.91,0
O011323,P0130,1,22.25,0
O011324,P0055,1,21.55,0
O011324,P0141,3,32.3,0
O011325,P0096,1,62.39,0
O011325,P0073,1,99.68,0
O011326,P0124,1,16.63,0
O011327,P0121,3,35.48,0
O011327,P0067,1,20.79,0
O011328,P0126,1,119.65,0
O011328,P0031,1,100.42,0
O011328,P0118,3,60.49,0
O011328,P0009,1,879.03,0
O011329,P0025,2,63.7,0
O011329,P0112,1,121.72,0
O011330,P0001,2,59.15,0
O011330,P0071,1,88.96,0
O011331,P0077,1,86.48,0
O011332,P0001,1,59.15,0
O011333,P0081,3,38.74,0
O011334,P0106,3,93.16,0
O011335,P0142,1,46.23,0
O011336,P0066,1,29.64,0
O011336,P0002,1,428.99,0
O011336,P0069,1,25.15,0
O011336,P0110,1,231.1,0
O011337,P0068,1,23.84,0
O011337,P0017,1,45.26,0
O011338,P0119,1,111.41,0
O011338,P0060,1,131.68,0
O011338,P0133,1,68.25,0
O011338,P0005,1,105.05,0
O011339,P0078,1,46.55,0
O011340,P0059,1,46.72,0
O011340,P0069,2,25.15,0
O011341,P0052,1,96.7,0
O011342,P0022,1,535.5,0
O011342,P0071,2,88.96,0
O011343,P0109,1,191.49,0
O011344,P0039,1,35.85,0
O011344,P0032,1,28.68,0
O011345,P0148,1,74.21,0
O011345,P0145,1,10.1,0
O011346,P0097,1,39.47,0
O011346,P0095,1,45.19,0
O011346,P0049,3,192.27,0
O011346,P0137,2,9.05,0
O011347,P0051,1,37.8,0
O011348,P0034,3,12.47,10
O011349,P0136,2,64.01,0
O011349,P0044,1,96.71,0
O011350,P0036,3,80.43,0
O011351,P0046,1,93.34,0
O011352,P0134,1,14.57,0
O011352,P0076,1,53.1,0
O011352,P0031,1,100.42,0
O011352,P0128,1,40.97,0
O011353,P0016,1,490.88,0
O011353,P0108,1,153.58,0
O011353,P0144,1,10.61,0
O011353,P0002,3,428.99,0
O011354,P0145,1,10.1,10
O011355,P0111,2,0.0,0
O011356,P0052,2,96.7,0
O011356,P0073,1,99.68,0
O011357,P0043,3,15.93,0
O011357,P0087,2,72.97,0
O011358,P0030,1,111.36,0
O011359,P0093,2,36.5,0
O011360,P0031,3,100.42,5
O011361,P0139,1,117.86,0
O011362,P0089,3,75.8,0
O011363,P0034,2,12.47,0
O011363,P0092,1,9.46,0
O011364,P0084,3,13.25,0
O011365,P0036,3,80.43,0
O011366,P0040,2,12.05,0
O011366,P0012,1,202.16,0
O011366,P0135,1,61.66,0
O011366,P0036,1,80.43,0
O011367,P0091,2,55.44,0
O011367,P0107,1,42.73,0
O011367,P0068,2,23.84,0
O011367,P0139,2,117.86,0
O011368,P0115,3,65.77,0
O011369,P0033,1,58.2,0
O011370,P0081,1,38.74,0
O011370,P0073,2,99.68,0
O011370,P0046,1,93.34,0
O011371,P0028,1,456.12,0
O011371,P0075,1,50.52,0
O011371,P0081,1,38.74,0
O011371,P0106,1,93.16,0
O011372,P0021,1,103.85,0
O011372,P0025,1,63.7,0
O011373,P0098,1,5.21,0
O011374,P0032,1,28.68,0
O011374,P0120,1,233.46,0
O011374,P0037,2,46.51,0
O011374,P0105,2,192.4,0
O011375,P0092,1,9.46,0
O011375,P0105,3,192.4,0
O011376,P0096,3,62.39,0
O011377,P0015,1,54.36,0
O011377,P0002,2,428.99,0
O011377,P0059,1,46.72,0
O011377,P0122,1,44.07,0
O011378,P0011,1,746.1,0
O011378,P0009,1,879.03,0
O011378,P0143,3,10.62,0
O011379,P0092,3,9.46,0
O011379,P0069,3,25.15,0
O011379,P0132,3,9.56,0
O011380,P0023,1,234.72,0
O011380,P0016,2,490.88,0
O011380,P0044,1,96.71,0
O011380,P0106,1,93.16,0
O011381,P0008,1,47.86,0
O011382,P0127,1,69.7,10
O011382,P0073,1,99.68,10
O011382,P0068,1,23.84,10
O011382,P0042,1,94.19,10
O011383,P0105,1,192.4,0
O011383,P0016,3,490.88,0
O011383,P0016,1,490.88,0
O011383,P0043,1,15.93,0
O011384,P0056,1,54.99,0
O011385,P0032,3,28.68,0
O011386,P0052,1,96.7,0
O011387,P0140,3,95.27,0
O011388,P0074,1,26.63,0
O011389,P0055,3,21.55,0
O011390,P0035,1,228.97,0
O011391,P0064,1,101.18,0
O011392,P0074,1,26.63,0
O011392,P0072,1,22.81,0
O011392,P0092,1,9.46,0
O011393,P0142,2,46.23,0
O011394,P0038,1,11.96,0
O011394,P0129,1,10.47,0
O011395,P0030,3,111.36,0
O011395,P0031,1,100.42,0
O011396,P0011,3,746.1,0
O011396,P0092,1,9.46,0
O011397,P0102,1,6.1,0
O011398,P0054,1,22.5,0
O011398,P0083,1,45.29,0
O011398,P0098,3,5.21,0
O011398,P0035,1,228.97,0
O011399,P0135,2,61.66,0
O011399,P0020,1,48.67,0
O011400,P0030,1,111.36,0
O011400,P0020,1,48.67,0
O011400,P0129,2,10.47,0
O011400,P0032,1,28.68,0
O011401,P0094,3,42.24,0
O011401,P0127,1,69.7,0
O011401,P0003,1,70.0,0
O011401,P0017,1,45.26,0
O011402,P0015,3,54.36,0
O011402,P0019,1,225.54,0
O011403,P0055,2,21.55,10
O011404,P0016,1,490.88,0
O011404,P0050,1,23.7,0
O011404,P0005,1,105.05,0
O011405,P0128,1,40.97,0
O011406,P0149,3,21.0,0
O011406,P0008,2,47.86,0
O011406,P0104,3,56.02,0
O011406,P0008,2,47.86,0
O011407,P0058,1,96.6,0
O011408,P0144,1,10.61,0
O011409,P0097,2,39.47,0
O011410,P0149,1,21.0,20
O011410,P0095,1,45.19,20
O011411,P0054,1,22.5,0
O011412,P0052,2,96.7,0
O011413,P0050,1,23.7,0
O011414,P0133,1,68.25,10
O011414,P0111,1,68.84,10
O011415,P0041,1,240.17,0
O011415,P0022,1,535.5,0
O011416,P0013,1,237.97,0
O011417,P0007,1,566.07,0
O011418,P0132,1,9.56,5
O011419,P0145,3,10.1,0
O011419,P0025,3,63.7,0
O011419,P0142,1,46.23,0
O011420,P0116,1,64.62,0
O011421,P0081,1,38.74,0
O011422,P0020,2,48.67,0
O011422,P0003,1,70.0,0
O011423,P0080,0,52.81,0
O011424,P0041,2,240.17,0
O011424,P0069,2,25.15,0
O011424,P0059,1,46.72,0
O011424,P0052,3,96.7,0
O011425,P0064,3,101.18,0
O011425,P0099,3,42.13,0
O011426,P0011,2,746.1,10
O011427,P0038,1,11.96,0
O011428,P0030,1,111.36,0
O011429,P0047,3,22.6,0
O011429,P0116,1,64.62,0
O011430,P0038,1,11.96,0
O011431,P0118,0,60.49,0
O011431,P0058,1,96.6,0
O011432,P0044,3,96.71,0
O011432,P0053,2,79.81,0
O011432,P0100,1,14.85,0
O011433,P0132,1,9.56,0
O011433,P0059,1,46.72,0
O011434,P0100,1,14.85,0
O011434,P0074,1,26.63,0
O011434,P0017,1,45.26,0
O011435,P0008,3,47.86,0
O011436,P0066,1,29.64,0
O011437,P0020,1,48.67,0
O011437,P0106,3,93.16,0
O011438,P0026,2,143.66,0
O011438,P0009,3,879.03,0
O011438,P0119,1,111.41,0
O011438,P0053,1,79.81,0
O011439,P0013,1,237.97,0
O011440,P0033,1,58.2,0
O011440,P0073,3,99.68,0
O011440,P0092,1,9.46,0
O011441,P0141,1,32.3,0
O011442,P0137,1,9.05,0
O011442,P0032,2,28.68,0
O011443,P0133,1,68.25,0
O011444,P0137,1,9.05,0
O011444,P0100,1,14.85,0
O011444,P0149,1,21.0,0
O011445,P0059,1,46.72,0
O011446,P0129,3,10.47,0
O011447,P0144,3,10.61,10
O011448,P0134,1,14.57,0
O011449,P0032,1,28.68,0
O011450,P0014,1,280.69,0
O011450,P0012,2,202.16,0
O011450,P0123,1,13.17,0
O011451,P0011,1,746.1,0
O011451,P0006,1,317.9,0
O011451,P0048,1,80.09,0
O011452,P0054,3,22.5,0
O011452,P0077,1,86.48,0
O011453,P0065,1,128.91,0
O011454,P0088,1,12.2,0
O011455,P0060,1,131.68,0
O011455,P0123,1,13.17,0
O011456,P0051,1,37.8,10
O011456,P0020,2,48.67,10
O011457,P0027,2,261.66,0
O011458,P0062,1,109.93,0
O011459,P0086,2,7.88,10
O011459,P0015,2,54.36,10
O011460,P0072,1,22.81,0
O011461,P0043,3,15.93,0
O011461,P0046,2,93.34,0
O011462,P0005,3,105.05,0
O011462,P0008,1,47.86,0
O011463,P0109,1,191.49,40
O011464,P0070,2,144.85,0
O011464,P0016,1,490.88,0
O011465,P0108,1,153.58,0
O011465,P0078,3,46.55,0
O011465,P0062,2,109.93,0
O011465,P0011,1,746.1,0
O011466,P0065,1,128.91,0
O011467,P0073,1,99.68,0
O011467,P0003,1,70.0,0
O011468,P0030,3,111.36,0
O011469,P0026,1,143.66,0
O011470,P0095,3,45.19,0
O011470,P0113,1,52.25,0
O011470,P0022,2,535.5,0
O011471,P0042,1,94.19,0
O011471,P0006,1,317.9,0
O011471,P0037,2,46.51,0
O011471,P0011,1,746.1,0
O011472,P0091,1,55.44,0
O011472,P0008,1,47.86,0
O011472,P0077,1,86.48,0
O011472,P0056,3,54.99,0
O011473,P0115,1,65.77,0
O011474,P0110,1,231.1,0
O011475,P0049,1,192.27,0
O011475,P0036,1,80.43,0
O011475,P0065,1,128.91,0
O011476,P0049,1,192.27,0
O011476,P0014,3,280.69,0
O011477,P0096,3,62.39,0
O011477,P0054,2,22.5,0
O011478,P0050,2,23.7,0
O011479,P0027,3,261.66,0
O011480,P0080,1,52.81,0
O011481,P0065,3,128.91,0
O011481,P0121,3,35.48,0
O011482,P0114,1,30.32,0
O011482,P0057,1,62.31,0
O011483,P0146,1,36.39,0
O011483,P0103,3,43.56,0
O011484,P0149,1,21.0,0
O011485,P0081,1,38.74,10
O011485,P0093,1,36.5,10
O011485,P0132,3,9.56,10
O011486,P0016,1,490.88,0
O011487,P0045,2,36.65,0
O011487,P0140,2,95.27,0
O011488,P0142,2,46.23,0
O011489,P0058,3,96.6,0
O011490,P0128,1,40.97,0
O011490,P0033,1,58.2,0
O011491,P0014,1,280.69,0
O011491,P0054,1,22.5,0
O011491,P0070,1,144.85,0
O011491,P0133,1,68.25,0
O011492,P0131,1,10.19,0
O011493,P0043,1,15.93,0
O011493,P0039,1,35.85,0
O011493,P0070,1,144.85,0
O011494,P0132,2,9.56,0
O011494,P0043,1,15.93,0
O011495,P0146,1,36.39,0
O011495,P0138,3,119.25,0
O011496,P0066,1,29.64,0
O011497,P0048,1,80.09,0
O011497,P0034,1,12.47,0
O011497,P0085,1,72.91,0
O011498,P0063,1,95.57,0
O011499,P0051,1,37.8,0
O011499,P0066,1,29.64,0
O011500,P0120,3,233.46,0
O011500,P0006,2,317.9,0
O011500,P0067,3,20.79,0
O011501,P0075,3,50.52,0
O011501,P0140,2,95.27,0
O011502,P0055,3,21.55,0
O011502,P0076,1,53.1,0
O011503,P0064,3,101.18,0
O011503,P0075,1,50.52,0
O011503,P0073,3,99.68,0
O011504,P0003,1,70.0,10
O011504,P0108,2,153.58,10
O011504,P0103,1,43.56,10
O011504,P0029,1,612.77,10
O011505,P0082,1,69.13,0
O011505,P0019,2,225.54,0
O011506,P0024,1,70.63,0
O011506,P0075,1,50.52,0
O011506,P0010,1,261.54,0
O011507,P0056,1,54.99,0
O011507,P0029,1,612.77,0
O011507,P0009,2,879.03,0
O011507,P0135,1,61.66,0
O011508,P0095,1,45.19,0
O011509,P0019,1,225.54,0
O011510,P0118,2,60.49,0
O011510,P0139,1,117.86,0
O011511,P0044,2,96.71,0
O011511,P0111,2,68.84,0
O011511,P0150,2,28.39,0
O011512,P0052,1,96.7,0
O011513,P0043,3,15.93,15
O011514,P0143,1,10.62,15
O011514,P0101,2,12.63,15
O011515,P0047,1,22.6,0
O011515,P0116,1,64.62,0
O011516,P0135,1,61.66,0
O011516,P0028,1,456.12,0
O011516,P0013,3,237.97,0
O011516,P0106,2,93.16,0
O011517,P0043,1,15.93,0
O011517,P0025,2,63.7,0
O011518,P0090,3,74.94,0
O011518,P0131,3,10.19,0
O011519,P0014,1,280.69,0
O011520,P0004,1,203.73,0
O011521,P0117,1,37.62,0
O011521,P0114,2,30.32,0
O011522,P0052,1,96.7,0
O011523,P0074,3,26.63,0
O011523,P0076,1,53.1,0
O011524,P0034,1,12.47,0
O011524,P0113,2,52.25,0
O011525,P0031,3,100.42,0
O011526,P0089,1,75.8,0
O011526,P0038,1,11.96,0
O011526,P0104,3,56.02,0
O011527,P0015,3,54.36,0
O011528,P0077,1,86.48,0
O011529,P0020,1,48.67,5
O011529,P0064,3,101.18,5
O011529,P0109,3,191.49,5
O011530,P0008,3,47.86,0
O011531,P0055,2,21.55,0
O011531,P0026,2,143.66,0
O011532,P0074,3,26.63,0
O011533,P0018,1,103.25,10
O011533,P0042,1,94.19,10
O011533,P0074,1,26.63,10
O011534,P0044,1,96.71,0
O011534,P0050,3,23.7,0
O011535,P0036,1,80.43,10
O011536,P0139,1,117.86,0
O011537,P0025,1,63.7,0
O011538,P0088,3,12.2,0
O011538,P0032,2,28.68,0
O011538,P0082,1,69.13,0
O011538,P0015,1,54.36,0
O011539,P0047,1,22.6,0
O011539,P0053,2,79.81,0
O011539,P0082,3,69.13,0
O011539,P0058,1,96.6,0
O011540,P0083,2,45.29,0
O011540,P0141,1,32.3,0
O011540,P0028,2,456.12,0
O011540,P0036,3,80.43,0
O011541,P0115,1,65.77,0
O011542,P0066,1,29.64,0
O011542,P0089,1,75.8,0
O011543,P0062,2,109.93,0
O011544,P0006,2,317.9,0
O011544,P0139,3,117.86,0
O011544,P0071,1,88.96,0
O011544,P0139,1,117.86,0
O011545,P0022,2,535.5,0
O011546,P0005,1,105.05,0
O011547,P0084,2,13.25,0
O011548,P0066,2,29.64,0
O011548,P0029,1,612.77,0
O011548,P0133,1,68.25,0
O011548,P0005,2,105.05,0
O011549,P0072,1,22.81,0
O011549,P0071,3,88.96,0
O011549,P0141,2,32.3,0
O011549,P0113,3,52.25,0
O011550,P0052,3,96.7,0
O011550,P0099,3,42.13,0
O011550,P0111,1,68.84,0
O011550,P0127,1,69.7,0
O011551,P0025,3,63.7,0
O011551,P0074,1,26.63,0
O011552,P0040,3,12.05,0
O011553,P0111,3,68.84,0
O011554,P0052,2,96.7,0
O011554,P0044,1,96.71,0
O011554,P0128,1,40.97,0
O011554,P0106,1,93.16,0
O011555,P0122,2,44.07,15
O011556,P0103,1,43.56,15
O011556,P0044,1,96.71,15
O011557,P0070,1,144.85,0
O011558,P0088,2,12.2,0
O011559,P0132,1,9.56,0
O011560,P0036,1,80.43,0
O011560,P0021,2,103.85,0
O011560,P0148,2,74.21,0
O011560,P0016,1,490.88,0
O011561,P0088,1,12.2,5
O011562,P0054,0,22.5,0
O011563,P0032,2,28.68,40
O011563,P0001,1,59.15,40
O011563,P0028,1,456.12,40
O011564,P0034,2,12.47,0
O011565,P0117,1,37.62,0
O011566,P0119,1,111.41,0
O011567,P0066,2,29.64,0
O011567,P0060,2,131.68,0
O011567,P0005,1,105.05,0
O011567,P0055,2,21.55,0
O011568,P0055,1,21.55,20
O011569,P0016,3,490.88,0
O011570,P0009,1,879.03,0
O011571,P0063,1,95.57,0
O011572,P0093,1,36.5,10
O011573,P0061,2,30.11,0
O011574,P0002,2,428.99,0
O011574,P0003,3,70.0,0
O011575,P0022,3,535.5,0
O011576,P0071,1,88.96,0
O011576,P0147,2,8.3,0
O011576,P0054,2,22.5,0
O011576,P0142,1,46.23,0
O011577,P0092,1,9.46,0
O011577,P0074,2,26.63,0
O011577,P0074,1,26.63,0
O011577,P0061,2,30.11,0
O011578,P0056,3,54.99,0
O011578,P0058,1,96.6,0
O011579,P0022,3,535.5,0
O011579,P0007,1,566.07,0
O011580,P0028,3,456.12,0
O011580,P0100,1,14.85,0
O011580,P0052,3,96.7,0
O011581,P0010,3,261.54,0
O011582,P0026,3,143.66,0
O011582,P0094,1,42.24,0
O011583,P0030,3,111.36,5
O011584,P0097,1,39.47,0
O011584,P0104,3,56.02,0
O011585,P0070,1,144.85,0
O011585,P0024,1,70.63,0
O011585,P0115,1,65.77,0
O011586,P0137,3,9.05,0
O011586,P0013,2,237.97,0
O011587,P0043,1,15.93,0
O011588,P0045,2,36.65,0
O011588,P0026,2,143.66,0
O011589,P0060,1,131.68,0
O011590,P0112,2,121.72,0
O011590,P0033,3,58.2,0
O011590,P0092,2,9.46,0
O011591,P0040,1,12.05,0
O011591,P0062,1,109.93,0
O011591,P0022,1,535.5,0
O011591,P0019,1,225.54,0
O011592,P0026,3,143.66,0
O011592,P0099,1,42.13,0
O011592,P0118,1,60.49,0
O011592,P0035,1,228.97,0
O011593,P0046,2,93.34,0
O011594,P0098,1,5.21,0
O011595,P0043,1,15.93,0
O011596,P0067,1,20.79,0
O011596,P0046,1,93.34,0
O011596,P0028,1,456.12,0
O011597,P0001,1,59.15,20
O011598,P0028,1,456.12,5
O011598,P0106,1,93.16,5
O011598,P0012,1,202.16,5
O011599,P0045,3,36.65,0
O011599,P0107,2,42.73,0
O011600,P0044,1,96.71,0
O011600,P0086,3,7.88,0
O011601,P0092,3,9.46,0
O011601,P0055,1,21.55,0
O011602,P0074,3,26.63,0
O011603,P0038,3,11.96,0
O011604,P0060,1,131.68,10
O011604,P0125,1,231.1,10
O011605,P0035,3,228.97,0
O011605,P0056,2,54.99,0
O011605,P0078,1,46.55,0
O011606,P0068,1,23.84,0
O011607,P0027,2,261.66,0
O011607,P0012,1,202.16,0
O011608,P0105,3,192.4,0
O011608,P0052,1,96.7,0
O011609,P0076,1,53.1,0
O011610,P0059,1,46.72,0
O011610,P0057,1,62.31,0
O011611,P0044,1,96.71,0
O011612,P0066,1,29.64,15
O011612,P0008,1,47.86,15
O011612,P0054,1,22.5,15
O011613,P0057,1,62.31,5
O011613,P0010,2,261.54,5
O011614,P0027,3,261.66,40
O011615,P0018,1,103.25,0
O011615,P0059,1,46.72,0
O011615,P0020,1,48.67,0
O011615,P0015,2,54.36,0
O011616,P0022,1,535.5,0
O011616,P0137,3,9.05,0
O011617,P0016,1,490.88,0
O011617,P0014,2,280.69,0
O011617,P0009,1,879.03,0
O011617,P0030,2,111.36,0
O011618,P0064,1,101.18,0
O011618,P0004,1,203.73,0
O011618,P0092,2,9.46,0
O011618,P0009,1,879.03,0
O011619,P0055,3,21.55,0
O011619,P0090,3,74.94,0
O011619,P0099,3,42.13,0
O011620,P0064,1,101.18,0
O011621,P0037,1,46.51,0
O011621,P0009,1,879.03,0
O011621,P0111,1,68.84,0
O011621,P0053,3,79.81,0
O011622,P0010,1,261.54,0
O011622,P0003,1,70.0,0
O011622,P0003,0,70.0,0
O011623,P0061,2,30.11,0
O011623,P0034,1,12.47,0
O011624,P0115,1,65.77,0
O011625,P0100,2,14.85,0
O011626,P0107,3,42.73,0
O011626,P0033,2,58.2,0
O011626,P0044,1,96.71,0
O011627,P0057,1,62.31,0
O011627,P0094,1,42.24,0
O011628,P0056,1,54.99,10
O011629,P0041,2,240.17,0
O011629,P0102,3,6.1,0
O011629,P0045,1,36.65,0
O011630,P0022,2,535.5,0
O011631,P0003,2,70.0,10
O011632,P0146,1,36.39,0
O011633,P0097,3,39.47,0
O011633,P0070,1,144.85,0
O011633,P0129,1,10.47,0
O011633,P0129,1,10.47,0
O011634,P0031,1,100.42,0
O011634,P0015,3,54.36,0
O011635,P0028,2,456.12,0
O011636,P0072,1,22.81,0
O011637,P0005,1,105.05,0
O011638,P0082,3,69.13,0
O011639,P0078,3,46.55,0
O011640,P0138,1,119.25,0
O011641,P0045,2,36.65,0
O011641,P0029,1,612.77,0
O011642,P0023,1,234.72,5
O011642,P0097,2,39.47,5
O011642,P0055,1,21.55,5
O011643,P0021,1,103.85,0
O011644,P0137,1,9.05,0
O011645,P0009,1,879.03,0
O011645,P0054,2,22.5,0
O011646,P0126,1,119.65,10
O011647,P0015,1,54.36,0
O011647,P0058,1,96.6,0
O011647,P0056,2,54.99,0
O011648,P0140,1,95.27,0
O011649,P0134,1,14.57,10
O011649,P0138,2,119.25,10
O011650,P0064,1,101.18,0
O011650,P0084,1,13.25,0
O011650,P0049,3,192.27,0
O011650,P0075,1,50.52,0
O011651,P0035,1,228.97,20
O011651,P0120,2,233.46,20
O011651,P0130,1,22.25,20
O011652,P0024,1,70.63,0
O011652,P0056,1,54.99,0
O011652,P0089,1,75.8,0
O011653,P0068,3,23.84,0
O011654,P0041,1,240.17,0
O011655,P0123,1,13.17,0
O011656,P0068,3,23.84,0
O011656,P0117,1,37.62,0
O011657,P0036,1,80.43,0
O011658,P0102,1,6.1,0
O011658,P0074,2,26.63,0
O011658,P0053,1,79.81,0
O011659,P0092,3,9.46,0
O011659,P0121,2,35.48,0
O011659,P0017,1,45.26,0
O011660,P0125,2,231.1,0
O011660,P0004,3,203.73,0
O011661,P0028,1,456.12,0
O011661,P0015,2,54.36,0
O011661,P0002,2,428.99,0
O011661,P0058,1,96.6,0
O011662,P0079,1,21.76,0
O011662,P0062,1,109.93,0
O011663,P0053,2,79.81,0
O011664,P0110,1,231.1,0
O011665,P0007,3,566.07,0
O011665,P0148,2,74.21,0
O011666,P0131,1,10.19,0
O011666,P0142,3,46.23,0
O011667,P0043,1,15.93,0
O011668,P0109,2,191.49,0
O011669,P0112,2,121.72,0
O011669,P0073,1,99.68,0
O011670,P0141,3,32.3,5
O011671,P0029,2,612.77,0
O011671,P0038,2,11.96,0
O011672,P0066,1,29.64,0
O011673,P0030,1,111.36,0
O011673,P0026,3,0.0,0
O011674,P0097,3,39.47,0
O011674,P0055,1,21.55,0
O011675,P0055,2,21.55,0
O011676,P0071,1,88.96,5
O011676,P0063,3,95.57,5
O011677,P0023,2,234.72,0
O011677,P0057,1,62.31,0
O011677,P0005,1,105.05,0
O011677,P0122,3,44.07,0
O011678,P0103,1,43.56,0
O011678,P0030,3,111.36,0
O011678,P0083,1,45.29,0
O011678,P0020,1,48.67,0
O011679,P0028,1,456.12,0
O011680,P0052,1,96.7,0
O011681,P0019,1,225.54,0
O011682,P0078,2,46.55,5
O011682,P0003,1,70.0,5
O011682,P0119,3,111.41,5
O011682,P0023,3,234.72,5
O011683,P0025,3,63.7,0
O011683,P0060,3,131.68,0
O011683,P0044,3,96.71,0
O011684,P0061,1,30.11,0
O011685,P0100,1,14.85,0
O011685,P0130,3,22.25,0
O011686,P0073,1,99.68,0
O011686,P0098,2,5.21,0
O011686,P0078,1,46.55,0
O011687,P0142,1,46.23,0
O011687,P0092,2,9.46,0
O011687,P0001,1,59.15,0
O011687,P0135,3,61.66,0
O011688,P0052,1,96.7,0
O011688,P0147,2,8.3,0
O011688,P0027,1,261.66,0
O011689,P0123,1,13.17,0
O011690,P0127,1,69.7,0
O011691,P0089,2,75.8,0
O011691,P0011,3,746.1,0
O011692,P0055,2,21.55,0
O011692,P0036,1,80.43,0
O011692,P0002,2,428.99,0
O011693,P0109,3,191.49,0
O011693,P0121,1,35.48,0
O011694,P0086,1,7.88,0
O011694,P0011,1,746.1,0
O011695,P0129,1,10.47,0
O011696,P0084,1,13.25,0
O011696,P0037,2,46.51,0
O011696,P0006,3,317.9,0
O011697,P0059,3,46.72,0
O011697,P0017,1,45.26,0
O011698,P0063,2,95.57,0
O011699,P0022,2,535.5,0
O011700,P0040,1,12.05,0
O011700,P0074,1,26.63,0
O011701,P0070,3,144.85,0
O011701,P0125,1,231.1,0
O011701,P0097,1,39.47,0
O011702,P0104,1,56.02,0
O011702,P0007,2,566.07,0
O011702,P0024,2,70.63,0
O011702,P0129,1,10.47,0
O011703,P0060,2,131.68,0
O011703,P0076,3,53.1,0
O011704,P0038,3,11.96,0
O011704,P0024,2,70.63,0
O011705,P0012,1,202.16,0
O011705,P0082,3,69.13,0
O011706,P0092,3,9.46,0
O011706,P0041,2,240.17,0
O011706,P0032,3,28.68,0
O011706,P0027,3,261.66,0
O011707,P0074,1,26.63,0
O011707,P0056,1,54.99,0
O011708,P0032,1,28.68,0
O011709,P0044,1,96.71,0
O011710,P0003,1,70.0,0
O011710,P0069,1,25.15,0
O011711,P0098,1,5.21,0
O011711,P0116,1,64.62,0
O011711,P0062,2,109.93,0
O011711,P0016,1,490.88,0
O011712,P0060,1,131.68,0
O011713,P0020,3,48.67,0
O011713,P0019,1,225.54,0
O011714,P0015,1,54.36,0
O011714,P0010,1,261.54,0
O011714,P0077,2,86.48,0
O011715,P0016,1,490.88,0
O011716,P0022,1,535.5,0
O011717,P0060,3,131.68,0
O011718,P0011,3,746.1,0
O011718,P0007,3,566.07,0
O011719,P0020,1,48.67,0
O011720,P0012,1,202.16,0
O011720,P0075,3,50.52,0
O011720,P0107,3,42.73,0
O011720,P0057,1,62.31,0
O011721,P0038,1,11.96,0
O011721,P0016,1,490.88,0
O011722,P0011,1,746.1,0
O011723,P0071,1,88.96,0
O011724,P0003,1,70.0,0
O011725,P0064,1,101.18,0
O011726,P0117,3,37.62,0
O011726,P0041,2,240.17,0
O011726,P0043,2,15.93,0
O011727,P0076,1,53.1,0
O011727,P0080,1,52.81,0
O011727,P0053,1,79.81,0
O011727,P0120,1,233.46,0
O011728,P0062,3,109.93,0
O011729,P0104,1,56.02,10
O011729,P0091,1,55.44,10
O011730,P0058,2,96.6,0
O011730,P0098,1,5.21,0
O011731,P0129,2,10.47,0
O011731,P0001,2,59.15,0
O011732,P0146,1,36.39,0
O011732,P0001,3,59.15,0
O011733,P0053,2,79.81,0
O011733,P0045,3,36.65,0
O011734,P0097,1,39.47,0
O011735,P0096,3,62.39,0
O011736,P0048,1,80.09,0
O011737,P0104,1,56.02,0
O011738,P0005,3,105.05,0
O011738,P0009,1,879.03,0
O011739,P0140,2,95.27,0
O011739,P0063,1,95.57,0
O011739,P0058,3,96.6,0
O011739,P0014,1,280.69,0
O011740,P0018,1,103.25,0
O011740,P0017,3,45.26,0
O011741,P0001,1,59.15,0
O011741,P0110,1,231.1,0
O011741,P0061,1,30.11,0
O011741,P0010,2,261.54,0
O011742,P0037,3,46.51,10
O011743,P0048,2,80.09,0
O011744,P0061,3,30.11,0
O011745,P0009,1,879.03,0
O011745,P0021,1,103.85,0
O011746,P0096,1,62.39,0
O011747,P0008,2,47.86,0
O011748,P0071,3,88.96,0
O011749,P0146,1,36.39,0
O011750,P0048,1,80.09,0
O011751,P0142,1,46.23,0
O011751,P0049,1,192.27,0
O011752,P0067,2,20.79,0
O011753,P0140,1,95.27,20
O011753,P0020,1,48.67,20
O011754,P0009,2,879.03,0
O011754,P0071,1,88.96,0
O011754,P0133,3,68.25,0
O011754,P0022,1,535.5,0
O011755,P0062,1,109.93,0
O011756,P0150,1,28.39,0
O011756,P0032,3,28.68,0
O011756,P0051,1,37.8,0
O011757,P0046,1,93.34,0
O011757,P0016,1,490.88,0
O011758,P0111,1,68.84,0
O011759,P0115,3,65.77,0
O011759,P0078,1,46.55,0
O011759,P0120,1,233.46,0
O011760,P0049,2,192.27,0
O011761,P0142,1,46.23,0
O011761,P0130,3,22.25,0
O011761,P0033,1,58.2,0
O011762,P0056,1,54.99,0
O011762,P0088,1,12.2,0
O011763,P0017,2,45.26,0
O011763,P0058,1,96.6,0
O011764,P0013,3,237.97,0
O011765,P0013,3,237.97,0
O011766,P0050,3,23.7,0
O011767,P0012,2,202.16,0
O011767,P0095,1,45.19,0
O011767,P0119,1,111.41,0
O011767,P0071,1,88.96,0
O011768,P0016,2,490.88,0
O011768,P0108,1,153.58,0
O011768,P0065,2,128.91,0
O011769,P0080,1,52.81,0
O011769,P0133,3,68.25,0
O011770,P0044,2,96.71,0
O011771,P0034,2,0.0,0
O011771,P0006,2,317.9,0
O011772,P0039,1,35.85,0
O011773,P0038,1,11.96,0
O011774,P0145,1,10.1,0
O011775,P0149,1,21.0,0
O011775,P0035,1,228.97,0
O011775,P0078,3,46.55,0
O011776,P0102,1,6.1,0
O011776,P0091,1,55.44,0
O011776,P0061,3,30.11,0
O011777,P0085,1,72.91,15
O011777,P0011,2,746.1,15
O011778,P0050,2,23.7,0
O011778,P0008,3,47.86,0
O011778,P0069,3,25.15,0
O011778,P0092,3,9.46,0
O011779,P0068,3,23.84,0
O011779,P0081,1,38.74,0
O011780,P0132,1,9.56,0
O011781,P0002,1,428.99,0
O011782,P0037,3,46.51,0
O011783,P0078,1,46.55,0
O011784,P0077,2,86.48,0
O011784,P0023,2,234.72,0
O011784,P0036,3,80.43,0
O011785,P0042,2,94.19,0
O011785,P0051,1,37.8,0
O011786,P0012,1,202.16,20
O011787,P0136,1,64.01,0
O011787,P0009,1,879.03,0
O011787,P0010,2,261.54,0
O011788,P0023,1,234.72,0
O011788,P0027,1,261.66,0
O011789,P0029,3,612.77,0
O011789,P0013,2,237.97,0
O011789,P0108,2,153.58,0
O011789,P0125,1,231.1,0
O011790,P0018,2,103.25,0
O011790,P0009,1,879.03,0
O011790,P0031,2,100.42,0
O011790,P0007,2,566.07,0
O011791,P0048,1,80.09,0
O011791,P0031,3,100.42,0
O011791,P0030,2,111.36,0
O011792,P0047,1,22.6,0
O011793,P0091,1,55.44,0
O011793,P0083,1,45.29,0
O011794,P0043,1,15.93,0
O011794,P0017,2,45.26,0
O011795,P0057,2,62.31,0
O011795,P0033,1,58.2,0
O011795,P0060,1,131.68,0
O011795,P0066,3,29.64,0
O011796,P0118,2,60.49,0
O011796,P0011,1,746.1,0
O011796,P0033,2,58.2,0
O011797,P0068,2,23.84,0
O011798,P0018,2,103.25,0
O011798,P0104,1,56.02,0
O011798,P0087,1,72.97,0
O011798,P0016,2,490.88,0
O011799,P0042,1,94.19,0
O011799,P0084,1,13.25,0
O011799,P0131,1,10.19,0
O011799,P0040,1,12.05,0
O011800,P0115,1,65.77,0
O011801,P0004,1,203.73,5
O011802,P0075,3,50.52,0
O011803,P0126,2,119.65,0
O011804,P0139,1,117.86,0
O011804,P0054,1,22.5,0
O011804,P0046,1,93.34,0
O011804,P0051,1,37.8,0
O011805,P0142,3,46.23,0
O011805,P0139,3,117.86,0
O011805,P0132,3,9.56,0
O011805,P0140,1,95.27,0
O011806,P0041,2,240.17,0
O011806,P0117,3,37.62,0
O011807,P0062,3,109.93,0
O011808,P0038,3,11.96,10
O011808,P0004,2,203.73,10
O011808,P0019,1,225.54,10
O011808,P0021,1,103.85,10
O011809,P0061,3,30.11,0
O011810,P0074,1,26.63,0
O011811,P0073,2,99.68,0
O011812,P0002,2,428.99,0
O011813,P0076,1,53.1,0
O011814,P0132,1,9.56,0
O011814,P0118,1,60.49,0
O011814,P0065,1,128.91,0
O011815,P0051,1,37.8,0
O011816,P0011,1,746.1,0
O011816,P0020,3,48.67,0
O011817,P0009,1,879.03,0
O011818,P0039,1,35.85,0
O011819,P0110,1,231.1,0
O011819,P0068,1,23.84,0
O011819,P0069,1,25.15,0
O011820,P0099,1,42.13,0
O011821,P0105,3,192.4,0
O011822,P0092,1,9.46,15
O011822,P0069,1,25.15,15
O011822,P0079,3,21.76,15
O011823,P0131,1,10.19,0
O011823,P0087,1,72.97,0
O011823,P0058,2,96.6,0
O011823,P0089,2,75.8,0
O011824,P0061,3,30.11,5
O011824,P0116,3,64.62,5
O011825,P0077,1,86.48,0
O011826,P0086,3,7.88,0
O011826,P0117,1,37.62,0
O011826,P0031,1,100.42,0
O011827,P0002,2,428.99,0
O011827,P0065,3,128.91,0
O011827,P0099,1,42.13,0
O011828,P0095,3,45.19,0
O011828,P0120,1,233.46,0
O011829,P0010,2,261.54,0
O011829,P0089,3,75.8,0
O011829,P0039,1,35.85,0
O011829,P0009,1,879.03,0
O011830,P0095,1,45.19,0
O011830,P0051,1,37.8,0
O011831,P0020,1,48.67,0
O011831,P0045,3,36.65,0
O011832,P0075,1,50.52,0
O011833,P0058,1,96.6,0
O011833,P0102,1,6.1,0
O011834,P0001,3,59.15,0
O011834,P0125,1,231.1,0
O011835,P0013,2,237.97,0
O011836,P0063,2,95.57,0
O011837,P0076,1,53.1,0
O011838,P0070,1,144.85,0
O011838,P0037,1,46.51,0
O011838,P0089,1,75.8,0
O011838,P0150,1,28.39,0
O011839,P0065,1,128.91,0
O011839,P0057,3,62.31,0
O011840,P0060,2,131.68,10
O011841,P0069,2,25.15,0
O011841,P0080,1,52.81,0
O011841,P0012,1,202.16,0
O011842,P0044,3,96.71,0
O011843,P0046,1,93.34,0
O011843,P0062,3,109.93,0
O011843,P0123,3,13.17,0
O011843,P0050,1,23.7,0
O011844,P0080,1,52.81,0
O011844,P0083,1,45.29,0
O011844,P0104,1,56.02,0
O011845,P0122,1,44.07,0
O011846,P0076,1,53.1,0
O011846,P0037,1,46.51,0
O011847,P0031,3,100.42,0
O011848,P0012,1,202.16,0
O011848,P0128,2,40.97,0
O011848,P0009,2,879.03,0
O011849,P0021,1,103.85,10
O011849,P0135,1,61.66,10
O011849,P0016,1,490.88,10
O011849,P0133,1,68.25,10
O011850,P0010,1,261.54,0
O011850,P0145,1,10.1,0
O011850,P0124,1,16.63,0
O011850,P0008,1,47.86,0
O011851,P0087,1,72.97,0
O011852,P0087,1,72.97,0
O011853,P0064,3,101.18,0
O011854,P0073,1,99.68,0
O011855,P0066,1,29.64,0
O011855,P0025,2,63.7,0
O011855,P0055,3,21.55,0
O011856,P0065,1,128.91,0
O011857,P0062,2,109.93,0
O011857,P0129,1,10.47,0
O011858,P0079,1,21.76,10
O011859,P0010,1,261.54,0
O011859,P0018,3,103.25,0
O011859,P0009,1,879.03,0
O011859,P0037,1,46.51,0
O011860,P0103,1,43.56,0
O011861,P0071,1,88.96,0
O011861,P0009,3,879.03,0
O011862,P0018,2,103.25,5
O011862,P0043,1,15.93,5
O011863,P0038,2,11.96,0
O011864,P0077,2,86.48,0
O011865,P0003,1,70.0,0
O011866,P0008,1,47.86,0
O011867,P0003,1,70.0,0
O011868,P0091,2,55.44,0
O011869,P0043,2,15.93,0
O011870,P0143,1,10.62,0
O011871,P0095,2,45.19,0
O011871,P0096,2,62.39,0
O011871,P0028,1,456.12,0
O011871,P0062,1,109.93,0
O011872,P0144,1,10.61,0
O011872,P0065,3,128.91,0
O011873,P0115,2,65.77,0
O011874,P0033,3,58.2,0
O011874,P0027,1,261.66,0
O011875,P0146,1,36.39,0
O011875,P0034,1,12.47,0
O011876,P0148,1,74.21,10
O011877,P0026,1,143.66,0
O011878,P0069,3,25.15,0
O011879,P0111,3,68.84,0
O011880,P0109,1,191.49,0
O011881,P0118,1,60.49,0
O011882,P0044,2,96.71,0
O011883,P0025,2,63.7,0
O011883,P0025,3,63.7,0
O011884,P0126,1,119.65,0
O011885,P0098,1,5.21,0
O011886,P0012,1,202.16,0
O011886,P0020,1,48.67,0
O011887,P0024,2,70.63,0
O011888,P0032,2,28.68,0
O011889,P0004,1,203.73,0
O011890,P0146,1,36.39,0
O011891,P0054,1,22.5,0
O011892,P0099,1,42.13,0
O011892,P0037,3,46.51,0
O011893,P0145,1,10.1,0
O011894,P0146,1,36.39,20
O011894,P0069,3,25.15,20
O011894,P0068,1,23.84,20
O011895,P0065,3,128.91,0
O011896,P0036,3,80.43,10
O011897,P0019,1,225.54,0
O011898,P0107,1,42.73,0
O011898,P0074,1,26.63,0
O011898,P0002,1,428.99,0
O011899,P0107,1,42.73,0
O011899,P0061,1,30.11,0
O011899,P0019,1,225.54,0
O011900,P0065,3,128.91,0
O011901,P0076,2,53.1,0
O011901,P0003,1,70.0,0
O011902,P0012,2,202.16,0
O011903,P0098,1,5.21,0
O011903,P0112,1,121.72,0
O011904,P0018,3,103.25,0
O011905,P0057,1,62.31,0
O011905,P0024,2,70.63,0
O011906,P0013,1,237.97,0
O011906,P0029,1,612.77,0
O011907,P0078,3,46.55,0
O011907,P0019,3,225.54,0
O011908,P0040,1,12.05,0
O011908,P0059,1,46.72,0
O011909,P0009,2,879.03,10
O011910,P0015,1,54.36,0
O011911,P0040,2,12.05,0
O011912,P0100,1,14.85,0
O011912,P0046,1,93.34,0
O011913,P0130,1,22.25,0
O011913,P0141,1,32.3,0
O011913,P0133,1,68.25,0
O011913,P0101,1,12.63,0
O011914,P0043,1,15.93,0
O011914,P0137,1,9.05,0
O011915,P0069,2,25.15,10
O011915,P0135,3,61.66,10
O011915,P0072,3,22.81,10
O011915,P0069,2,25.15,10
O011916,P0027,1,261.66,10
O011916,P0134,3,14.57,10
O011916,P0130,3,22.25,10
O011917,P0105,1,192.4,0
O011917,P0065,3,128.91,0
O011917,P0137,1,9.05,0
O011917,P0136,1,64.01,0
O011918,P0143,2,10.62,0
O011918,P0042,3,94.19,0
O011918,P0055,1,21.55,0
O011918,P0137,3,9.05,0
O011919,P0042,1,94.19,0
O011919,P0063,1,95.57,0
O011920,P0089,1,75.8,0
O011920,P0082,2,69.13,0
O011920,P0045,1,36.65,0
O011920,P0107,1,42.73,0
O011921,P0146,1,36.39,0
O011921,P0043,3,15.93,0
O011922,P0120,3,233.46,0
O011923,P0002,1,428.99,0
O011923,P0005,1,105.05,0
O011923,P0042,2,94.19,0
O011923,P0032,1,28.68,0
O011924,P0072,1,22.81,0
O011924,P0037,1,46.51,0
O011925,P0006,2,317.9,0
O011925,P0025,3,63.7,0
O011925,P0015,3,54.36,0
O011925,P0089,1,75.8,0
O011926,P0125,1,231.1,0
O011926,P0073,1,99.68,0
O011927,P0078,2,46.55,0
O011927,P0116,2,64.62,0
O011928,P0148,1,74.21,0
O011929,P0040,1,12.05,0
O011930,P0057,1,62.31,10
O011930,P0120,1,233.46,10
O011930,P0136,1,64.01,10
O011930,P0130,1,22.25,10
O011931,P0116,2,64.62,15
O011932,P0052,1,96.7,0
O011932,P0042,3,94.19,0
O011932,P0046,1,93.34,0
O011932,P0149,2,21.0,0
O011933,P0114,1,30.32,0
O011933,P0010,3,261.54,0
O011933,P0146,3,36.39,0
O011933,P0142,3,46.23,0
O011934,P0110,1,231.1,0
O011934,P0077,1,86.48,0
O011935,P0044,1,96.71,0
O011935,P0073,1,99.68,0
O011936,P0128,1,40.97,0
O011936,P0140,1,95.27,0
O011937,P0124,1,16.63,0
O011937,P0071,1,88.96,0
O011937,P0082,1,69.13,0
O011938,P0149,1,21.0,0
O011938,P0060,1,131.68,0
O011939,P0001,1,59.15,0
O011940,P0054,2,22.5,0
O011940,P0080,3,52.81,0
O011941,P0136,2,64.01,0
O011942,P0090,2,74.94,0
O011942,P0039,3,35.85,0
O011942,P0094,1,42.24,0
O011942,P0085,1,72.91,0
O011943,P0102,3,6.1,0
O011943,P0100,1,14.85,0
O011944,P0037,1,46.51,0
O011944,P0101,1,12.63,0
O011944,P0050,3,23.7,0
O011944,P0034,1,12.47,0
O011945,P0056,1,54.99,0
O011946,P0134,1,14.57,0
O011947,P0073,1,99.68,0
O011947,P0098,3,5.21,0
O011947,P0031,1,100.42,0
O011948,P0015,1,54.36,10
O011948,P0103,3,43.56,10
O011948,P0020,3,48.67,10
O011949,P0035,2,228.97,0
O011950,P0015,2,54.36,0
O011950,P0101,1,12.63,0
O011950,P0042,1,94.19,0
O011951,P0078,2,46.55,0
O011951,P0104,1,56.02,0
O011951,P0043,1,15.93,0
O011952,P0111,1,68.84,0
O011952,P0074,3,26.63,0
O011953,P0023,1,234.72,0
O011953,P0022,1,535.5,0
O011953,P0120,1,233.46,0
O011954,P0067,1,20.79,0
O011954,P0127,3,69.7,0
O011955,P0077,3,86.48,0
O011956,P0067,1,20.79,0
O011956,P0068,1,23.84,0
O011957,P0115,2,65.77,0
O011957,P0054,1,22.5,0
O011957,P0034,1,12.47,0
O011957,P0041,3,240.17,0
O011958,P0091,3,55.44,10
O011959,P0079,1,21.76,0
O011959,P0093,1,36.5,0
O011959,P0121,1,35.48,0
O011960,P0082,1,69.13,40
O011960,P0095,3,45.19,40
O011961,P0087,1,72.97,0
O011962,P0095,3,45.19,15
O011963,P0019,2,225.54,0
O011963,P0118,1,60.49,0
O011963,P0095,1,45.19,0
O011964,P0079,2,21.76,0
O011964,P0013,2,237.97,0
O011965,P0047,2,22.6,0
O011965,P0127,2,69.7,0
O011965,P0047,1,22.6,0
O011965,P0026,3,143.66,0
O011966,P0017,3,45.26,0
O011966,P0016,1,490.88,0
O011967,P0006,3,317.9,0
O011967,P0093,1,36.5,0
O011968,P0134,2,14.57,0
O011969,P0024,2,70.63,0
O011969,P0012,1,202.16,0
O011970,P0016,1,490.88,0
O011971,P0119,2,111.41,0
O011971,P0030,1,111.36,0
O011972,P0036,3,80.43,0
O011972,P0076,2,53.1,0
O011972,P0030,3,111.36,0
O011973,P0053,1,79.81,5
O011974,P0005,1,105.05,0
O011974,P0009,2,879.03,0
O011975,P0074,1,26.63,0
O011975,P0054,1,22.5,0
O011975,P0005,1,105.05,0
O011976,P0025,3,63.7,0
O011976,P0100,3,14.85,0
O011976,P0027,2,261.66,0
O011977,P0057,1,62.31,0
O011977,P0113,3,52.25,0
O011977,P0006,1,317.9,0
O011977,P0038,3,11.96,0
O011978,P0011,1,746.1,0
O011978,P0067,1,20.79,0
O011979,P0006,1,317.9,0
O011980,P0129,1,10.47,0
O011981,P0082,1,69.13,0
O011982,P0029,1,612.77,0
O011982,P0099,2,42.13,0
O011983,P0016,2,490.88,20
O011983,P0043,2,15.93,20
O011983,P0024,1,70.63,20
O011983,P0055,1,21.55,20
O011984,P0055,1,21.55,0
O011985,P0007,1,566.07,0
O011986,P0104,1,56.02,0
O011986,P0045,1,36.65,0
O011986,P0010,2,261.54,0
O011986,P0051,1,37.8,0
O011987,P0041,1,240.17,0
O011988,P0104,3,56.02,0
O011988,P0057,3,62.31,0
O011989,P0016,3,490.88,0
O011989,P0041,1,240.17,0
O011989,P0048,1,80.09,0
O011990,P0118,1,60.49,0
O011991,P0072,1,22.81,0
O011992,P0065,2,128.91,0
O011992,P0089,1,75.8,0
O011993,P0053,3,79.81,0
O011994,P0022,1,535.5,0
O011994,P0083,1,45.29,0
O011995,P0118,1,60.49,0
O011995,P0031,1,100.42,0
O011995,P0122,1,44.07,0
O011996,P0054,1,22.5,0
O011997,P0033,1,58.2,0
O011997,P0134,1,14.57,0
O011997,P0114,1,30.32,0
O011997,P0110,1,231.1,0
O011998,P0101,1,12.63,0
O011998,P0044,1,96.71,0
O011998,P0117,3,37.62,0
O011999,P0021,1,103.85,0
O011999,P0105,2,192.4,0
O011999,P0087,2,72.97,0
O012000,P0071,3,88.96,0
O012000,P0089,1,75.8,0
O012001,P0078,1,46.55,0
O012001,P0011,2,746.1,0
O012002,P0150,1,28.39,0
O012002,P0055,1,21.55,0
O012003,P0140,2,95.27,0
O012003,P0004,3,203.73,0
O012004,P0025,1,63.7,0
O012004,P0052,3,96.7,0
O012005,P0075,1,50.52,0
O012005,P0060,1,131.68,0
O012005,P0013,1,237.97,0
O012005,P0058,1,96.6,0
O012006,P0064,1,101.18,0
O012006,P0054,1,22.5,0
O012006,P0010,2,261.54,0
O012006,P0133,1,68.25,0
O012007,P0068,1,23.84,0
O012008,P0044,1,96.71,0
O012009,P0072,1,22.81,0
O012009,P0099,1,42.13,0
O012009,P0045,3,36.65,0
O012010,P0044,1,96.71,0
O012011,P0063,1,95.57,0
O012012,P0111,1,68.84,0
O012012,P0021,2,103.85,0
O012013,P0073,1,99.68,0
O012013,P0005,2,105.05,0
O012014,P0016,2,490.88,0
O012015,P0017,1,45.26,0
O012016,P0021,1,103.85,0
O012016,P0086,1,7.88,0
O012017,P0103,1,43.56,0
O012018,P0148,2,74.21,0
O012018,P0028,3,456.12,0
O012018,P0012,3,202.16,0
O012019,P0030,1,111.36,0
O012019,P0035,2,228.97,0
O012020,P0016,2,490.88,20
O012020,P0076,1,53.1,20
O012020,P0079,1,21.76,20
O012020,P0051,1,37.8,20
O012021,P0010,1,261.54,0
O012021,P0075,3,50.52,0
O012022,P0017,3,45.26,0
O012023,P0073,1,99.68,0
O012024,P0030,1,111.36,0
O012024,P0029,1,612.77,0
O012025,P0016,2,490.88,0
O012025,P0101,1,12.63,0
O012025,P0075,3,50.52,0
O012026,P0023,1,234.72,0
O012026,P0026,1,143.66,0
O012026,P0019,-1,225.54,0
O012026,P0080,1,52.81,0
O012027,P0065,-1,128.91,0
O012028,P0006,1,317.9,0
O012028,P0110,1,231.1,0
O012028,P0003,1,70.0,0
O012029,P0006,1,317.9,0
O012030,P0136,3,64.01,5
O012031,P0050,1,23.7,10
O012031,P0138,2,119.25,10
O012031,P0088,1,12.2,10
O012031,P0111,2,68.84,10
O012032,P0029,1,612.77,0
O012032,P0122,1,44.07,0
O012032,P0069,1,25.15,0
O012033,P0026,1,143.66,0
O012033,P0006,2,317.9,0
O012034,P0116,1,64.62,0
O012035,P0035,3,228.97,0
O012036,P0042,2,94.19,0
O012036,P0062,1,109.93,0
O012037,P0079,1,21.76,0
O012037,P0007,1,566.07,0
O012037,P0011,1,746.1,0
O012038,P0030,2,111.36,10
O012039,P0029,3,612.77,0
O012040,P0024,3,70.63,0
O012040,P0108,1,153.58,0
O012041,P0043,1,15.93,0
O012042,P0024,2,70.63,0
O012043,P0063,1,95.57,0
O012044,P0058,1,96.6,0
O012044,P0028,1,456.12,0
O012044,P0024,3,70.63,0
O012045,P0009,1,879.03,40
O012045,P0048,2,80.09,40
O012045,P0087,1,72.97,40
O012046,P0036,1,80.43,0
O012047,P0035,1,228.97,20
O012047,P0050,1,23.7,20
O012047,P0138,1,119.25,20
O012047,P0058,1,96.6,20
O012048,P0070,3,144.85,20
O012049,P0004,1,203.73,0
O012049,P0092,1,9.46,0
O012050,P0058,1,96.6,0
O012050,P0069,3,25.15,0
O012051,P0014,1,280.69,0
O012051,P0102,2,6.1,0
O012051,P0118,1,60.49,0
O012051,P0096,1,62.39,0
O012052,P0031,1,100.42,0
O012053,P0043,3,15.93,0
O012053,P0111,1,68.84,0
O012053,P0076,2,53.1,0
O012054,P0046,2,93.34,0
O012055,P0077,1,86.48,0
O012055,P0121,1,35.48,0
O012056,P0008,1,47.86,0
O012056,P0034,3,12.47,0
O012057,P0005,3,105.05,0
O012057,P0016,1,490.88,0
O012058,P0133,1,68.25,0
O012059,P0021,1,103.85,0
O012059,P0083,3,45.29,0
O012059,P0030,2,111.36,0
O012060,P0067,1,20.79,0
O012060,P0075,1,50.52,0
O012061,P0068,2,23.84,0
O012062,P0065,3,128.91,0
O012062,P0140,1,95.27,0
O012063,P0050,-1,23.7,0
O012063,P0085,3,72.91,0
O012064,P0066,1,29.64,0
O012065,P0068,1,23.84,0
O012066,P0070,2,144.85,0
O012066,P0021,3,103.85,0
O012066,P0007,1,566.07,0
O012067,P0141,1,32.3,0
O012068,P0024,2,70.63,0
O012068,P0053,1,79.81,0
O012069,P0019,1,225.54,0
O012070,P0040,2,12.05,0
O012070,P0123,3,13.17,0
O012071,P0006,1,317.9,0
O012071,P0033,1,58.2,0
O012072,P0051,1,37.8,0
O012072,P0016,2,490.88,0
O012072,P0086,1,7.88,0
O012072,P0008,1,47.86,0
O012073,P0008,2,47.86,0
O012074,P0074,1,26.63,0
O012074,P0069,1,25.15,0
O012075,P0056,1,54.99,0
O012075,P0073,3,99.68,0
O012075,P0133,1,68.25,0
O012075,P0069,1,25.15,0
O012076,P0097,1,39.47,0
O012077,P0051,3,37.8,10
O012077,P0005,3,105.05,10
O012078,P0108,1,153.58,10
O012078,P0127,2,69.7,10
O012078,P0094,2,42.24,10
O012078,P0129,-1,10.47,10
O012079,P0051,1,37.8,10
O012079,P0133,3,68.25,10
O012079,P0051,1,37.8,10
O012079,P0008,1,47.86,10
O012080,P0101,3,12.63,0
O012080,P0143,1,10.62,0
O012080,P0037,3,46.51,0
O012081,P0039,3,35.85,0
O012082,P0030,1,111.36,0
O012083,P0129,3,10.47,0
O012084,P0036,1,80.43,0
O012085,P0140,3,95.27,0
O012085,P0148,1,74.21,0
O012085,P0061,2,30.11,0
O012085,P0149,2,21.0,0
O012086,P0117,1,37.62,0
O012087,P0070,1,144.85,0
O012088,P0133,3,68.25,40
O012089,P0148,2,74.21,0
O012089,P0065,1,128.91,0
O012090,P0093,1,36.5,0
O012090,P0114,2,30.32,0
O012091,P0147,1,8.3,0
O012091,P0088,1,12.2,0
O012092,P0032,1,28.68,0
O012092,P0044,1,96.71,0
O012093,P0049,1,192.27,10
O012093,P0043,1,15.93,10
O012093,P0042,1,94.19,10
O012093,P0070,1,144.85,10
O012094,P0099,1,42.13,20
O012095,P0002,1,428.99,0
O012095,P0110,1,231.1,0
O012095,P0144,1,10.61,0
O012095,P0077,1,86.48,0
O012096,P0042,1,94.19,0
O012096,P0118,1,60.49,0
O012096,P0023,2,234.72,0
O012096,P0056,1,54.99,0
O012097,P0018,1,103.25,0
O012098,P0037,2,46.51,0
O012098,P0065,1,128.91,0
O012099,P0028,3,456.12,0
O012099,P0093,3,36.5,0
O012100,P0075,1,50.52,0
O012101,P0074,1,26.63,0
O012101,P0003,1,70.0,0
O012102,P0058,1,96.6,0
O012102,P0125,2,231.1,0
O012103,P0060,1,131.68,0
O012103,P0020,3,48.67,0
O012103,P0065,1,128.91,0
O012104,P0029,1,612.77,0
O012105,P0122,1,44.07,5
O012105,P0123,3,13.17,5
O012105,P0103,1,43.56,5
O012106,P0111,2,68.84,0
O012106,P0078,1,46.55,0
O012107,P0138,1,119.25,0
O012107,P0125,1,231.1,0
O012108,P0072,1,22.81,0
O012108,P0115,2,65.77,0
O012109,P0074,3,26.63,0
O012110,P0031,1,100.42,0
O012111,P0004,1,203.73,0
O012111,P0098,2,5.21,0
O012111,P0003,3,70.0,0
O012112,P0044,1,96.71,0
O012113,P0061,2,30.11,0
O012114,P0141,3,32.3,0
O012114,P0017,3,45.26,0
O012115,P0042,1,94.19,0
O012115,P0123,1,13.17,0
O012115,P0023,2,234.72,0
O012115,P0113,1,52.25,0
O012116,P0024,1,70.63,0
O012117,P0003,3,70.0,0
O012118,P0099,2,42.13,0
O012119,P0006,1,317.9,0
O012120,P0147,1,8.3,0
O012121,P0107,1,42.73,0
O012121,P0074,1,26.63,0
O012122,P0048,3,80.09,0
O012123,P0092,3,9.46,0
O012124,P0060,2,131.68,0
O012125,P0024,1,70.63,0
O012126,P0001,1,59.15,10
O012126,P0056,2,54.99,10
O012127,P0062,1,109.93,0
O012127,P0108,2,153.58,0
O012128,P0140,1,95.27,0
O012128,P0039,2,35.85,0
O012129,P0001,3,59.15,0
O012130,P0086,1,7.88,0
O012130,P0058,1,96.6,0
O012131,P0009,1,879.03,0
O012131,P0121,1,35.48,0
O012131,P0118,2,60.49,0
O012131,P0010,3,261.54,0
O012132,P0025,2,63.7,0
O012132,P0149,1,21.0,0
O012132,P0002,1,428.99,0
O012132,P0019,2,225.54,0
O012133,P0007,1,566.07,0
O012133,P0018,3,103.25,0
O012134,P0007,3,566.07,0
O012135,P0016,2,490.88,0
O012135,P0057,1,62.31,0
O012136,P0055,1,21.55,0
O012137,P0037,1,46.51,0
O012137,P0035,1,228.97,0
O012138,P0123,3,13.17,0
O012139,P0112,1,121.72,0
O012139,P0117,2,37.62,0
O012139,P0059,1,46.72,0
O012140,P0113,3,52.25,0
O012140,P0025,1,63.7,0
O012141,P0032,3,28.68,0
O012141,P0077,3,86.48,0
O012142,P0060,1,131.68,0
O012142,P0050,3,23.7,0
O012142,P0112,3,121.72,0
O012143,P0033,2,58.2,0
O012144,P0012,1,202.16,0
O012144,P0103,1,43.56,0
O012145,P0037,3,46.51,5
O012145,P0016,3,490.88,5
O012145,P0004,1,203.73,5
O012146,P0124,1,16.63,0
O012147,P0036,2,80.43,0
O012148,P0035,2,228.97,40
O012148,P0057,2,62.31,40
O012148,P0052,1,96.7,40
O012148,P0150,3,28.39,40
O012149,P0039,3,35.85,0
O012149,P0020,2,48.67,0
O012149,P0004,1,203.73,0
O012150,P0074,3,26.63,0
O012151,P0029,2,612.77,0
O012151,P0018,1,103.25,0
O012151,P0071,2,88.96,0
O012151,P0099,3,42.13,0
O012152,P0123,3,13.17,0
O012153,P0109,1,191.49,0
O012153,P0034,2,12.47,0
O012154,P0037,3,46.51,0
O012155,P0023,1,234.72,0
O012155,P0067,3,20.79,0
O012155,P0054,1,22.5,0
O012155,P0057,3,62.31,0
O012156,P0067,2,20.79,0
O012157,P0003,1,70.0,0
O012157,P0085,3,72.91,0
O012157,P0007,1,566.07,0
O012157,P0015,3,54.36,0
O012158,P0026,1,143.66,0
O012158,P0135,3,61.66,0
O012159,P0111,1,68.84,0
O012159,P0014,2,0.0,0
O012159,P0039,1,35.85,0
O012160,P0105,1,192.4,0
O012161,P0150,2,28.39,10
O012161,P0130,1,22.25,10
O012162,P0143,3,10.62,0
O012163,P0147,3,8.3,0
O012163,P0149,2,21.0,0
O012164,P0130,1,22.25,0
O012164,P0069,3,25.15,0
O012164,P0105,1,192.4,0
O012165,P0135,3,61.66,0
O012165,P0139,1,117.86,0
O012165,P0076,1,53.1,0
O012166,P0100,3,14.85,0
O012166,P0077,3,86.48,0
O012166,P0131,2,10.19,0
O012167,P0074,1,26.63,0
O012167,P0074,3,26.63,0
O012167,P0014,1,280.69,0
O012167,P0148,1,74.21,0
O012168,P0046,1,93.34,0
O012168,P0130,1,22.25,0
O012168,P0128,3,40.97,0
O012168,P0135,1,61.66,0
O012169,P0109,1,191.49,0
O012170,P0073,1,99.68,0
O012171,P0033,1,58.2,10
O012172,P0033,1,58.2,0
O012172,P0098,3,5.21,0
O012172,P0039,1,35.85,0
O012172,P0029,2,612.77,0
O012173,P0035,1,228.97,0
O012174,P0036,3,80.43,0
O012175,P0045,1,36.65,0
O012176,P0028,3,456.12,0
O012176,P0027,2,261.66,0
O012176,P0026,1,143.66,0
O012176,P0031,2,100.42,0
O012177,P0008,2,47.86,0
O012177,P0015,1,54.36,0
O012178,P0057,2,62.31,0
O012179,P0057,1,62.31,0
O012179,P0135,1,61.66,0
O012180,P0092,2,9.46,0
O012180,P0077,1,86.48,0
O012181,P0070,2,144.85,0
O012181,P0006,1,317.9,0
O012182,P0103,1,43.56,20
O012182,P0035,1,228.97,20
O012183,P0084,1,13.25,0
O012183,P0005,1,105.05,0
O012183,P0131,1,10.19,0
O012184,P0045,3,36.65,0
O012185,P0023,1,234.72,0
O012185,P0010,1,261.54,0
O012185,P0088,1,12.2,0
O012185,P0023,1,234.72,0
O012186,P0098,3,5.21,0
O012187,P0082,2,69.13,0
O012187,P0072,3,22.81,0
O012188,P0036,1,80.43,0
O012188,P0064,3,101.18,0
O012188,P0014,1,280.69,0
O012188,P0032,1,28.68,0
O012189,P0016,1,490.88,10
O012189,P0149,1,21.0,10
O012189,P0011,1,746.1,10
O012189,P0011,2,746.1,10
O012190,P0145,3,10.1,0
O012190,P0033,2,58.2,0
O012190,P0087,3,72.97,0
O012191,P0078,2,46.55,0
O012191,P0028,1,456.12,0
O012192,P0058,1,96.6,0
O012193,P0017,2,45.26,0
O012194,P0024,3,70.63,0
O012194,P0023,2,234.72,0
O012194,P0024,1,70.63,0
O012194,P0134,3,14.57,0
O012195,P0008,1,47.86,0
O012195,P0101,1,12.63,0
O012195,P0026,3,143.66,0
O012196,P0056,1,54.99,0
O012196,P0064,1,101.18,0
O012196,P0005,1,105.05,0
O012196,P0043,1,15.93,0
O012197,P0058,2,96.6,0
O012197,P0066,3,29.64,0
O012197,P0019,1,225.54,0
O012197,P0074,1,26.63,0
O012198,P0065,1,128.91,0
O012199,P0100,1,14.85,0
O012199,P0073,1,99.68,0
O012199,P0060,1,131.68,0
O012200,P0057,1,62.31,0
O012200,P0046,3,93.34,0
O012201,P0135,2,61.66,0
O012201,P0070,1,144.85,0
O012201,P0049,1,192.27,0
O012201,P0037,1,46.51,0
O012202,P0122,1,44.07,0
O012203,P0008,1,47.86,15
O012204,P0097,2,39.47,0
O012205,P0064,1,101.18,0
O012206,P0132,2,9.56,0
O012207,P0112,3,121.72,0
O012207,P0146,1,36.39,0
O012208,P0008,1,47.86,0
O012208,P0060,1,131.68,0
O012208,P0007,1,566.07,0
O012208,P0094,2,42.24,0
O012209,P0050,1,23.7,0
O012210,P0025,1,63.7,0
O012211,P0107,1,42.73,0
O012212,P0126,2,119.65,0
O012212,P0110,3,231.1,0
O012213,P0004,1,203.73,0
O012214,P0069,3,25.15,0
O012214,P0075,2,50.52,0
O012214,P0150,2,28.39,0
O012214,P0046,1,93.34,0
O012215,P0142,2,46.23,0
O012216,P0087,2,72.97,0
O012217,P0113,1,52.25,10
O012217,P0092,1,9.46,10
O012218,P0090,1,74.94,10
O012218,P0059,1,46.72,10
O012218,P0073,1,99.68,10
O012218,P0026,1,143.66,10
O012219,P0087,1,72.97,0
O012219,P0060,1,131.68,0
O012220,P0053,1,79.81,0
O012220,P0014,1,280.69,0
O012220,P0101,1,12.63,0
O012220,P0030,3,111.36,0
O012221,P0008,1,47.86,0
O012221,P0040,2,12.05,0
O012221,P0107,1,42.73,0
O012222,P0049,2,192.27,0
O012223,P0080,1,52.81,0
O012224,P0065,1,128.91,0
O012224,P0097,3,39.47,0
O012224,P0041,2,240.17,0
O012225,P0016,1,490.88,0
O012225,P0004,1,203.73,0
O012226,P0135,1,61.66,10
O012227,P0059,1,46.72,0
O012227,P0002,1,428.99,0
O012228,P0013,1,237.97,0
O012228,P0092,1,9.46,0
O012229,P0072,1,22.81,0
O012229,P0045,1,36.65,0
O012230,P0029,2,612.77,0
O012230,P0139,2,117.86,0
O012230,P0038,3,11.96,0
O012230,P0062,1,109.93,0
O012231,P0109,1,191.49,0
O012231,P0058,3,96.6,0
O012231,P0037,1,46.51,0
O012231,P0056,1,54.99,0
O012232,P0089,1,75.8,10
O012232,P0077,3,86.48,10
O012232,P0099,1,42.13,10
O012232,P0070,1,144.85,10
O012233,P0150,1,28.39,0
O012234,P0044,2,96.71,0
O012235,P0108,1,153.58,0
O012235,P0118,2,60.49,0
O012235,P0040,1,12.05,0
O012236,P0026,1,143.66,0
O012236,P0085,3,72.91,0
O012237,P0042,2,94.19,0
O012238,P0078,1,46.55,0
O012239,P0059,1,46.72,0
O012239,P0048,3,80.09,0
O012239,P0078,1,46.55,0
O012240,P0042,2,94.19,0
O012241,P0018,3,103.25,0
O012241,P0074,3,26.63,0
O012242,P0087,1,72.97,0
O012242,P0020,1,48.67,0
O012242,P0038,1,11.96,0
O012243,P0057,1,62.31,10
O012243,P0017,1,45.26,10
O012244,P0074,1,26.63,0
O012245,P0063,1,95.57,0
O012245,P0008,1,47.86,0
O012246,P0071,2,88.96,0
O012247,P0003,2,70.0,0
O012247,P0078,3,46.55,0
O012248,P0065,3,128.91,0
O012249,P0002,1,428.99,0
O012250,P0014,1,280.69,0
O012250,P0006,1,317.9,0
O012251,P0071,1,88.96,20
O012252,P0003,1,70.0,0
O012253,P0033,3,58.2,0
O012254,P0009,1,879.03,0
O012254,P0043,1,15.93,0
O012254,P0025,2,63.7,0
O012254,P0068,1,23.84,0
O012255,P0098,2,5.21,0
O012256,P0121,2,35.48,0
O012256,P0043,3,15.93,0
O012256,P0034,1,0.0,0
O012257,P0116,3,64.62,0
O012257,P0026,1,143.66,0
O012258,P0128,3,40.97,0
O012259,P0062,3,109.93,0
O012260,P0055,1,21.55,0
O012260,P0013,1,237.97,0
O012261,P0022,2,535.5,0
O012262,P0055,1,21.55,0
O012262,P0131,1,10.19,0
O012262,P0010,1,261.54,0
O012263,P0074,1,26.63,0
O012263,P0049,1,192.27,0
O012264,P0145,1,10.1,0
O012265,P0002,3,428.99,0
O012265,P0147,3,8.3,0
O012266,P0143,3,10.62,0
O012266,P0095,1,45.19,0
O012266,P0089,1,75.8,0
O012266,P0135,1,61.66,0
O012267,P0066,3,29.64,10
O012268,P0107,3,42.73,10
O012269,P0044,2,96.71,0
O012270,P0111,2,68.84,0
O012271,P0126,3,119.65,0
O012271,P0032,1,28.68,0
O012272,P0148,2,74.21,0
O012272,P0021,1,103.85,0
O012272,P0043,1,15.93,0
O012273,P0032,1,28.68,0
O012273,P0060,2,131.68,0
O012273,P0054,2,22.5,0
O012274,P0009,2,879.03,0
O012275,P0015,3,54.36,0
O012275,P0013,1,237.97,0
O012276,P0111,1,68.84,0
O012276,P0069,1,25.15,0
O012276,P0042,2,94.19,0
O012276,P0011,3,746.1,0
O012277,P0028,3,456.12,0
O012278,P0091,1,55.44,0
O012279,P0134,1,14.57,0
O012279,P0075,3,50.52,0
O012280,P0104,1,56.02,0
O012280,P0125,1,231.1,0
O012280,P0034,2,12.47,0
O012281,P0065,2,128.91,0
O012282,P0009,1,879.03,10
O012282,P0056,3,54.99,10
O012282,P0021,3,103.85,10
O012283,P0030,1,111.36,0
O012284,P0070,1,144.85,0
O012285,P0001,1,59.15,10
O012285,P0030,3,111.36,10
O012285,P0022,2,535.5,10
O012285,P0058,1,96.6,10
O012286,P0024,1,70.63,0
O012287,P0087,1,72.97,0
O012287,P0088,1,12.2,0
O012288,P0044,2,96.71,0
O012288,P0076,1,53.1,0
O012288,P0148,1,74.21,0
O012288,P0118,1,60.49,0
O012289,P0084,2,13.25,0
O012289,P0016,3,490.88,0
O012290,P0085,1,72.91,10
O012291,P0059,2,46.72,0
O012291,P0041,1,240.17,0
O012292,P0141,1,32.3,0
O012292,P0082,3,69.13,0
O012293,P0063,3,95.57,0
O012293,P0083,3,45.29,0
O012293,P0040,1,12.05,0
O012293,P0148,1,74.21,0
O012294,P0127,2,69.7,0
O012294,P0045,1,36.65,0
O012295,P0052,3,96.7,0
O012295,P0040,1,12.05,0
O012296,P0069,1,25.15,5
O012297,P0053,2,79.81,0
O012297,P0149,3,21.0,0
O012297,P0110,1,231.1,0
O012298,P0142,3,46.23,0
O012299,P0081,2,38.74,0
O012299,P0023,3,234.72,0
O012299,P0122,3,44.07,0
O012300,P0011,1,746.1,0
O012301,P0009,1,879.03,0
O012301,P0117,1,37.62,0
O012302,P0126,1,119.65,0
O012302,P0104,2,56.02,0
O012302,P0016,1,490.88,0
O012303,P0140,2,95.27,5
O012303,P0142,1,46.23,5
O012303,P0075,1,50.52,5
O012304,P0010,3,261.54,15
O012304,P0033,3,58.2,15
O012304,P0150,3,28.39,15
O012304,P0079,3,21.76,15
O012305,P0116,3,64.62,0
O012306,P0043,-1,15.93,0
O012307,P0145,2,10.1,0
O012308,P0126,1,119.65,0
O012308,P0037,3,46.51,0
O012308,P0059,1,46.72,0
O012309,P0067,3,20.79,0
O012309,P0076,1,53.1,0
O012310,P0043,1,15.93,0
O012311,P0028,1,456.12,0
O012312,P0123,1,13.17,0
O012312,P0109,3,191.49,0
O012313,P0069,1,25.15,0
O012314,P0033,1,58.2,0
O012314,P0055,1,21.55,0
O012314,P0103,3,43.56,0
O012315,P0006,2,317.9,0
O012315,P0001,2,59.15,0
O012316,P0089,2,75.8,0
O012317,P0054,3,22.5,10
O012317,P0077,1,86.48,10
O012317,P0054,1,22.5,10
O012318,P0142,2,46.23,0
O012319,P0057,1,62.31,0
O012320,P0009,2,879.03,10
O012321,P0028,3,456.12,0
O012321,P0071,2,88.96,0
O012322,P0088,2,12.2,0
O012322,P0073,1,99.68,0
O012322,P0077,3,86.48,0
O012323,P0008,1,47.86,0
O012323,P0117,1,37.62,0
O012323,P0075,2,50.52,0
O012323,P0012,1,202.16,0
O012324,P0113,3,52.25,0
O012325,P0001,1,59.15,10
O012325,P0039,1,35.85,10
O012326,P0104,2,56.02,0
O012326,P0002,1,428.99,0
O012327,P0083,2,45.29,0
O012327,P0062,1,109.93,0
O012328,P0059,2,46.72,0
O012328,P0026,1,143.66,0
O012329,P0029,1,612.77,0
O012329,P0032,2,28.68,0
O012330,P0150,1,28.39,0
O012331,P0015,3,54.36,0
O012331,P0021,2,103.85,0
O012332,P0019,1,225.54,15
O012333,P0013,1,237.97,40
O012333,P0059,3,46.72,40
O012334,P0050,1,23.7,0
O012334,P0058,1,96.6,0
O012334,P0126,1,119.65,0
O012334,P0026,1,143.66,0
O012335,P0019,1,225.54,0
O012336,P0074,1,26.63,0
O012336,P0015,1,54.36,0
O012336,P0077,1,86.48,0
O012336,P0091,1,55.44,0
O012337,P0056,2,54.99,0
O012338,P0049,2,192.27,0
O012338,P0105,1,192.4,0
O012339,P0121,1,35.48,0
O012339,P0005,1,105.05,0
O012340,P0128,1,40.97,0
O012340,P0148,3,74.21,0
O012341,P0071,1,88.96,0
O012341,P0056,3,54.99,0
O012341,P0049,1,192.27,0
O012341,P0059,1,46.72,0
O012342,P0075,1,50.52,10
O012342,P0118,1,60.49,10
O012342,P0043,2,15.93,10
O012343,P0046,1,93.34,0
O012343,P0016,1,490.88,0
O012343,P0071,1,88.96,0
O012344,P0085,1,72.91,0
O012344,P0013,1,237.97,0
O012345,P0141,3,32.3,0
O012345,P0026,3,143.66,0
O012346,P0072,3,22.81,0
O012346,P0133,1,68.25,0
O012346,P0028,3,456.12,0
O012347,P0012,3,202.16,0
O012348,P0072,1,22.81,0
O012349,P0052,1,96.7,0
O012350,P0092,1,9.46,0
O012350,P0137,3,9.05,0
O012351,P0073,1,99.68,10
O012352,P0020,2,48.67,0
O012352,P0125,2,231.1,0
O012353,P0072,1,22.81,0
O012354,P0095,1,45.19,0
O012354,P0002,1,428.99,0
O012355,P0063,1,95.57,0
O012356,P0064,1,101.18,0
O012357,P0099,1,42.13,10
O012358,P0054,1,22.5,0
O012358,P0056,2,54.99,0
O012359,P0091,1,55.44,0
O012360,P0069,2,25.15,0
O012361,P0064,1,101.18,0
O012362,P0014,1,280.69,0
O012363,P0044,3,96.71,0
O012364,P0035,1,228.97,0
O012365,P0056,2,54.99,0
O012366,P0149,1,21.0,0
O012367,P0074,1,26.63,0
O012367,P0018,1,103.25,0
O012367,P0140,1,95.27,0
O012368,P0053,2,79.81,0
O012369,P0054,3,22.5,0
O012369,P0021,3,103.85,0
O012369,P0027,1,261.66,0
O012370,P0037,2,46.51,15
O012370,P0148,2,74.21,15
O012371,P0011,1,746.1,0
O012372,P0145,1,10.1,10
O012373,P0005,1,105.05,0
O012374,P0018,1,103.25,0
O012374,P0115,3,65.77,0
O012375,P0041,1,240.17,0
O012375,P0044,1,96.71,0
O012375,P0101,2,12.63,0
O012375,P0040,2,12.05,0
O012376,P0071,1,88.96,10
O012376,P0144,1,10.61,10
O012377,P0035,1,228.97,0
O012377,P0052,3,96.7,0
O012377,P0143,1,10.62,0
O012377,P0076,1,53.1,0
O012378,P0067,2,20.79,0
O012378,P0076,1,53.1,0
O012379,P0073,3,99.68,0
O012379,P0128,2,40.97,0
O012380,P0129,1,10.47,0
O012380,P0022,2,535.5,0
O012381,P0119,2,111.41,0
O012381,P0032,3,28.68,0
O012382,P0142,1,46.23,0
O012382,P0116,1,64.62,0
O012383,P0095,2,45.19,0
O012383,P0012,2,202.16,0
O012384,P0118,2,60.49,0
O012384,P0140,1,95.27,0
O012384,P0053,1,79.81,0
O012384,P0135,1,61.66,0
O012385,P0048,3,80.09,15
O012386,P0039,1,35.85,0
O012386,P0133,1,68.25,0
O012386,P0136,1,64.01,0
O012386,P0070,1,144.85,0
O012387,P0121,3,35.48,0
O012387,P0100,2,14.85,0
O012387,P0091,2,55.44,0
O012387,P0143,1,10.62,0
O012388,P0034,1,12.47,0
O012388,P0149,1,21.0,0
O012388,P0148,1,74.21,0
O012388,P0124,1,16.63,0
O012389,P0041,1,240.17,0
O012389,P0138,1,119.25,0
O012389,P0147,1,8.3,0
O012389,P0106,1,93.16,0
O012390,P0031,1,100.42,0
O012390,P0009,1,879.03,0
O012390,P0061,3,30.11,0
O012391,P0095,1,45.19,0
O012391,P0066,2,29.64,0
O012391,P0061,3,30.11,0
O012392,P0139,3,117.86,0
O012393,P0095,1,45.19,0
O012393,P0060,1,131.68,0
O012394,P0088,1,12.2,0
O012395,P0074,1,26.63,0
O012396,P0148,1,74.21,0
O012396,P0065,3,128.91,0
O012397,P0041,1,240.17,0
O012397,P0004,2,203.73,0
O012398,P0067,1,20.79,0
O012398,P0145,1,10.1,0
O012399,P0102,3,6.1,0
O012399,P0125,2,231.1,0
O012400,P0037,2,46.51,0
O012401,P0038,2,11.96,0
O012402,P0117,1,37.62,0
O012402,P0008,2,47.86,0
O012402,P0017,1,45.26,0
O012402,P0001,1,59.15,0
O012403,P0132,1,9.56,0
O012403,P0022,1,535.5,0
O012403,P0072,3,22.81,0
O012404,P0046,1,93.34,0
O012404,P0149,3,21.0,0
O012404,P0029,1,612.77,0
O012405,P0070,1,144.85,10
O012406,P0101,1,12.63,0
O012406,P0137,1,9.05,0
O012407,P0127,2,69.7,0
O012408,P0060,1,131.68,0
O012408,P0058,1,96.6,0
O012408,P0021,2,103.85,0
O012409,P0075,2,50.52,10
O012409,P0136,1,64.01,10
O012410,P0062,1,109.93,0
O012410,P0058,1,96.6,0
O012410,P0091,1,55.44,0
O012411,P0075,3,50.52,0
O012411,P0013,1,237.97,0
O012411,P0034,1,12.47,0
O012412,P0009,3,879.03,0
O012413,P0071,1,88.96,0
O012413,P0064,3,101.18,0
O012413,P0089,1,75.8,0
O012414,P0018,3,103.25,0
O012414,P0061,3,30.11,0
O012414,P0065,2,128.91,0
O012414,P0058,3,96.6,0
O012415,P0062,3,109.93,0
O012415,P0053,2,79.81,0
O012415,P0137,3,9.05,0
O012415,P0145,1,10.1,0
O012416,P0095,3,45.19,0
O012417,P0059,1,46.72,0
O012418,P0114,1,30.32,0
O012418,P0024,3,70.63,0
O012419,P0033,3,58.2,0
O012419,P0114,1,30.32,0
O012420,P0036,1,80.43,0
O012420,P0095,1,45.19,0
O012420,P0132,2,9.56,0
O012420,P0054,1,22.5,0
O012421,P0055,2,21.55,0
O012422,P0044,2,96.71,0
O012423,P0036,3,80.43,0
O012424,P0029,3,612.77,10
O012424,P0038,1,11.96,10
O012425,P0003,2,70.0,0
O012425,P0074,1,26.63,0
O012425,P0037,1,46.51,0
O012425,P0002,1,428.99,0
O012426,P0137,1,9.05,0
O012426,P0052,3,96.7,0
O012426,P0053,3,79.81,0
O012426,P0008,1,47.86,0
O012427,P0008,2,47.86,10
O012428,P0084,1,13.25,0
O012428,P0070,3,144.85,0
O012428,P0139,3,117.86,0
O012429,P0049,1,192.27,0
O012429,P0032,1,28.68,0
O012430,P0053,1,79.81,0
O012431,P0063,2,95.57,0
O012432,P0073,3,99.68,0
O012432,P0051,3,37.8,0
O012433,P0141,3,32.3,0
O012433,P0017,2,45.26,0
O012434,P0101,1,12.63,0
O012434,P0078,1,46.55,0
O012435,P0141,2,32.3,0
O012435,P0116,3,64.62,0
O012436,P0033,1,58.2,0
O012436,P0128,1,40.97,0
O012437,P0130,1,22.25,0
O012437,P0143,3,10.62,0
O012437,P0114,1,30.32,0
O012437,P0049,3,192.27,0
O012438,P0092,1,9.46,0
O012438,P0024,3,70.63,0
O012438,P0001,1,59.15,0
O012438,P0132,1,9.56,0
O012439,P0137,1,9.05,0
O012439,P0146,3,36.39,0
O012439,P0147,3,8.3,0
O012439,P0142,1,46.23,0
O012440,P0122,1,44.07,0
O012440,P0119,1,111.41,0
O012441,P0077,1,86.48,0
O012441,P0087,1,72.97,0
O012441,P0134,2,14.57,0
O012442,P0054,3,22.5,0
O012443,P0010,3,261.54,0
O012443,P0131,1,10.19,0
O012443,P0067,1,20.79,0
O012444,P0127,1,69.7,0
O012445,P0105,1,192.4,0
O012445,P0042,2,94.19,0
O012446,P0005,1,105.05,0
O012447,P0115,2,65.77,0
O012447,P0063,1,95.57,0
O012448,P0039,1,35.85,0
O012448,P0012,1,202.16,0
O012449,P0073,0,99.68,0
O012449,P0123,1,13.17,0
O012449,P0058,3,96.6,0
O012450,P0004,1,203.73,0
O012450,P0037,2,46.51,0
O012451,P0006,2,317.9,0
O012452,P0061,2,30.11,0
O012453,P0099,1,42.13,0
O012454,P0065,3,128.91,10
O012454,P0031,1,100.42,10
O012455,P0083,1,45.29,0
O012455,P0138,1,119.25,0
O012456,P0007,3,566.07,0
O012457,P0029,1,612.77,0
O012458,P0051,1,37.8,0
O012458,P0015,1,54.36,0
O012459,P0019,3,225.54,0
O012459,P0056,1,54.99,0
O012459,P0056,2,54.99,0
O012459,P0080,1,52.81,0
O012460,P0023,1,234.72,0
O012460,P0009,1,879.03,0
O012461,P0083,1,45.29,10
O012461,P0059,1,46.72,10
O012461,P0105,3,192.4,10
O012461,P0010,2,261.54,10
O012462,P0065,1,128.91,0
O012462,P0078,3,46.55,0
O012463,P0013,2,237.97,0
O012464,P0012,3,202.16,0
O012465,P0115,1,65.77,0
O012465,P0030,1,111.36,0
O012465,P0008,1,47.86,0
O012466,P0057,3,62.31,0
O012467,P0011,1,746.1,0
O012467,P0019,1,225.54,0
O012467,P0045,2,36.65,0
O012468,P0074,2,26.63,0
O012469,P0016,1,490.88,0
O012470,P0008,1,47.86,0
O012471,P0044,3,96.71,0
O012471,P0062,1,109.93,0
O012471,P0046,2,93.34,0
O012472,P0050,1,23.7,0
O012472,P0041,1,240.17,0
O012472,P0067,2,20.79,0
O012472,P0051,2,37.8,0
O012473,P0068,1,23.84,0
O012473,P0071,3,88.96,0
O012473,P0073,3,99.68,0
O012474,P0116,3,64.62,0
O012474,P0002,2,428.99,0
O012475,P0044,1,96.71,0
O012475,P0059,3,46.72,0
O012475,P0010,1,261.54,0
O012475,P0079,1,21.76,0
O012476,P0093,1,36.5,0
O012476,P0100,2,14.85,0
O012477,P0149,1,21.0,0
O012478,P0045,1,36.65,10
O012479,P0018,1,103.25,0
O012479,P0004,2,203.73,0
O012479,P0131,3,10.19,0
O012479,P0029,1,612.77,0
O012480,P0071,1,88.96,0
O012480,P0070,1,144.85,0
O012480,P0013,3,237.97,0
O012480,P0016,3,490.88,0
O012481,P0085,2,72.91,0
O012481,P0073,1,99.68,0
O012481,P0036,1,80.43,0
O012481,P0120,1,233.46,0
O012482,P0079,1,21.76,0
O012482,P0150,1,28.39,0
O012482,P0059,1,46.72,0
O012482,P0146,1,36.39,0
O012483,P0045,1,36.65,0
O012483,P0128,1,40.97,0
O012484,P0127,3,69.7,0
O012485,P0132,1,9.56,0
O012486,P0062,1,109.93,0
O012486,P0042,1,94.19,0
O012486,P0117,2,37.62,0
O012487,P0043,2,15.93,0
O012487,P0130,1,22.25,0
O012488,P0038,1,11.96,0
O012489,P0037,3,46.51,0
O012490,P0127,3,69.7,0
O012490,P0017,1,45.26,0
O012491,P0052,1,96.7,0
O012491,P0149,1,21.0,0
O012492,P0145,1,10.1,0
O012493,P0011,3,746.1,0
O012493,P0086,1,7.88,0
O012494,P0145,3,10.1,0
O012495,P0001,2,59.15,0
O012496,P0034,1,12.47,0
O012496,P0018,3,103.25,0
O012497,P0075,2,50.52,0
O012497,P0056,2,54.99,0
O012498,P0078,1,46.55,0
O012498,P0089,2,75.8,0
O012498,P0118,1,60.49,0
O012498,P0129,1,10.47,0
O012499,P0122,1,44.07,0
O012500,P0028,1,456.12,0
O012500,P0103,1,43.56,0
O012501,P0001,1,59.15,0
O012502,P0074,3,26.63,0
O012502,P0060,3,131.68,0
O012502,P0001,1,59.15,0
O012502,P0086,2,7.88,0
O012503,P0012,2,202.16,0
O012504,P0002,1,428.99,0
O012504,P0026,2,143.66,0
O012505,P0136,1,64.01,0
O012505,P0066,1,29.64,0
O012505,P0032,1,28.68,0
O012505,P0099,1,42.13,0
O012506,P0002,1,428.99,0
O012506,P0135,1,61.66,0
O012506,P0127,1,69.7,0
O012506,P0145,1,10.1,0
O012507,P0135,1,61.66,0
O012508,P0126,3,119.65,0
O012509,P0043,3,15.93,0
O012510,P0059,2,46.72,0
O012511,P0014,3,280.69,0
O012511,P0075,3,50.52,0
O012511,P0011,3,746.1,0
O012512,P0098,3,5.21,0
O012512,P0024,1,70.63,0
O012512,P0109,3,191.49,0
O012512,P0024,1,70.63,0
O012513,P0038,1,11.96,0
O012514,P0024,2,70.63,0
O012514,P0053,2,79.81,0
O012514,P0039,1,35.85,0
O012515,P0006,1,317.9,0
O012516,P0076,1,53.1,0
O012516,P0024,1,70.63,0
O012517,P0062,1,109.93,0
O012518,P0074,1,26.63,0
O012519,P0004,1,203.73,0
O012519,P0068,2,23.84,0
O012520,P0004,2,203.73,0
O012520,P0012,1,202.16,0
O012521,P0057,1,62.31,10
O012521,P0119,3,111.41,10
O012521,P0065,1,128.91,10
O012522,P0075,1,50.52,0
O012522,P0029,3,612.77,0
O012522,P0026,1,143.66,0
O012523,P0024,1,70.63,0
O012524,P0063,1,95.57,0
O012524,P0012,1,202.16,0
O012524,P0084,2,13.25,0
O012525,P0051,3,37.8,0
O012526,P0138,2,119.25,0
O012526,P0135,1,61.66,0
O012526,P0018,3,103.25,0
O012527,P0006,3,317.9,0
O012527,P0008,2,47.86,0
O012528,P0062,2,109.93,0
O012528,P0086,1,7.88,0
O012528,P0015,3,54.36,0
O012529,P0138,2,119.25,0
O012530,P0131,1,10.19,0
O012530,P0033,1,58.2,0
O012531,P0036,3,80.43,0
O012531,P0103,1,43.56,0
O012531,P0035,2,228.97,0
O012532,P0145,1,10.1,0
O012532,P0145,1,10.1,0
O012532,P0082,3,69.13,0
O012532,P0031,1,100.42,0
O012533,P0036,1,80.43,0
O012534,P0043,1,15.93,0
O012534,P0014,1,280.69,0
O012534,P0093,1,36.5,0
O012534,P0140,2,95.27,0
O012535,P0138,1,119.25,15
O012536,P0099,1,42.13,0
O012536,P0136,3,64.01,0
O012536,P0116,3,64.62,0
O012537,P0011,1,746.1,10
O012538,P0139,1,117.86,0
O012538,P0078,1,46.55,0
O012539,P0032,2,28.68,0
O012539,P0117,2,37.62,0
O012540,P0052,1,96.7,0
O012540,P0049,3,192.27,0
O012541,P0128,1,40.97,10
O012542,P0023,1,234.72,0
O012542,P0081,1,38.74,0
O012543,P0146,1,36.39,20
O012543,P0129,1,10.47,20
O012543,P0148,1,74.21,20
O012543,P0044,2,96.71,20
O012544,P0016,1,490.88,0
O012545,P0073,3,99.68,0
O012545,P0106,1,93.16,0
O012546,P0066,1,29.64,10
O012546,P0051,2,37.8,10
O012546,P0022,1,535.5,10
O012547,P0140,2,95.27,0
O012547,P0004,1,203.73,0
O012548,P0061,1,30.11,0
O012548,P0148,1,74.21,0
O012549,P0107,1,42.73,0
O012549,P0022,2,535.5,0
O012550,P0059,1,46.72,0
O012551,P0030,2,111.36,0
O012551,P0020,1,48.67,0
O012552,P0049,1,192.27,0
O012552,P0062,1,109.93,0
O012552,P0015,1,54.36,0
O012553,P0019,3,225.54,0
O012553,P0022,3,535.5,0
O012553,P0013,3,237.97,0
O012553,P0009,3,879.03,0
O012554,P0078,1,46.55,0
O012555,P0033,1,58.2,0
O012556,P0116,3,64.62,0
O012557,P0107,3,42.73,0
O012557,P0061,2,30.11,0
O012558,P0142,1,46.23,0
O012558,P0005,2,105.05,0
O012558,P0149,1,21.0,0
O012559,P0134,1,14.57,0
O012559,P0044,2,96.71,0
O012559,P0127,2,69.7,0
O012559,P0106,2,93.16,0
O012560,P0137,1,9.05,40
O012560,P0129,1,10.47,40
O012560,P0046,1,93.34,40
O012561,P0041,2,240.17,0
O012561,P0075,1,50.52,0
O012562,P0042,1,94.19,0
O012562,P0011,1,746.1,0
O012563,P0128,1,40.97,0
O012564,P0044,2,96.71,0
O012564,P0036,1,80.43,0
O012565,P0136,1,64.01,0
O012565,P0127,1,69.7,0
O012565,P0149,2,21.0,0
O012566,P0092,1,9.46,0
O012566,P0138,1,119.25,0
O012567,P0137,2,9.05,0
O012567,P0141,3,32.3,0
O012567,P0074,1,26.63,0
O012567,P0124,1,16.63,0
O012568,P0038,1,11.96,0
O012568,P0043,1,15.93,0
O012569,P0087,2,72.97,0
O012569,P0018,2,103.25,0
O012570,P0013,2,237.97,0
O012570,P0037,3,46.51,0
O012570,P0016,2,490.88,0
O012570,P0016,1,490.88,0
O012571,P0005,1,105.05,10
O012571,P0137,2,9.05,10
O012572,P0025,1,63.7,0
O012572,P0037,1,46.51,0
O012573,P0049,1,192.27,0
O012574,P0051,2,37.8,0
O012575,P0022,2,535.5,0
O012576,P0013,1,237.97,0
O012576,P0045,2,36.65,0
O012577,P0069,1,25.15,0
O012577,P0006,1,317.9,0
O012578,P0007,2,566.07,0
O012578,P0127,3,69.7,0
O012579,P0040,3,0.0,0
O012580,P0066,3,29.64,0
O012580,P0107,1,42.73,0
O012580,P0142,2,46.23,0
O012580,P0040,1,12.05,0
O012581,P0053,3,79.81,0
O012582,P0090,2,74.94,0
O012583,P0092,2,9.46,20
O012584,P0009,2,879.03,0
O012584,P0141,3,32.3,0
O012584,P0142,1,46.23,0
O012585,P0115,2,65.77,0
O012585,P0037,2,46.51,0
O012585,P0029,1,612.77,0
O012586,P0044,3,96.71,0
O012586,P0017,1,45.26,0
O012587,P0006,1,317.9,0
O012588,P0118,3,60.49,0
O012588,P0053,1,79.81,0
O012589,P0068,1,23.84,0
O012590,P0030,1,111.36,0
O012591,P0092,1,9.46,0
O012591,P0120,1,233.46,0
O012591,P0041,2,240.17,0
O012592,P0090,3,74.94,0
O012592,P0036,1,80.43,0
O012592,P0083,2,45.29,0
O012592,P0039,1,35.85,0
O012593,P0077,1,86.48,0
O012594,P0064,3,101.18,0
O012594,P0104,2,56.02,0
O012594,P0037,1,46.51,0
O012595,P0146,1,36.39,0
O012595,P0117,3,37.62,0
O012595,P0101,1,12.63,0
O012595,P0034,1,12.47,0
O012596,P0104,3,56.02,0
O012596,P0101,2,12.63,0
O012596,P0050,1,23.7,0
O012596,P0061,1,30.11,0
O012597,P0075,1,50.52,0
O012598,P0135,2,61.66,5
O012598,P0148,1,74.21,5
O012598,P0073,2,99.68,5
O012599,P0069,3,25.15,0
O012599,P0043,1,15.93,0
O012599,P0083,2,45.29,0
O012600,P0111,1,68.84,0
O012600,P0119,2,111.41,0
O012601,P0141,1,32.3,0
O012602,P0064,3,101.18,0
O012603,P0067,3,20.79,0
O012604,P0039,1,35.85,0
O012605,P0144,2,10.61,15
O012606,P0078,3,46.55,0
O012606,P0040,1,12.05,0
O012606,P0062,1,109.93,0
O012606,P0067,3,20.79,0
O012607,P0063,1,95.57,0
O012608,P0127,1,69.7,0
O012608,P0031,1,100.42,0
O012609,P0143,2,10.62,0
O012609,P0146,3,36.39,0
O012610,P0055,1,21.55,10
O012610,P0141,1,32.3,10
O012611,P0142,1,46.23,0
O012611,P0133,1,68.25,0
O012612,P0082,1,69.13,0
O012612,P0095,3,45.19,0
O012613,P0051,3,37.8,0
O012614,P0012,1,202.16,0
O012614,P0120,1,233.46,0
O012615,P0125,3,231.1,0
O012616,P0119,1,111.41,0
O012616,P0141,1,32.3,0
O012616,P0032,2,28.68,0
O012617,P0003,1,70.0,0
O012618,P0024,1,70.63,0
O012618,P0047,2,22.6,0
O012618,P0073,1,99.68,0
O012618,P0026,1,143.66,0
O012619,P0126,1,119.65,0
O012620,P0037,3,46.51,0
O012620,P0036,1,80.43,0
O012620,P0101,3,12.63,0
O012621,P0056,1,54.99,0
O012621,P0042,1,94.19,0
O012621,P0073,1,99.68,0
O012622,P0052,3,96.7,0
O012623,P0029,1,612.77,10
O012624,P0065,1,128.91,10
O012624,P0125,2,231.1,10
O012625,P0019,1,225.54,0
O012625,P0056,3,54.99,0
O012625,P0016,1,490.88,0
O012626,P0052,1,96.7,0
O012627,P0039,1,35.85,0
O012627,P0019,2,225.54,0
O012627,P0067,1,20.79,0
O012628,P0110,1,231.1,0
O012629,P0112,2,121.72,0
O012630,P0024,1,70.63,40
O012630,P0036,1,80.43,40
O012630,P0018,2,103.25,40
O012631,P0115,1,65.77,10
O012631,P0065,1,128.91,10
O012631,P0023,1,234.72,10
O012632,P0078,2,46.55,0
O012633,P0054,3,22.5,0
O012633,P0131,1,10.19,0
O012634,P0068,1,23.84,0
O012634,P0139,1,117.86,0
O012634,P0019,2,225.54,0
O012634,P0094,2,42.24,0
O012635,P0009,1,879.03,0
O012635,P0006,3,317.9,0
O012635,P0027,1,261.66,0
O012635,P0115,1,65.77,0
O012636,P0069,3,25.15,0
O012637,P0003,1,70.0,0
O012638,P0087,2,72.97,0
O012639,P0046,1,93.34,0
O012639,P0124,3,16.63,0
O012639,P0015,1,54.36,0
O012639,P0071,1,88.96,0
O012640,P0055,2,21.55,0
O012641,P0050,2,23.7,0
O012641,P0067,2,20.79,0
O012641,P0096,1,62.39,0
O012642,P0090,2,74.94,0
O012643,P0106,1,93.16,0
O012643,P0044,2,96.71,0
O012643,P0084,1,13.25,0
O012644,P0004,1,203.73,0
O012645,P0025,3,63.7,5
O012645,P0048,3,80.09,5
O012646,P0068,1,23.84,0
O012646,P0111,1,68.84,0
O012646,P0145,1,10.1,0
O012646,P0075,1,50.52,0
O012647,P0047,1,22.6,0
O012647,P0022,3,535.5,0
O012648,P0065,1,128.91,40
O012649,P0026,2,143.66,0
O012650,P0063,1,95.57,0
O012651,P0008,2,47.86,0
O012651,P0056,2,54.99,0
O012652,P0081,2,38.74,0
O012652,P0041,1,240.17,0
O012652,P0148,2,74.21,0
O012653,P0014,1,280.69,0
O012653,P0127,1,69.7,0
O012654,P0071,1,88.96,0
O012654,P0049,1,192.27,0
O012654,P0037,2,46.51,0
O012655,P0064,1,101.18,0
O012656,P0004,2,203.73,0
O012657,P0129,3,10.47,0
O012657,P0111,1,68.84,0
O012658,P0039,2,35.85,0
O012659,P0094,1,42.24,0
O012660,P0064,1,101.18,0
O012660,P0022,1,535.5,0
O012660,P0027,1,261.66,0
O012660,P0055,1,21.55,0
O012661,P0055,1,21.55,0
O012662,P0003,3,70.0,0
O012663,P0045,1,36.65,20
O012663,P0069,1,25.15,20
O012663,P0058,2,96.6,20
O012663,P0017,1,45.26,20
O012664,P0050,3,23.7,0
O012665,P0007,3,566.07,10
O012666,P0002,1,428.99,0
O012666,P0033,3,58.2,0
O012666,P0074,2,26.63,0
O012666,P0092,3,9.46,0
O012667,P0024,1,70.63,0
O012668,P0052,3,96.7,0
O012669,P0075,3,50.52,0
O012670,P0147,1,8.3,0
O012671,P0030,1,111.36,0
O012671,P0024,1,70.63,0
O012671,P0019,1,225.54,0
O012671,P0049,2,192.27,0
O012672,P0074,1,26.63,0
O012673,P0037,1,46.51,0
O012674,P0101,1,12.63,20
O012674,P0094,1,42.24,20
O012675,P0031,1,100.42,0
O012675,P0017,1,45.26,0
O012675,P0039,3,35.85,0
O012675,P0117,1,37.62,0
O012676,P0130,1,22.25,0
O012677,P0031,1,100.42,0
O012677,P0049,1,192.27,0
O012678,P0040,2,12.05,0
O012678,P0050,3,23.7,0
O012678,P0022,1,535.5,0
O012679,P0083,1,45.29,0
O012680,P0144,1,10.61,0
O012680,P0043,1,15.93,0
O012680,P0143,3,10.62,0
O012681,P0089,1,75.8,0
O012682,P0130,1,22.25,10
O012683,P0147,1,8.3,0
O012684,P0034,1,12.47,0
O012684,P0036,1,80.43,0
O012685,P0144,3,10.61,0
O012685,P0058,1,96.6,0
O012685,P0045,1,36.65,0
O012686,P0136,3,64.01,0
O012687,P0141,3,32.3,0
O012687,P0148,1,74.21,0
O012688,P0038,2,11.96,0
O012688,P0127,2,69.7,0
O012689,P0046,1,93.34,0
O012689,P0144,2,10.61,0
O012689,P0044,1,96.71,0
O012689,P0128,3,40.97,0
O012690,P0050,1,23.7,0
O012691,P0065,1,128.91,0
O012692,P0126,1,119.65,0
O012693,P0150,1,28.39,0
O012693,P0045,3,36.65,0
O012694,P0040,1,12.05,0
O012695,P0072,1,22.81,0
O012695,P0047,1,22.6,0
O012696,P0134,1,14.57,0
O012697,P0035,2,228.97,0
O012698,P0130,3,22.25,0
O012698,P0014,1,280.69,0
O012699,P0052,1,96.7,0
O012699,P0092,1,9.46,0
O012700,P0139,1,117.86,0
O012700,P0049,1,192.27,0
O012700,P0034,1,12.47,0
O012701,P0135,1,61.66,0
O012701,P0140,1,95.27,0
O012701,P0053,1,79.81,0
O012701,P0061,1,30.11,0
O012702,P0071,2,88.96,10
O012702,P0040,1,12.05,10
O012703,P0048,1,80.09,0
O012704,P0137,1,9.05,0
O012705,P0008,2,47.86,0
O012705,P0139,2,117.86,0
O012705,P0137,1,9.05,0
O012706,P0020,1,48.67,0
O012707,P0050,1,23.7,0
O012708,P0015,1,54.36,0
O012708,P0079,1,21.76,0
O012709,P0096,3,62.39,0
O012709,P0120,2,233.46,0
O012710,P0112,1,121.72,0
O012710,P0054,1,22.5,0
O012711,P0098,2,5.21,0
O012711,P0026,1,143.66,0
O012712,P0018,1,103.25,0
O012713,P0051,2,37.8,0
O012714,P0071,1,88.96,0
O012715,P0054,2,22.5,0
O012715,P0144,1,10.61,0
O012716,P0044,1,96.71,0
O012717,P0021,1,103.85,0
O012717,P0034,1,12.47,0
O012717,P0072,2,22.81,0
O012717,P0031,1,100.42,0
O012718,P0081,1,38.74,0
O012718,P0030,1,111.36,0
O012719,P0126,1,119.65,0
O012720,P0031,1,100.42,0
O012721,P0038,1,11.96,0
O012721,P0069,1,25.15,0
O012721,P0110,1,231.1,0
O012722,P0069,2,25.15,0
O012723,P0083,3,45.29,0
O012723,P0006,3,317.9,0
O012723,P0145,1,10.1,0
O012723,P0044,3,96.71,0
O012724,P0065,1,128.91,0
O012724,P0057,2,62.31,0
O012724,P0054,1,22.5,0
O012724,P0093,2,36.5,0
O012725,P0006,3,317.9,0
O012726,P0105,2,192.4,0
O012726,P0072,1,22.81,0
O012726,P0031,3,100.42,0
O012727,P0065,1,128.91,0
O012728,P0125,1,231.1,0
O012728,P0104,1,56.02,0
O012728,P0057,2,62.31,0
O012729,P0094,1,42.24,0
O012729,P0101,1,12.63,0
O012730,P0076,1,53.1,0
O012731,P0139,1,117.86,0
O012732,P0043,1,15.93,0
O012733,P0129,1,10.47,0
O012733,P0078,1,46.55,0
O012734,P0068,3,23.84,0
O012734,P0118,3,60.49,0
O012734,P0044,1,96.71,0
O012734,P0115,2,65.77,0
O012735,P0149,2,21.0,10
O012735,P0010,1,261.54,10
O012736,P0080,1,52.81,0
O012736,P0028,1,456.12,0
O012736,P0050,1,23.7,0
O012736,P0053,1,79.81,0
O012737,P0003,1,70.0,0
O012738,P0059,3,46.72,40
O012739,P0003,3,70.0,0
O012739,P0096,1,62.39,0
O012740,P0114,3,30.32,0
O012741,P0016,1,490.88,0
O012742,P0086,1,7.88,0
O012742,P0039,2,35.85,0
O012742,P0041,1,240.17,0
O012743,P0094,2,42.24,0
O012743,P0035,1,228.97,0
O012743,P0086,2,7.88,0
O012743,P0045,1,36.65,0
O012744,P0054,3,22.5,0
O012744,P0045,1,36.65,0
O012745,P0053,1,79.81,0
O012745,P0073,1,99.68,0
O012746,P0040,1,12.05,0
O012747,P0020,3,48.67,0
O012748,P0037,2,46.51,20
O012748,P0039,1,35.85,20
O012749,P0044,3,96.71,0
O012749,P0052,2,96.7,0
O012749,P0054,3,22.5,0
O012750,P0088,1,12.2,0
O012750,P0017,1,45.26,0
O012750,P0027,1,261.66,0
O012750,P0018,1,103.25,0
O012751,P0114,1,30.32,0
O012751,P0085,1,72.91,0
O012751,P0105,1,192.4,0
O012752,P0013,1,237.97,0
O012752,P0126,3,119.65,0
O012753,P0118,1,60.49,0
O012753,P0046,3,93.34,0
O012754,P0134,1,14.57,0
O012754,P0103,1,43.56,0
O012755,P0052,3,96.7,0
O012755,P0147,3,8.3,0
O012755,P0070,2,144.85,0
O012755,P0051,1,37.8,0
O012756,P0054,3,22.5,0
O012756,P0094,1,42.24,0
O012757,P0066,1,29.64,0
O012757,P0124,1,16.63,0
O012757,P0039,1,35.85,0
O012758,P0061,3,30.11,0
O012758,P0043,1,15.93,0
O012758,P0064,3,101.18,0
O012759,P0026,1,143.66,0
O012759,P0028,1,456.12,0
O012760,P0089,2,75.8,0
O012760,P0045,2,36.65,0
O012761,P0016,2,490.88,0
O012762,P0125,1,231.1,10
O012762,P0066,1,29.64,10
O012762,P0016,2,490.88,10
O012762,P0105,1,192.4,10
O012763,P0009,2,879.03,0
O012763,P0102,1,6.1,0
O012763,P0068,1,23.84,0
O012763,P0045,1,36.65,0
O012764,P0099,1,42.13,0
O012765,P0001,2,59.15,10
O012766,P0031,1,100.42,0
O012766,P0033,2,58.2,0
O012767,P0059,2,46.72,0
O012767,P0039,1,35.85,0
O012768,P0030,2,111.36,0
O012768,P0036,2,80.43,0
O012769,P0017,1,45.26,0
O012769,P0069,1,25.15,0
O012770,P0012,3,202.16,0
O012771,P0127,1,69.7,0
O012771,P0022,1,535.5,0
O012771,P0041,1,240.17,0
O012772,P0090,1,74.94,0
O012773,P0048,1,80.09,0
O012773,P0026,1,143.66,0
O012774,P0048,1,80.09,0
O012774,P0069,1,25.15,0
O012774,P0026,2,143.66,0
O012775,P0043,1,15.93,0
O012775,P0059,1,46.72,0
O012776,P0011,1,746.1,0
O012776,P0013,1,237.97,0
O012777,P0105,1,192.4,0
O012777,P0007,1,566.07,0
O012778,P0074,1,26.63,0
O012778,P0077,1,86.48,0
O012779,P0037,2,46.51,0
O012779,P0103,1,43.56,0
O012779,P0104,1,56.02,0
O012779,P0060,3,131.68,0
O012780,P0022,1,535.5,10
O012780,P0053,2,79.81,10
O012780,P0072,3,22.81,10
O012781,P0034,1,12.47,0
O012781,P0015,3,54.36,0
O012781,P0069,1,25.15,0
O012781,P0015,1,54.36,0
O012782,P0048,1,80.09,0
O012782,P0062,2,109.93,0
O012782,P0038,1,11.96,0
O012783,P0050,1,23.7,0
O012784,P0024,2,70.63,0
O012784,P0030,1,111.36,0
O012785,P0069,-1,25.15,0
O012786,P0138,3,119.25,0
O012787,P0078,1,46.55,0
O012788,P0009,1,879.03,0
O012789,P0096,1,62.39,0
O012790,P0051,2,37.8,0
O012791,P0014,2,280.69,0
O012791,P0142,1,46.23,0
O012791,P0066,3,29.64,0
O012791,P0007,3,566.07,0
O012792,P0077,2,86.48,0
O012793,P0012,1,202.16,0
O012794,P0012,1,202.16,0
O012795,P0053,3,79.81,0
O012795,P0065,3,128.91,0
O012796,P0037,1,46.51,0
O012797,P0049,1,192.27,40
O012797,P0131,2,10.19,40
O012797,P0072,3,22.81,40
O012798,P0054,2,22.5,0
O012798,P0087,1,72.97,0
O012798,P0052,1,96.7,0
O012799,P0005,3,105.05,0
O012799,P0038,2,11.96,0
O012800,P0100,2,14.85,0
O012800,P0114,1,30.32,0
O012801,P0054,1,22.5,0
O012801,P0016,-1,490.88,0
O012801,P0046,1,93.34,0
O012801,P0120,1,233.46,0
O012802,P0068,3,23.84,0
O012802,P0010,2,261.54,0
O012802,P0101,1,12.63,0
O012803,P0003,1,70.0,10
O012804,P0070,1,144.85,0
O012804,P0024,1,70.63,0
O012805,P0116,3,64.62,5
O012805,P0020,1,48.67,5
O012806,P0057,2,62.31,0
O012807,P0121,1,35.48,0
O012807,P0046,1,93.34,0
O012808,P0018,2,103.25,0
O012808,P0119,3,111.41,0
O012809,P0024,1,70.63,0
O012809,P0011,1,746.1,0
O012809,P0005,1,105.05,0
O012809,P0032,1,28.68,0
O012810,P0023,1,234.72,0
O012810,P0060,2,131.68,0
O012810,P0048,1,80.09,0
O012810,P0001,1,59.15,0
O012811,P0055,1,21.55,0
O012811,P0141,1,32.3,0
O012812,P0077,2,86.48,0
O012813,P0095,3,45.19,0
O012814,P0110,1,231.1,0
O012815,P0060,3,131.68,0
O012816,P0051,1,37.8,0
O012816,P0095,1,45.19,0
O012816,P0064,1,101.18,0
O012817,P0047,3,22.6,0
O012818,P0037,2,46.51,0
O012818,P0078,1,46.55,0
O012819,P0044,1,96.71,5
O012819,P0141,1,32.3,5
O012820,P0025,1,63.7,40
O012821,P0027,1,261.66,0
O012822,P0025,1,63.7,0
O012823,P0049,1,192.27,0
O012824,P0035,3,228.97,15
O012824,P0055,1,21.55,15
O012825,P0051,2,37.8,0
O012826,P0080,3,52.81,0
O012826,P0093,1,36.5,0
O012827,P0105,3,192.4,0
O012828,P0037,1,46.51,0
O012829,P0057,1,62.31,0
O012830,P0069,1,25.15,0
O012830,P0002,3,428.99,0
O012830,P0024,1,70.63,0
O012830,P0011,1,746.1,0
O012831,P0030,1,111.36,0
O012832,P0024,1,70.63,0
O012833,P0006,1,317.9,0
O012833,P0010,1,261.54,0
O012834,P0116,1,64.62,0
O012834,P0050,2,23.7,0
O012834,P0038,2,11.96,0
O012834,P0080,1,52.81,0
O012835,P0074,3,26.63,0
O012835,P0118,2,60.49,0
O012835,P0148,3,74.21,0
O012836,P0023,1,234.72,0
O012836,P0090,2,74.94,0
O012837,P0117,2,37.62,0
O012838,P0053,1,79.81,0
O012839,P0118,1,60.49,0
O012839,P0146,1,36.39,0
O012840,P0078,1,46.55,0
O012840,P0048,1,80.09,0
O012841,P0035,1,228.97,0
O012842,P0093,3,36.5,0
O012842,P0107,1,42.73,0
O012842,P0116,1,64.62,0
O012842,P0052,1,96.7,0
O012843,P0115,2,65.77,0
O012843,P0137,3,9.05,0
O012843,P0051,1,37.8,0
O012844,P0141,2,32.3,0
O012844,P0063,1,95.57,0
O012844,P0139,1,117.86,0
O012844,P0097,1,39.47,0
O012845,P0035,3,228.97,0
O012846,P0132,3,9.56,0
O012846,P0067,1,20.79,0
O012846,P0134,3,14.57,0
O012846,P0046,1,93.34,0
O012847,P0142,1,46.23,20
O012847,P0042,3,94.19,20
O012848,P0045,2,36.65,10
O012848,P0037,1,46.51,10
O012849,P0046,1,93.34,10
O012849,P0100,1,14.85,10
O012850,P0062,1,109.93,10
O012850,P0096,1,62.39,10
O012850,P0126,2,119.65,10
O012851,P0134,1,14.57,0
O012852,P0030,3,111.36,0
O012852,P0148,1,74.21,0
O012852,P0033,1,58.2,0
O012852,P0018,1,103.25,0
O012853,P0003,1,70.0,0
O012853,P0026,1,143.66,0
O012853,P0020,2,48.67,0
O012854,P0115,1,65.77,0
O012854,P0060,1,131.68,0
O012855,P0066,1,29.64,0
O012855,P0099,1,42.13,0
O012856,P0112,1,121.72,0
O012857,P0040,1,12.05,10
O012857,P0023,1,234.72,10
O012858,P0047,3,22.6,0
O012859,P0049,1,192.27,0
O012859,P0122,1,44.07,0
O012860,P0116,1,64.62,0
O012861,P0106,2,93.16,0
O012861,P0120,3,233.46,0
O012861,P0065,1,128.91,0
O012862,P0057,1,62.31,0
O012862,P0118,1,60.49,0
O012862,P0150,3,28.39,0
O012862,P0042,2,94.19,0
O012863,P0035,1,228.97,0
O012863,P0046,1,93.34,0
O012864,P0070,1,144.85,20
O012865,P0047,1,22.6,20
O012866,P0061,1,30.11,0
O012867,P0128,1,40.97,0
O012867,P0130,1,22.25,0
O012867,P0046,1,93.34,0
O012867,P0063,1,95.57,0
O012868,P0048,2,80.09,0
O012869,P0090,3,74.94,0
O012870,P0102,2,6.1,0
O012871,P0135,1,61.66,0
O012872,P0038,3,11.96,0
O012873,P0132,1,9.56,10
O012873,P0146,1,36.39,10
O012873,P0118,2,60.49,10
O012873,P0070,3,144.85,10
O012874,P0129,1,10.47,0
O012874,P0113,1,52.25,0
O012875,P0133,1,68.25,0
O012876,P0122,1,44.07,0
O012876,P0106,3,93.16,0
O012876,P0070,1,144.85,0
O012877,P0145,1,10.1,10
O012878,P0042,1,94.19,0
O012878,P0075,3,50.52,0
O012878,P0009,3,879.03,0
O012879,P0105,3,192.4,0
O012879,P0107,2,42.73,0
O012880,P0129,2,10.47,0
O012881,P0143,1,10.62,0
O012881,P0146,1,36.39,0
O012882,P0055,1,21.55,0
O012883,P0065,1,128.91,0
O012884,P0034,1,12.47,0
O012885,P0038,1,11.96,0
O012886,P0030,1,111.36,0
O012886,P0032,1,28.68,0
O012887,P0065,1,128.91,0
O012888,P0078,1,46.55,0
O012889,P0101,3,12.63,0
O012889,P0075,3,50.52,0
O012889,P0078,1,46.55,0
O012890,P0035,2,228.97,0
O012890,P0055,1,21.55,0
O012890,P0081,1,38.74,0
O012891,P0126,1,119.65,0
O012892,P0029,2,612.77,0
O012893,P0021,1,103.85,0
O012893,P0094,1,42.24,0
O012893,P0024,2,70.63,0
O012894,P0038,1,11.96,0
O012894,P0149,1,21.0,0
O012894,P0057,3,62.31,0
O012895,P0028,3,456.12,0
O012895,P0006,1,317.9,0
O012896,P0063,3,95.57,0
O012897,P0072,2,22.81,0
O012898,P0101,1,12.63,0
O012899,P0086,3,7.88,0
O012899,P0013,1,237.97,0
O012900,P0113,1,52.25,0
O012901,P0005,1,105.05,0
O012901,P0002,2,428.99,0
O012901,P0078,1,46.55,0
O012902,P0020,0,48.67,0
O012902,P0048,1,80.09,0
O012903,P0059,1,46.72,0
O012903,P0146,1,36.39,0
O012903,P0074,2,26.63,0
O012903,P0077,1,86.48,0
O012904,P0143,3,10.62,0
O012904,P0056,1,54.99,0
O012905,P0148,3,74.21,0
O012906,P0046,1,93.34,0
O012906,P0147,2,8.3,0
O012907,P0139,2,117.86,0
O012908,P0031,2,100.42,0
O012908,P0048,1,80.09,0
O012908,P0091,1,55.44,0
O012909,P0048,3,80.09,0
O012910,P0150,1,28.39,0
O012910,P0029,1,612.77,0
O012910,P0073,1,99.68,0
O012910,P0034,1,12.47,0
O012911,P0141,3,32.3,0
O012912,P0078,3,46.55,0
O012912,P0054,1,22.5,0
O012912,P0032,1,28.68,0
O012913,P0021,3,103.85,0
O012914,P0036,3,80.43,0
O012915,P0127,2,69.7,10
O012916,P0100,3,14.85,0
O012917,P0074,1,26.63,0
O012918,P0133,2,68.25,5
O012919,P0150,2,28.39,0
O012920,P0134,2,14.57,0
O012920,P0043,1,15.93,0
O012921,P0089,1,75.8,10
O012921,P0046,3,93.34,10
O012921,P0063,2,95.57,10
O012922,P0012,1,202.16,0
O012922,P0141,1,32.3,0
O012922,P0032,3,28.68,0
O012922,P0030,3,111.36,0
O012923,P0065,3,128.91,0
O012923,P0063,3,95.57,0
O012924,P0139,3,117.86,0
O012924,P0135,2,61.66,0
O012925,P0036,2,80.43,0
O012926,P0075,1,50.52,0
O012926,P0134,1,14.57,0
O012927,P0074,3,26.63,0
O012927,P0071,2,88.96,0
O012928,P0133,1,68.25,0
O012928,P0106,3,93.16,0
O012929,P0069,3,25.15,0
O012929,P0120,1,233.46,0
O012929,P0089,2,75.8,0
O012930,P0125,1,231.1,0
O012930,P0006,3,317.9,0
O012931,P0027,1,261.66,0
O012931,P0018,1,103.25,0
O012932,P0137,1,9.05,0
O012933,P0005,1,105.05,0
O012934,P0027,3,261.66,0
O012934,P0047,2,22.6,0
O012934,P0087,1,72.97,0
O012934,P0012,1,202.16,0
O012935,P0022,1,535.5,0
O012936,P0050,1,23.7,0
O012937,P0046,1,93.34,0
O012938,P0002,3,428.99,0
O012939,P0054,1,22.5,0
O012940,P0062,3,109.93,0
O012940,P0111,1,68.84,0
O012941,P0128,1,40.97,0
O012941,P0029,1,612.77,0
O012942,P0023,3,234.72,0
O012942,P0008,1,47.86,0
O012943,P0039,1,35.85,0
O012944,P0045,2,36.65,0
O012944,P0041,1,240.17,0
O012944,P0035,1,228.97,0
O012945,P0030,1,111.36,0
O012945,P0130,1,22.25,0
O012946,P0078,2,46.55,0
O012947,P0055,2,21.55,0
O012947,P0032,3,28.68,0
O012948,P0075,2,50.52,0
O012949,P0027,1,261.66,0
O012949,P0004,1,203.73,0
O012950,P0092,2,9.46,0
O012950,P0037,1,46.51,0
O012951,P0072,1,22.81,0
O012952,P0127,2,69.7,0
O012952,P0123,2,13.17,0
O012953,P0062,1,109.93,0
O012953,P0023,3,234.72,0
O012954,P0111,3,68.84,0
O012954,P0041,2,240.17,0
O012955,P0118,1,60.49,0
O012955,P0010,1,261.54,0
O012956,P0066,1,29.64,0
O012956,P0031,2,100.42,0
O012956,P0049,1,192.27,0
O012957,P0123,1,13.17,40
O012957,P0009,1,879.03,40
O012958,P0074,3,26.63,0
O012958,P0124,1,16.63,0
O012958,P0033,2,58.2,0
O012959,P0092,3,9.46,0
O012959,P0025,3,63.7,0
O012959,P0075,1,50.52,0
O012960,P0078,3,46.55,0
O012960,P0097,3,39.47,0
O012960,P0055,1,21.55,0
O012960,P0042,1,94.19,0
O012961,P0069,3,25.15,0
O012962,P0009,1,879.03,0
O012962,P0114,0,30.32,0
O012962,P0129,2,10.47,0
O012963,P0136,1,64.01,0
O012964,P0038,3,11.96,15
O012965,P0032,1,28.68,0
O012966,P0106,1,93.16,0
O012967,P0131,2,10.19,0
O012967,P0126,3,119.65,0
O012968,P0042,3,94.19,0
O012968,P0053,3,79.81,0
O012969,P0055,1,21.55,0
O012969,P0132,1,9.56,0
O012969,P0143,2,10.62,0
O012969,P0139,3,117.86,0
O012970,P0136,2,64.01,0
O012970,P0138,1,119.25,0
O012971,P0141,1,32.3,0
O012972,P0137,1,9.05,0
O012973,P0046,1,93.34,0
O012974,P0065,1,128.91,0
O012974,P0134,2,14.57,0
O012975,P0062,3,109.93,0
O012976,P0014,1,280.69,0
O012977,P0111,1,68.84,0
O012977,P0075,2,50.52,0
O012977,P0034,1,12.47,0
O012977,P0002,1,428.99,0
O012978,P0035,1,228.97,0
O012978,P0076,2,53.1,0
O012978,P0013,1,237.97,0
O012978,P0019,1,225.54,0
O012979,P0122,1,44.07,0
O012979,P0065,1,128.91,0
O012980,P0064,1,101.18,5
O012980,P0047,1,22.6,5
O012980,P0110,1,231.1,5
O012980,P0022,1,535.5,5
O012981,P0050,1,23.7,0
O012981,P0052,1,96.7,0
O012981,P0011,2,746.1,0
O012981,P0025,3,63.7,0
O012982,P0021,3,103.85,0
O012983,P0016,1,490.88,0
O012983,P0014,1,280.69,0
O012984,P0056,2,54.99,0
O012984,P0027,1,261.66,0
O012985,P0126,2,119.65,0
O012985,P0063,2,95.57,0
O012985,P0009,2,879.03,0
O012986,P0066,2,29.64,0
O012986,P0019,1,225.54,0
O012986,P0055,1,0.0,0
O012987,P0028,3,456.12,0
O012988,P0022,1,535.5,0
O012989,P0114,3,30.32,0
O012989,P0093,1,36.5,0
O012989,P0146,1,36.39,0
O012990,P0054,1,22.5,0
O012991,P0023,1,234.72,0
O012991,P0050,1,23.7,0
O012992,P0068,1,23.84,0
O012992,P0056,3,54.99,0
O012992,P0006,1,317.9,0
O012993,P0115,1,65.77,0
O012993,P0140,1,95.27,0
O012993,P0138,1,119.25,0
O012994,P0033,1,58.2,15
O012994,P0049,1,192.27,15
O012995,P0072,1,22.81,0
O012996,P0145,1,10.1,0
O012996,P0144,2,10.61,0
O012997,P0014,1,280.69,0
O012998,P0129,3,10.47,40
O012999,P0072,1,22.81,0
O013000,P0129,1,10.47,0
O013000,P0142,3,46.23,0
O013001,P0121,2,35.48,0
O013001,P0132,1,9.56,0
O013001,P0027,1,261.66,0
O013002,P0075,3,50.52,0
O013003,P0021,2,103.85,15
O013004,P0118,1,60.49,0
O013005,P0034,2,12.47,0
O013006,P0055,1,21.55,0
O013006,P0019,1,225.54,0
O013007,P0070,2,144.85,0
O013008,P0122,1,44.07,0
O013008,P0065,3,128.91,0
O013008,P0042,1,94.19,0
O013008,P0058,1,96.6,0
O013009,P0078,1,46.55,0
O013009,P0148,1,74.21,0
O013010,P0023,2,234.72,0
O013010,P0029,2,612.77,0
O013011,P0049,2,192.27,0
O013011,P0034,3,12.47,0
O013012,P0026,1,143.66,0
O013013,P0082,3,69.13,0
O013013,P0087,1,72.97,0
O013014,P0118,1,60.49,0
O013014,P0064,1,101.18,0
O013015,P0104,1,56.02,0
O013016,P0045,3,36.65,0
O013016,P0041,2,240.17,0
O013017,P0103,2,43.56,0
O013018,P0070,3,144.85,0
O013019,P0044,1,96.71,0
O013020,P0042,1,94.19,0
O013021,P0016,1,490.88,0
O013021,P0065,1,128.91,0
O013021,P0120,1,233.46,0
O013022,P0119,1,111.41,0
O013023,P0079,3,21.76,0
O013023,P0025,1,63.7,0
O013024,P0125,1,231.1,0
O013024,P0057,1,62.31,0
O013024,P0063,1,95.57,0
O013024,P0025,1,63.7,0
O013025,P0135,1,61.66,0
O013025,P0060,1,131.68,0
O013026,P0068,1,23.84,0
O013027,P0047,1,22.6,0
O013027,P0016,3,490.88,0
O013028,P0007,3,566.07,0
O013028,P0117,2,37.62,0
O013029,P0001,1,59.15,10
O013030,P0093,2,36.5,0
O013030,P0045,1,36.65,0
O013031,P0071,1,88.96,0
O013031,P0059,3,46.72,0
O013032,P0004,1,0.0,0
O013033,P0039,1,35.85,40
O013034,P0020,3,48.67,0
O013035,P0098,1,5.21,0
O013035,P0007,3,566.07,0
O013036,P0001,1,59.15,0
O013037,P0089,1,75.8,0
O013038,P0062,2,109.93,0
O013039,P0119,3,111.41,0
O013040,P0063,2,95.57,0
O013040,P0112,1,121.72,0
O013041,P0051,1,37.8,0
O013042,P0065,1,128.91,0
O013043,P0066,1,29.64,0
O013044,P0021,1,103.85,0
O013045,P0131,1,10.19,5
O013046,P0141,1,32.3,0
O013046,P0096,1,62.39,0
O013046,P0034,1,12.47,0
O013047,P0139,1,117.86,0
O013048,P0140,3,95.27,0
O013048,P0049,2,192.27,0
O013049,P0048,2,80.09,10
O013049,P0037,1,46.51,10
O013050,P0123,1,13.17,0
O013050,P0046,1,93.34,0
O013050,P0070,1,144.85,0
O013051,P0057,3,62.31,0
O013051,P0039,2,35.85,0
O013052,P0011,1,746.1,0
O013052,P0002,2,428.99,0
O013052,P0130,2,22.25,0
O013053,P0071,3,88.96,40
O013053,P0005,2,105.05,40
O013054,P0064,1,101.18,0
O013054,P0053,1,79.81,0
O013054,P0104,3,56.02,0
O013055,P0076,1,53.1,0
O013055,P0013,1,237.97,0
O013056,P0016,3,490.88,0
O013056,P0043,1,15.93,0
O013057,P0056,1,54.99,0
O013058,P0091,1,55.44,0
O013059,P0077,1,86.48,0
O013060,P0025,1,63.7,20
O013060,P0029,1,612.77,20
O013061,P0110,3,231.1,0
O013062,P0050,3,23.7,0
O013062,P0115,3,65.77,0
O013062,P0087,1,72.97,0
O013063,P0107,2,42.73,0
O013063,P0052,1,96.7,0
O013063,P0026,3,143.66,0
O013063,P0047,1,22.6,0
O013064,P0098,3,5.21,0
O013064,P0117,1,37.62,0
O013064,P0077,2,86.48,0
O013064,P0072,2,22.81,0
O013065,P0041,1,240.17,40
O013065,P0106,1,93.16,40
O013066,P0145,3,10.1,0
O013066,P0026,3,143.66,0
O013066,P0088,1,12.2,0
O013067,P0068,1,23.84,20
O013067,P0064,3,101.18,20
O013068,P0005,3,105.05,0
O013069,P0144,1,10.61,0
O013070,P0076,1,53.1,0
O013070,P0067,1,20.79,0
O013071,P0078,1,46.55,0
O013071,P0035,1,228.97,0
O013071,P0036,1,80.43,0
O013071,P0031,1,100.42,0
O013072,P0048,1,80.09,10
O013072,P0104,2,56.02,10
O013073,P0023,1,234.72,0
O013074,P0070,1,144.85,0
O013075,P0066,3,29.64,0
O013076,P0006,1,317.9,0
O013077,P0107,1,42.73,0
O013077,P0112,2,121.72,0
O013077,P0113,1,52.25,0
O013078,P0021,1,103.85,0
O013078,P0032,1,28.68,0
O013078,P0124,3,16.63,0
O013078,P0084,2,13.25,0
O013079,P0135,1,61.66,0
O013079,P0040,1,12.05,0
O013080,P0005,1,105.05,0
O013081,P0139,3,117.86,0
O013081,P0030,3,111.36,0
O013081,P0124,2,16.63,0
O013081,P0005,1,105.05,0
O013082,P0004,1,203.73,0
O013083,P0044,3,96.71,0
O013083,P0016,3,490.88,0
O013083,P0024,1,70.63,0
O013084,P0021,1,103.85,0
O013085,P0026,3,143.66,0
O013086,P0036,3,80.43,0
O013087,P0024,3,70.63,10
O013087,P0067,1,20.79,10
O013087,P0051,2,37.8,10
O013088,P0086,2,7.88,0
O013088,P0088,1,12.2,0
O013089,P0012,-1,202.16,0
O013089,P0064,1,101.18,0
O013090,P0003,1,70.0,0
O013090,P0026,1,143.66,0
O013090,P0104,3,56.02,0
O013091,P0029,1,612.77,0
O013091,P0123,1,13.17,0
O013092,P0128,1,40.97,10
O013093,P0057,3,62.31,0
O013094,P0126,1,119.65,0
O013095,P0104,2,56.02,40
O013096,P0033,1,58.2,0
O013097,P0051,2,37.8,0
O013098,P0147,1,8.3,0
O013099,P0130,3,22.25,0
O013100,P0068,2,23.84,0
O013100,P0048,1,80.09,0
O013100,P0033,1,58.2,0
O013100,P0094,1,42.24,0
O013101,P0055,1,21.55,0
O013101,P0060,1,131.68,0
O013101,P0141,1,32.3,0
O013101,P0031,1,100.42,0
O013102,P0100,1,14.85,0
O013102,P0134,3,14.57,0
O013103,P0143,2,10.62,0
O013103,P0067,2,20.79,0
O013103,P0122,2,44.07,0
O013103,P0079,1,21.76,0
O013104,P0148,3,74.21,0
O013104,P0083,1,45.29,0
O013105,P0075,1,50.52,0
O013105,P0065,1,128.91,0
O013106,P0026,1,143.66,0
O013107,P0047,1,22.6,0
O013107,P0072,1,22.81,0
O013107,P0110,1,231.1,0
O013107,P0066,1,29.64,0
O013108,P0023,3,234.72,10
O013108,P0116,1,64.62,10
O013108,P0057,2,62.31,10
O013108,P0120,1,233.46,10
O013109,P0062,1,109.93,0
O013109,P0039,1,35.85,0
O013109,P0061,1,30.11,0
O013110,P0066,1,29.64,0
O013110,P0011,3,746.1,0
O013110,P0107,1,42.73,0
O013111,P0106,1,93.16,0
O013111,P0094,1,42.24,0
O013112,P0066,3,29.64,0
O013113,P0045,3,36.65,0
O013113,P0062,1,109.93,0
O013113,P0126,1,119.65,0
O013114,P0115,3,65.77,0
O013115,P0004,2,203.73,0
O013115,P0121,3,35.48,0
O013116,P0076,1,53.1,0
O013117,P0027,1,261.66,10
O013117,P0074,3,26.63,10
O013118,P0033,1,58.2,0
O013119,P0106,2,93.16,0
O013120,P0067,1,20.79,0
O013121,P0005,1,105.05,0
O013121,P0022,2,535.5,0
O013122,P0051,2,37.8,0
O013122,P0124,3,16.63,0
O013122,P0142,1,46.23,0
O013122,P0114,2,30.32,0
O013123,P0039,1,35.85,0
O013124,P0064,3,101.18,0
O013124,P0113,1,52.25,0
O013125,P0042,1,94.19,0
O013125,P0068,1,23.84,0
O013125,P0101,1,12.63,0
O013125,P0116,1,64.62,0
O013126,P0040,1,12.05,0
O013127,P0073,1,99.68,0
O013128,P0008,2,47.86,0
O013128,P0061,1,30.11,0
O013128,P0003,1,70.0,0
O013129,P0023,1,234.72,0
O013130,P0039,1,35.85,0
O013130,P0015,3,54.36,0
O013131,P0045,1,36.65,0
O013131,P0002,1,428.99,0
O013132,P0026,1,143.66,0
O013132,P0003,1,70.0,0
O013132,P0128,3,40.97,0
O013132,P0059,2,46.72,0
O013133,P0072,1,22.81,0
O013133,P0128,3,40.97,0
O013133,P0081,1,38.74,0
O013133,P0080,3,52.81,0
O013134,P0035,1,228.97,0
O013134,P0112,1,121.72,0
O013135,P0051,1,37.8,0
O013136,P0060,3,131.68,0
O013136,P0043,1,15.93,0
O013136,P0005,3,105.05,0
O013137,P0031,2,100.42,0
O013138,P0016,0,490.88,0
O013139,P0147,3,8.3,0
O013139,P0047,1,22.6,0
O013140,P0008,1,47.86,0
O013140,P0018,1,103.25,0
O013141,P0074,1,26.63,0
O013142,P0143,2,10.62,0
O013143,P0024,1,70.63,0
O013144,P0135,1,61.66,0
O013144,P0139,1,117.86,0
O013144,P0062,2,109.93,0
O013144,P0142,3,46.23,0
O013145,P0050,1,23.7,10
O013145,P0058,1,96.6,10
O013146,P0082,1,0.0,0
O013147,P0018,1,103.25,0
O013147,P0112,3,121.72,0
O013148,P0065,1,128.91,0
O013148,P0004,3,203.73,0
O013148,P0109,2,191.49,0
O013149,P0148,1,74.21,0
O013150,P0063,3,95.57,0
O013151,P0108,1,153.58,10
O013152,P0047,1,22.6,0
O013153,P0141,2,32.3,0
O013153,P0135,1,61.66,0
O013153,P0066,3,29.64,0
O013154,P0052,1,96.7,0
O013154,P0058,2,96.6,0
O013155,P0088,1,12.2,0
O013156,P0014,1,280.69,0
O013157,P0032,1,28.68,0
O013158,P0001,2,59.15,0
O013158,P0128,3,40.97,0
O013159,P0059,2,46.72,0
O013160,P0041,2,240.17,0
O013160,P0043,2,15.93,0
O013160,P0011,1,746.1,0
O013161,P0148,3,74.21,0
O013161,P0048,1,80.09,0
O013162,P0093,2,36.5,0
O013162,P0077,1,86.48,0
O013162,P0131,1,10.19,0
O013163,P0025,1,63.7,0
O013163,P0049,3,192.27,0
O013163,P0006,1,317.9,0
O013163,P0056,1,54.99,0
O013164,P0144,1,10.61,5
O013164,P0073,1,99.68,5
O013165,P0139,1,117.86,0
O013166,P0144,1,10.61,0
O013167,P0149,2,21.0,0
O013168,P0077,3,86.48,0
O013168,P0089,2,75.8,0
O013169,P0084,1,13.25,0
O013170,P0051,1,37.8,0
O013171,P0019,2,225.54,0
O013171,P0031,2,100.42,0
O013171,P0140,1,95.27,0
O013171,P0120,3,233.46,0
O013172,P0037,1,46.51,10
O013173,P0077,1,86.48,10
O013173,P0129,1,10.47,10
O013173,P0060,1,131.68,10
O013174,P0091,3,55.44,0
O013175,P0012,1,202.16,0
O013175,P0057,2,62.31,0
O013176,P0037,1,46.51,0
O013177,P0046,2,93.34,40
O013178,P0005,2,105.05,0
O013179,P0114,1,30.32,0
O013180,P0083,2,45.29,0
O013180,P0029,1,612.77,0
O013180,P0028,1,456.12,0
O013181,P0010,2,261.54,0
O013181,P0023,1,234.72,0
O013182,P0046,1,93.34,0
O013182,P0009,1,879.03,0
O013182,P0132,-1,9.56,0
O013183,P0065,3,128.91,0
O013184,P0037,1,46.51,0
O013184,P0134,2,14.57,0
O013185,P0141,1,32.3,0
O013185,P0149,3,21.0,0
O013186,P0064,1,101.18,0
O013187,P0050,1,23.7,0
O013187,P0067,1,20.79,0
O013187,P0134,2,14.57,0
O013187,P0032,2,28.68,0
O013188,P0037,3,46.51,0
O013188,P0079,1,21.76,0
O013188,P0097,1,39.47,0
O013188,P0091,1,55.44,0
O013189,P0035,1,228.97,0
O013189,P0092,1,9.46,0
O013190,P0040,1,12.05,10
O013190,P0140,1,95.27,10
O013190,P0072,3,22.81,10
O013190,P0061,3,30.11,10
O013191,P0120,1,233.46,0
O013192,P0071,1,88.96,0
O013193,P0142,1,46.23,0
O013193,P0104,3,56.02,0
O013194,P0113,3,52.25,0
O013195,P0114,3,30.32,0
O013195,P0061,2,30.11,0
O013195,P0007,1,566.07,0
O013195,P0013,2,237.97,0
O013196,P0001,1,59.15,20
O013196,P0145,1,10.1,20
O013197,P0046,2,93.34,0
O013197,P0092,1,9.46,0
O013198,P0017,1,45.26,0
O013198,P0033,2,58.2,0
O013198,P0071,2,88.96,0
O013198,P0069,3,25.15,0
O013199,P0142,1,46.23,0
O013200,P0063,2,95.57,0
O013201,P0063,1,95.57,0
O013201,P0026,2,143.66,0
O013202,P0100,1,14.85,0
O013203,P0029,1,612.77,0
O013203,P0136,1,64.01,0
O013204,P0139,3,117.86,0
O013204,P0095,1,45.19,0
O013204,P0091,2,55.44,0
O013204,P0080,1,52.81,0
O013205,P0094,1,42.24,0
O013205,P0044,1,96.71,0
O013206,P0126,3,119.65,0
O013207,P0142,3,46.23,0
O013207,P0135,1,61.66,0
O013208,P0150,1,28.39,0
O013209,P0150,1,28.39,0
O013209,P0031,3,100.42,0
O013210,P0068,2,23.84,0
O013211,P0140,1,95.27,0
O013212,P0084,1,13.25,0
O013212,P0138,1,119.25,0
O013213,P0036,1,80.43,0
O013213,P0095,1,45.19,0
O013214,P0036,1,80.43,0
O013215,P0031,3,100.42,0
O013216,P0148,1,74.21,0
O013217,P0002,1,428.99,20
O013218,P0009,3,879.03,0
O013218,P0080,1,52.81,0
O013219,P0078,1,46.55,0
O013219,P0009,2,879.03,0
O013219,P0096,3,62.39,0
O013220,P0020,1,48.67,0
O013220,P0012,1,202.16,0
O013220,P0009,1,879.03,0
O013221,P0030,1,111.36,0
O013221,P0066,1,29.64,0
O013221,P0066,1,29.64,0
O013221,P0106,3,93.16,0
O013222,P0076,1,53.1,20
O013223,P0124,1,16.63,0
O013223,P0073,1,99.68,0
O013223,P0024,1,70.63,0
O013224,P0015,1,54.36,20
O013225,P0019,1,225.54,0
O013226,P0047,1,22.6,0
O013226,P0047,1,22.6,0
O013227,P0017,3,45.26,10
O013227,P0093,1,36.5,10
O013228,P0029,2,612.77,0
O013228,P0112,3,121.72,0
O013229,P0003,3,70.0,0
O013230,P0116,1,64.62,0
O013231,P0060,1,131.68,0
O013231,P0004,1,203.73,0
O013231,P0025,2,63.7,0
O013231,P0141,3,32.3,0
O013232,P0004,1,203.73,0
O013232,P0048,3,80.09,0
O013233,P0099,1,42.13,0
O013233,P0127,1,69.7,0
O013233,P0147,3,8.3,0
O013233,P0034,1,12.47,0
O013234,P0079,1,21.76,0
O013234,P0015,3,54.36,0
O013234,P0071,1,88.96,0
O013235,P0009,1,879.03,0
O013235,P0038,1,11.96,0
O013235,P0022,1,535.5,0
O013235,P0015,1,54.36,0
O013236,P0087,3,72.97,0
O013236,P0066,2,29.64,0
O013236,P0005,3,105.05,0
O013237,P0053,1,79.81,0
O013238,P0010,1,261.54,0
O013238,P0015,3,54.36,0
O013238,P0138,3,119.25,0
O013239,P0035,1,228.97,0
O013240,P0080,3,52.81,0
O013240,P0058,2,96.6,0
O013241,P0128,1,40.97,0
O013241,P0049,3,192.27,0
O013241,P0035,1,228.97,0
O013241,P0047,3,22.6,0
O013242,P0008,-1,47.86,5
O013242,P0021,1,103.85,5
O013243,P0013,1,237.97,10
O013243,P0072,1,22.81,10
O013243,P0031,2,100.42,10
O013243,P0066,1,29.64,10
O013244,P0046,3,93.34,0
O013244,P0041,2,240.17,0
O013244,P0121,2,35.48,0
O013245,P0061,1,30.11,0
O013246,P0148,1,74.21,0
O013247,P0013,1,237.97,0
O013247,P0096,1,62.39,0
O013247,P0086,2,7.88,0
O013247,P0123,1,13.17,0
O013248,P0015,1,54.36,0
O013249,P0118,1,60.49,0
O013249,P0043,1,15.93,0
O013250,P0020,1,48.67,0
O013250,P0043,3,15.93,0
O013250,P0059,3,46.72,0
O013251,P0135,2,61.66,0
O013251,P0096,3,62.39,0
O013251,P0078,1,46.55,0
O013251,P0002,2,428.99,0
O013252,P0069,2,25.15,0
O013252,P0053,2,79.81,0
O013252,P0117,3,37.62,0
O013252,P0066,3,29.64,0
O013253,P0091,1,55.44,10
O013253,P0104,1,56.02,10
O013253,P0021,1,103.85,10
O013254,P0027,1,261.66,0
O013255,P0117,2,37.62,0
O013255,P0026,2,143.66,0
O013256,P0110,2,231.1,0
O013256,P0110,2,231.1,0
O013256,P0070,1,144.85,0
O013257,P0125,1,231.1,0
O013258,P0112,2,121.72,0
O013259,P0050,1,23.7,0
O013259,P0050,1,23.7,0
O013259,P0047,1,22.6,0
O013260,P0040,1,12.05,0
O013260,P0043,3,15.93,0
O013260,P0032,1,28.68,0
O013260,P0046,1,93.34,0
O013261,P0038,2,11.96,0
O013262,P0035,1,228.97,10
O013262,P0044,1,96.71,10
O013263,P0068,1,23.84,10
O013264,P0063,1,95.57,20
O013264,P0056,1,54.99,20
O013265,P0018,3,103.25,0
O013265,P0103,1,43.56,0
O013266,P0056,1,54.99,0
O013266,P0084,1,13.25,0
O013266,P0034,1,12.47,0
O013267,P0053,3,79.81,0
O013267,P0048,1,80.09,0
O013267,P0035,1,228.97,0
O013267,P0080,1,52.81,0
O013268,P0041,1,240.17,0
O013268,P0145,1,10.1,0
O013268,P0033,2,58.2,0
O013268,P0034,1,12.47,0
O013269,P0053,2,79.81,0
O013270,P0026,1,143.66,0
O013270,P0049,1,192.27,0
O013271,P0003,1,70.0,0
O013272,P0023,3,234.72,0
O013272,P0129,2,10.47,0
O013272,P0017,1,45.26,0
O013273,P0076,3,53.1,0
O013273,P0144,1,10.61,0
O013273,P0061,1,30.11,0
O013274,P0076,1,53.1,0
O013274,P0005,2,105.05,0
O013275,P0029,1,612.77,0
O013275,P0016,1,490.88,0
O013275,P0057,1,62.31,0
O013275,P0028,2,456.12,0
O013276,P0137,2,9.05,0
O013276,P0058,2,96.6,0
O013277,P0030,1,111.36,0
O013277,P0069,2,25.15,0
O013278,P0019,2,225.54,10
O013279,P0145,3,10.1,0
O013279,P0004,3,203.73,0
O013280,P0037,1,46.51,0
O013281,P0025,1,63.7,0
O013282,P0027,1,261.66,0
O013282,P0093,3,36.5,0
O013282,P0024,1,70.63,0
O013282,P0038,1,11.96,0
O013283,P0126,1,119.65,0
O013284,P0132,3,9.56,0
O013284,P0104,1,56.02,0
O013284,P0099,1,42.13,0
O013285,P0062,1,109.93,0
O013285,P0106,1,93.16,0
O013285,P0116,1,64.62,0
O013286,P0132,1,9.56,0
O013287,P0097,3,39.47,0
O013287,P0029,3,612.77,0
O013287,P0005,1,105.05,0
O013287,P0059,1,46.72,0
O013288,P0070,1,144.85,0
O013289,P0058,1,96.6,0
O013289,P0032,1,28.68,0
O013289,P0123,1,13.17,0
O013289,P0064,1,101.18,0
O013290,P0078,1,46.55,0
O013291,P0033,2,58.2,0
O013291,P0082,1,69.13,0
O013292,P0064,1,101.18,0
O013292,P0108,1,153.58,0
O013293,P0144,3,10.61,0
O013293,P0018,1,103.25,0
O013293,P0009,3,879.03,0
O013293,P0006,1,317.9,0
O013294,P0022,1,535.5,0
O013294,P0066,1,29.64,0
O013294,P0057,1,62.31,0
O013295,P0142,1,46.23,0
O013296,P0078,1,46.55,0
O013296,P0025,1,63.7,0
O013296,P0016,1,490.88,0
O013296,P0122,1,44.07,0
O013297,P0012,3,202.16,0
O013297,P0065,3,128.91,0
O013297,P0049,3,192.27,0
O013298,P0014,1,280.69,0
O013298,P0034,2,12.47,0
O013298,P0142,1,46.23,0
O013298,P0058,1,96.6,0
O013299,P0101,1,12.63,0
O013299,P0011,2,746.1,0
O013299,P0026,1,143.66,0
O013299,P0107,1,42.73,0
O013300,P0034,1,12.47,0
O013300,P0007,1,566.07,0
O013300,P0001,1,59.15,0
O013300,P0109,1,191.49,0
O013301,P0006,1,317.9,0
O013302,P0068,1,23.84,0
O013302,P0024,1,70.63,0
O013303,P0111,1,68.84,10
O013303,P0086,1,7.88,10
O013303,P0024,1,70.63,10
O013303,P0102,2,6.1,10
O013304,P0083,1,45.29,0
O013304,P0030,3,111.36,0
O013305,P0118,1,60.49,0
O013305,P0111,2,68.84,0
O013306,P0060,1,131.68,0
O013307,P0036,2,80.43,0
O013307,P0061,3,30.11,0
O013307,P0043,1,15.93,0
O013308,P0011,1,746.1,0
O013309,P0083,3,45.29,0
O013309,P0123,3,13.17,0
O013309,P0009,1,879.03,0
O013310,P0022,1,535.5,0
O013310,P0022,1,535.5,0
O013310,P0035,1,228.97,0
O013311,P0140,1,95.27,0
O013312,P0118,2,60.49,0
O013312,P0009,2,879.03,0
O013312,P0084,1,13.25,0
O013312,P0066,1,29.64,0
O013313,P0095,1,45.19,0
O013314,P0140,1,95.27,0
O013314,P0068,1,23.84,0
O013315,P0040,1,12.05,0
O013315,P0028,1,456.12,0
O013315,P0087,1,72.97,0
O013315,P0043,2,15.93,0
O013316,P0126,2,119.65,0
O013317,P0031,1,100.42,0
O013317,P0060,3,131.68,0
O013318,P0136,3,64.01,0
O013318,P0135,1,61.66,0
O013319,P0131,1,10.19,0
O013320,P0139,1,117.86,0
O013321,P0142,2,46.23,0
O013321,P0109,1,191.49,0
O013321,P0148,1,74.21,0
O013321,P0108,1,153.58,0
O013322,P0091,1,55.44,0
O013322,P0124,2,16.63,0
O013323,P0071,3,88.96,0
O013324,P0134,1,14.57,0
O013325,P0026,1,143.66,0
O013326,P0002,1,428.99,0
O013326,P0081,2,38.74,0
O013326,P0007,1,566.07,0
O013327,P0057,3,62.31,0
O013328,P0002,1,428.99,0
O013328,P0113,1,52.25,0
O013329,P0025,3,63.7,0
O013330,P0062,2,109.93,0
O013331,P0103,1,43.56,0
O013331,P0045,3,36.65,0
O013331,P0005,1,105.05,0
O013331,P0050,2,23.7,0
O013332,P0043,1,15.93,0
O013332,P0146,1,36.39,0
O013333,P0074,1,26.63,0
O013333,P0084,3,13.25,0
O013334,P0020,1,48.67,0
O013335,P0113,1,52.25,0
O013336,P0126,3,119.65,0
O013336,P0148,1,74.21,0
O013337,P0131,1,10.19,0
O013337,P0031,1,100.42,0
O013337,P0138,3,119.25,0
O013337,P0054,2,22.5,0
O013338,P0034,1,12.47,0
O013338,P0059,1,46.72,0
O013338,P0034,1,12.47,0
O013339,P0085,2,72.91,0
O013340,P0035,3,228.97,20
O013340,P0087,3,72.97,20
O013341,P0149,1,21.0,15
O013341,P0145,1,10.1,15
O013342,P0148,1,74.21,0
O013342,P0099,3,42.13,0
O013342,P0079,1,21.76,0
O013343,P0066,3,29.64,0
O013344,P0150,1,28.39,10
O013344,P0108,1,153.58,10
O013345,P0142,0,46.23,0
O013346,P0127,3,69.7,0
O013346,P0127,1,69.7,0
O013347,P0038,2,11.96,0
O013347,P0096,1,62.39,0
O013348,P0128,1,40.97,0
O013348,P0074,2,26.63,0
O013349,P0084,1,13.25,0
O013349,P0040,1,12.05,0
O013350,P0033,1,58.2,0
O013351,P0067,1,20.79,0
O013352,P0027,1,261.66,0
O013352,P0053,2,79.81,0
O013353,P0067,1,20.79,0
O013353,P0109,1,191.49,0
O013354,P0102,1,6.1,0
O013354,P0014,1,280.69,0
O013354,P0072,1,22.81,0
O013354,P0123,1,13.17,0
O013355,P0039,1,35.85,0
O013355,P0004,1,203.73,0
O013355,P0147,1,8.3,0
O013355,P0123,2,13.17,0
O013356,P0054,3,22.5,0
O013356,P0140,1,95.27,0
O013357,P0034,3,12.47,0
O013358,P0060,3,131.68,0
O013358,P0011,1,746.1,0
O013359,P0051,2,37.8,0
O013359,P0097,1,39.47,0
O013359,P0048,3,80.09,0
O013360,P0051,1,37.8,0
O013360,P0018,1,103.25,0
O013361,P0029,2,612.77,0
O013361,P0004,3,203.73,0
O013361,P0075,2,50.52,0
O013362,P0031,1,100.42,0
O013362,P0125,2,231.1,0
O013362,P0008,1,47.86,0
O013362,P0003,1,70.0,0
O013363,P0092,2,9.46,0
O013363,P0002,2,428.99,0
O013364,P0002,3,428.99,0
O013365,P0094,1,42.24,0
O013366,P0073,1,99.68,0
O013366,P0039,1,35.85,0
O013367,P0064,1,101.18,0
O013368,P0120,1,233.46,0
O013369,P0039,1,35.85,0
O013369,P0096,2,62.39,0
O013370,P0076,1,53.1,0
O013371,P0038,1,11.96,0
O013371,P0141,1,32.3,0
O013372,P0060,1,131.68,0
O013373,P0016,1,490.88,0
O013373,P0137,1,9.05,0
O013374,P0054,3,22.5,0
O013374,P0066,3,29.64,0
O013374,P0032,1,28.68,0
O013375,P0035,2,228.97,0
O013375,P0143,1,10.62,0
O013376,P0091,1,55.44,0
O013376,P0010,3,261.54,0
O013376,P0126,1,119.65,0
O013377,P0108,1,153.58,0
O013378,P0076,1,53.1,0
O013378,P0011,3,746.1,0
O013379,P0093,1,36.5,0
O013379,P0053,3,79.81,0
O013380,P0074,3,26.63,0
O013380,P0073,3,99.68,0
O013381,P0029,1,612.77,20
O013382,P0018,1,103.25,0
O013383,P0090,2,74.94,0
O013383,P0030,1,111.36,0
O013384,P0034,1,12.47,10
O013385,P0098,1,5.21,0
O013386,P0026,2,143.66,0
O013386,P0039,1,35.85,0
O013387,P0044,1,96.71,0
O013387,P0061,1,30.11,0
O013387,P0073,2,99.68,0
O013387,P0094,1,42.24,0
O013388,P0042,1,94.19,0
O013388,P0049,3,192.27,0
O013389,P0122,1,44.07,0
O013390,P0025,1,63.7,0
O013391,P0002,1,428.99,0
O013392,P0057,1,62.31,0
O013393,P0009,3,879.03,0
O013394,P0051,3,37.8,0
O013395,P0092,1,9.46,0
O013395,P0113,1,52.25,0
O013395,P0104,1,56.02,0
O013396,P0030,1,111.36,0
O013396,P0029,1,612.77,0
O013396,P0070,1,144.85,0
O013397,P0045,2,36.65,0
O013398,P0049,1,192.27,0
O013398,P0048,2,80.09,0
O013399,P0055,1,21.55,0
O013400,P0041,1,240.17,0
O013401,P0018,2,103.25,0
O013401,P0010,3,261.54,0
O013401,P0066,1,29.64,0
O013402,P0019,1,225.54,0
O013403,P0122,3,44.07,0
O013403,P0116,1,64.62,0
O013403,P0078,3,46.55,0
O013404,P0120,1,233.46,0
O013404,P0017,2,45.26,0
O013405,P0115,2,65.77,0
O013405,P0082,3,69.13,0
O013405,P0064,3,101.18,0
O013405,P0107,2,42.73,0
O013406,P0048,2,80.09,0
O013406,P0011,3,746.1,0
O013407,P0057,2,62.31,0
O013408,P0029,1,612.77,0
O013408,P0052,1,96.7,0
O013408,P0038,1,11.96,0
O013409,P0117,1,37.62,0
O013409,P0045,2,36.65,0
O013410,P0094,3,42.24,0
O013410,P0100,3,14.85,0
O013410,P0085,1,72.91,0
O013411,P0053,1,79.81,0
O013412,P0138,2,119.25,15
O013412,P0053,2,79.81,15
O013413,P0041,1,240.17,0
O013413,P0069,1,25.15,0
O013413,P0025,1,63.7,0
O013413,P0131,1,10.19,0
O013414,P0106,1,93.16,0
O013414,P0139,1,117.86,0
O013415,P0051,1,37.8,0
O013415,P0145,0,10.1,0
O013415,P0146,1,36.39,0
O013415,P0072,1,22.81,0
O013416,P0135,1,61.66,0
O013417,P0108,1,153.58,0
O013417,P0032,1,28.68,0
O013418,P0110,1,231.1,0
O013419,P0029,2,612.77,0
O013419,P0130,1,22.25,0
O013420,P0032,1,28.68,10
O013420,P0085,2,72.91,10
O013421,P0070,1,144.85,10
O013422,P0030,1,111.36,0
O013422,P0055,2,21.55,0
O013422,P0088,2,12.2,0
O013423,P0034,2,12.47,0
O013423,P0069,2,25.15,0
O013424,P0052,2,96.7,0
O013424,P0007,1,566.07,0
O013425,P0055,2,21.55,0
O013426,P0051,1,37.8,0
O013426,P0084,1,13.25,0
O013427,P0099,2,42.13,0
O013427,P0121,1,35.48,0
O013428,P0121,-1,35.48,0
O013429,P0018,2,103.25,10
O013430,P0008,1,47.86,0
O013431,P0032,1,28.68,0
O013431,P0033,1,58.2,0
O013432,P0026,2,143.66,0
O013432,P0064,2,101.18,0
O013432,P0098,1,5.21,0
O013433,P0036,1,80.43,0
O013433,P0016,3,490.88,0
O013434,P0025,1,63.7,0
O013435,P0072,2,22.81,0
O013436,P0071,1,88.96,0
O013437,P0048,2,80.09,0
O013438,P0062,1,109.93,0
O013439,P0102,1,6.1,0
O013440,P0108,3,153.58,0
O013441,P0013,1,237.97,0
O013442,P0044,1,96.71,0
O013442,P0055,3,21.55,0
O013442,P0043,1,15.93,0
O013443,P0108,2,153.58,0
O013443,P0129,2,10.47,0
O013444,P0129,1,10.47,0
O013444,P0088,2,12.2,0
O013445,P0022,3,535.5,10
O013446,P0094,1,42.24,0
O013446,P0044,1,96.71,0
O013446,P0093,3,36.5,0
O013447,P0068,1,23.84,0
O013447,P0034,3,12.47,0
O013448,P0007,3,566.07,0
O013449,P0148,1,74.21,0
O013450,P0117,1,37.62,0
O013450,P0015,2,54.36,0
O013451,P0040,2,12.05,0
O013452,P0097,1,39.47,0
O013453,P0075,1,50.52,0
O013454,P0067,1,20.79,0
O013455,P0100,2,14.85,0
O013455,P0051,1,37.8,0
O013456,P0022,1,535.5,0
O013456,P0032,2,28.68,0
O013456,P0019,1,225.54,0
O013457,P0075,3,50.52,0
O013457,P0016,1,490.88,0
O013458,P0008,1,47.86,0
O013459,P0147,1,8.3,10
O013459,P0133,2,68.25,10
O013459,P0040,2,12.05,10
O013459,P0042,3,94.19,10
O013460,P0122,1,44.07,10
O013460,P0077,2,86.48,10
O013461,P0070,1,144.85,0
O013461,P0129,2,10.47,0
O013461,P0135,1,61.66,0
O013462,P0130,1,22.25,0
O013462,P0075,1,50.52,0
O013463,P0130,1,22.25,0
O013464,P0016,2,490.88,0
O013464,P0144,1,10.61,0
O013464,P0064,1,101.18,0
O013464,P0147,3,8.3,0
O013465,P0052,2,96.7,0
O013466,P0034,3,12.47,0
O013466,P0142,2,46.23,0
O013467,P0059,1,46.72,0
O013467,P0089,1,75.8,0
O013468,P0049,2,192.27,10
O013468,P0103,2,43.56,10
O013468,P0048,1,80.09,10
O013469,P0046,3,93.34,10
O013470,P0013,1,237.97,0
O013470,P0032,1,28.68,0
O013471,P0041,3,240.17,0
O013471,P0042,1,94.19,0
O013471,P0053,1,79.81,0
O013471,P0043,1,15.93,0
O013472,P0042,1,94.19,0
O013473,P0080,1,52.81,0
O013473,P0105,1,192.4,0
O013473,P0053,1,79.81,0
O013474,P0026,1,143.66,0
O013474,P0059,1,46.72,0
O013474,P0048,2,80.09,0
O013475,P0150,1,28.39,0
O013475,P0037,3,46.51,0
O013475,P0076,1,53.1,0
O013475,P0124,1,16.63,0
O013476,P0052,1,96.7,0
O013476,P0113,3,52.25,0
O013477,P0051,3,37.8,0
O013477,P0093,1,36.5,0
O013477,P0005,1,105.05,0
O013478,P0030,1,111.36,0
O013478,P0039,2,35.85,0
O013478,P0071,1,88.96,0
O013479,P0051,3,37.8,0
O013479,P0021,1,103.85,0
O013480,P0117,1,37.62,0
O013480,P0056,1,54.99,0
O013480,P0113,1,52.25,0
O013480,P0011,2,746.1,0
O013481,P0028,1,456.12,0
O013481,P0127,1,69.7,0
O013481,P0068,1,23.84,0
O013482,P0094,3,42.24,0
O013482,P0093,3,36.5,0
O013482,P0108,2,153.58,0
O013483,P0057,1,62.31,0
O013483,P0003,2,70.0,0
O013484,P0006,1,317.9,0
O013485,P0023,1,234.72,0
O013485,P0011,1,746.1,0
O013485,P0063,3,95.57,0
O013485,P0062,1,109.93,0
O013486,P0042,1,94.19,0
O013486,P0064,1,101.18,0
O013486,P0008,1,47.86,0
O013486,P0039,1,35.85,0
O013487,P0074,1,26.63,0
O013487,P0007,1,566.07,0
O013488,P0052,1,96.7,0
O013489,P0024,2,70.63,20
O013489,P0145,1,10.1,20
O013489,P0136,1,64.01,20
O013489,P0002,1,428.99,20
O013490,P0114,1,30.32,0
O013490,P0095,2,45.19,0
O013491,P0001,1,59.15,0
O013491,P0073,1,99.68,0
O013491,P0148,1,74.21,0
O013491,P0029,2,612.77,0
O013492,P0100,1,14.85,0
O013493,P0109,1,191.49,0
O013494,P0055,3,21.55,0
O013495,P0007,3,566.07,0
O013496,P0043,1,15.93,0
O013496,P0020,1,48.67,0
O013497,P0024,2,70.63,0
O013498,P0066,1,29.64,0
O013498,P0082,2,69.13,0
O013499,P0006,1,317.9,0
O013499,P0110,1,231.1,0
O013500,P0032,1,28.68,0
O013500,P0113,3,52.25,0
O013501,P0147,2,8.3,0
O013501,P0035,1,228.97,0
O013501,P0065,1,128.91,0
O013502,P0029,2,612.77,0
O013502,P0133,1,68.25,0
O013503,P0042,3,94.19,0
O013503,P0080,2,52.81,0
O013503,P0121,1,35.48,0
O013503,P0046,1,93.34,0
O013504,P0137,1,9.05,0
O013504,P0007,2,566.07,0
O013505,P0066,3,29.64,0
O013505,P0062,2,109.93,0
O013506,P0147,1,8.3,0
O013507,P0135,1,61.66,0
O013508,P0094,1,42.24,0
O013508,P0084,1,13.25,0
O013508,P0122,1,44.07,0
O013508,P0036,2,80.43,0
O013509,P0044,1,96.71,0
O013510,P0007,1,566.07,0
O013511,P0091,1,55.44,0
O013512,P0061,1,30.11,0
O013513,P0045,2,36.65,0
O013513,P0053,1,79.81,0
O013513,P0016,2,490.88,0
O013513,P0083,1,45.29,0
O013514,P0035,1,228.97,0
O013514,P0025,3,63.7,0
O013514,P0006,1,317.9,0
O013514,P0007,2,566.07,0
O013515,P0007,1,566.07,0
O013515,P0003,1,70.0,0
O013516,P0121,1,35.48,0
O013517,P0021,3,103.85,0
O013518,P0009,2,879.03,0
O013518,P0066,1,29.64,0
O013518,P0016,2,490.88,0
O013519,P0062,1,109.93,0
O013519,P0030,3,111.36,0
O013519,P0106,1,93.16,0
O013520,P0087,1,72.97,0
O013521,P0047,2,22.6,0
O013522,P0144,1,10.61,0
O013523,P0138,1,119.25,0
O013523,P0051,1,37.8,0
O013523,P0146,1,36.39,0
O013524,P0050,1,23.7,10
O013524,P0032,3,28.68,10
O013524,P0098,2,5.21,10
O013524,P0056,1,54.99,10
O013525,P0021,2,103.85,5
O013525,P0022,1,535.5,5
O013526,P0109,2,191.49,0
O013526,P0010,1,261.54,0
O013526,P0149,1,21.0,0
O013526,P0050,1,23.7,0
O013527,P0006,1,317.9,0
O013527,P0046,1,93.34,0
O013528,P0026,2,143.66,0
O013529,P0002,3,428.99,0
O013529,P0007,1,566.07,0
O013530,P0079,1,21.76,0
O013531,P0066,3,29.64,0
O013531,P0018,3,103.25,0
O013532,P0043,1,15.93,0
O013533,P0033,0,58.2,0
O013533,P0116,1,64.62,0
O013533,P0133,1,68.25,0
O013534,P0026,1,143.66,0
O013535,P0071,1,88.96,0
O013535,P0034,1,12.47,0
O013535,P0064,1,101.18,0
O013535,P0062,1,109.93,0
O013536,P0018,1,103.25,0
O013536,P0066,1,29.64,0
O013537,P0059,2,46.72,0
O013537,P0114,1,30.32,0
O013537,P0054,0,22.5,0
O013538,P0042,1,94.19,0
O013538,P0103,2,43.56,0
O013538,P0009,1,879.03,0
O013539,P0019,2,225.54,0
O013539,P0010,1,261.54,0
O013540,P0087,1,72.97,0
O013540,P0144,1,10.61,0
O013540,P0046,3,93.34,0
O013540,P0053,3,79.81,0
O013541,P0033,3,58.2,0
O013542,P0045,3,36.65,0
O013543,P0146,3,36.39,15
O013543,P0142,1,46.23,15
O013544,P0060,3,131.68,0
O013545,P0074,2,26.63,0
O013545,P0001,1,59.15,0
O013545,P0087,1,72.97,0
O013546,P0150,1,28.39,0
O013547,P0067,2,20.79,0
O013547,P0121,3,35.48,0
O013548,P0141,1,32.3,0
O013548,P0126,1,119.65,0
O013549,P0089,1,75.8,0
O013549,P0063,1,95.57,0
O013549,P0032,3,28.68,0
O013550,P0102,3,6.1,40
O013550,P0051,3,37.8,40
O013551,P0034,1,12.47,0
O013552,P0094,2,42.24,0
O013553,P0054,2,22.5,0
O013553,P0086,1,7.88,0
O013553,P0078,1,46.55,0
O013554,P0045,2,36.65,20
O013554,P0027,3,261.66,20
O013554,P0040,1,12.05,20
O013554,P0043,2,15.93,20
O013555,P0006,1,317.9,0
O013556,P0021,2,103.85,0
O013557,P0036,1,80.43,0
O013557,P0142,1,46.23,0
O013558,P0108,2,153.58,10
O013558,P0085,3,72.91,10
O013559,P0103,2,43.56,0
O013559,P0116,2,64.62,0
O013560,P0004,1,203.73,10
O013561,P0113,1,52.25,0
O013562,P0002,1,428.99,0
O013563,P0139,1,117.86,0
O013564,P0119,2,111.41,0
O013565,P0091,2,55.44,0
O013566,P0048,2,80.09,0
O013566,P0086,1,7.88,0
O013566,P0014,3,280.69,0
O013567,P0037,2,46.51,20
O013567,P0034,1,12.47,20
O013568,P0028,1,456.12,0
O013568,P0054,2,22.5,0
O013569,P0073,1,99.68,5
O013569,P0142,1,46.23,5
O013569,P0042,2,94.19,5
O013569,P0025,3,63.7,5
O013570,P0119,1,111.41,0
O013571,P0094,3,42.24,0
O013572,P0083,1,45.29,0
O013573,P0082,1,69.13,0
O013574,P0059,3,46.72,0
O013575,P0042,3,94.19,0
O013576,P0144,1,10.61,0
O013576,P0128,2,40.97,0
O013577,P0040,1,12.05,0
O013577,P0053,2,79.81,0
O013577,P0040,1,12.05,0
O013578,P0039,1,35.85,0
O013579,P0056,1,54.99,0
O013580,P0124,3,16.63,0
O013580,P0073,1,99.68,0
O013580,P0128,1,40.97,0
O013580,P0076,1,53.1,0
O013581,P0081,3,38.74,5
O013581,P0141,2,32.3,5
O013582,P0146,1,36.39,20
O013582,P0040,1,12.05,20
O013583,P0054,2,22.5,0
O013583,P0116,3,64.62,0
O013583,P0024,2,70.63,0
O013583,P0053,1,79.81,0
O013584,P0125,1,231.1,0
O013585,P0029,1,612.77,0
O013585,P0020,1,48.67,0
O013585,P0034,1,12.47,0
O013586,P0008,3,47.86,0
O013586,P0108,3,153.58,0
O013587,P0008,3,47.86,0
O013587,P0022,1,535.5,0
O013588,P0043,1,15.93,0
O013588,P0023,2,234.72,0
O013588,P0089,1,75.8,0
O013588,P0043,1,15.93,0
O013589,P0005,1,105.05,0
O013590,P0121,2,35.48,0
O013590,P0005,1,105.05,0
O013591,P0019,3,225.54,10
O013591,P0103,1,43.56,10
O013591,P0074,3,26.63,10
O013591,P0007,1,566.07,10
O013592,P0104,3,56.02,0
O013593,P0028,1,456.12,0
O013593,P0007,1,566.07,0
O013594,P0024,1,70.63,0
O013594,P0050,3,23.7,0
O013594,P0074,3,26.63,0
O013594,P0031,1,100.42,0
O013595,P0084,1,13.25,0
O013596,P0068,1,23.84,0
O013596,P0010,1,261.54,0
O013597,P0078,1,46.55,0
O013597,P0026,1,143.66,0
O013597,P0053,1,79.81,0
O013597,P0092,1,9.46,0
O013598,P0126,1,119.65,20
O013598,P0067,1,20.79,20
O013599,P0010,3,261.54,0
O013600,P0054,3,22.5,0
O013600,P0002,1,428.99,0
O013601,P0020,1,48.67,0
O013602,P0086,2,7.88,0
O013602,P0087,1,72.97,0
O013603,P0023,3,234.72,0
O013604,P0015,1,54.36,0
O013604,P0083,1,45.29,0
O013605,P0103,1,43.56,0
O013606,P0058,2,96.6,0
O013606,P0006,3,317.9,0
O013606,P0113,3,52.25,0
O013606,P0044,3,96.71,0
O013607,P0034,1,12.47,0
O013608,P0034,2,12.47,0
O013608,P0054,1,22.5,0
O013609,P0075,1,50.52,0
O013610,P0127,1,69.7,0
O013611,P0109,2,191.49,0
O013612,P0061,2,30.11,20
O013612,P0059,1,46.72,20
O013612,P0031,2,100.42,20
O013612,P0011,1,746.1,20
O013613,P0023,2,234.72,0
O013614,P0060,1,131.68,0
O013614,P0075,1,50.52,0
O013615,P0077,1,86.48,0
O013616,P0130,1,22.25,0
O013617,P0009,1,879.03,0
O013617,P0089,1,75.8,0
O013617,P0047,1,22.6,0
O013617,P0103,1,43.56,0
O013618,P0014,1,280.69,0
O013619,P0016,2,490.88,0
O013619,P0091,1,55.44,0
O013620,P0116,1,64.62,0
O013621,P0104,1,56.02,0
O013621,P0026,1,143.66,0
O013621,P0021,1,103.85,0
O013622,P0008,3,47.86,0
O013622,P0066,2,29.64,0
O013622,P0014,2,280.69,0
O013622,P0054,1,22.5,0
O013623,P0092,3,9.46,0
O013624,P0116,2,64.62,0
O013624,P0069,1,25.15,0
O013625,P0055,1,21.55,10
O013626,P0051,1,37.8,0
O013627,P0123,1,13.17,10
O013628,P0109,3,191.49,0
O013628,P0075,1,50.52,0
O013629,P0087,2,72.97,0
O013630,P0121,3,35.48,0
O013630,P0054,3,22.5,0
O013631,P0056,1,54.99,0
O013632,P0027,1,261.66,0
O013632,P0125,1,231.1,0
O013633,P0132,1,9.56,0
O013634,P0038,1,11.96,0
O013634,P0104,2,56.02,0
O013635,P0096,1,62.39,0
O013636,P0057,1,62.31,5
O013637,P0133,2,68.25,0
O013637,P0039,1,35.85,0
O013638,P0102,1,6.1,0
O013638,P0072,1,22.81,0
O013639,P0015,1,54.36,5
O013639,P0090,1,74.94,5
O013639,P0016,1,490.88,5
O013640,P0125,1,231.1,0
O013641,P0047,3,22.6,0
O013641,P0074,2,26.63,0
O013641,P0150,2,28.39,0
O013641,P0114,2,30.32,0
O013642,P0038,1,11.96,0
O013643,P0145,3,10.1,0
O013643,P0137,1,9.05,0
O013643,P0065,1,128.91,0
O013643,P0038,1,11.96,0
O013644,P0114,1,30.32,0
O013644,P0055,1,21.55,0
O013645,P0075,1,50.52,0
O013645,P0110,1,231.1,0
O013645,P0034,1,12.47,0
O013646,P0035,3,228.97,0
O013646,P0040,1,12.05,0
O013646,P0048,1,80.09,0
O013647,P0029,1,612.77,0
O013647,P0127,3,69.7,0
O013648,P0069,1,25.15,0
O013648,P0047,1,22.6,0
O013649,P0072,2,22.81,0
O013650,P0056,1,54.99,0
O013650,P0100,1,14.85,0
O013651,P0064,1,101.18,0
O013651,P0045,1,36.65,0
O013652,P0038,2,11.96,0
O013652,P0004,1,203.73,0
O013652,P0008,2,47.86,0
O013652,P0016,3,490.88,0
O013653,P0057,1,62.31,0
O013653,P0112,2,121.72,0
O013654,P0032,3,28.68,0
O013654,P0030,3,111.36,0
O013655,P0077,1,86.48,40
O013655,P0084,3,13.25,40
O013656,P0056,1,54.99,0
O013656,P0064,1,101.18,0
O013656,P0023,2,234.72,0
O013656,P0057,3,62.31,0
O013657,P0072,1,22.81,0
O013657,P0029,2,612.77,0
O013657,P0064,2,101.18,0
O013657,P0150,1,28.39,0
O013658,P0026,2,143.66,0
O013658,P0066,3,29.64,0
O013659,P0107,1,42.73,0
O013659,P0116,1,64.62,0
O013660,P0008,1,47.86,0
O013660,P0071,1,88.96,0
O013660,P0123,-1,13.17,0
O013660,P0069,1,25.15,0
O013661,P0067,2,20.79,0
O013662,P0113,1,52.25,0
O013662,P0020,1,48.67,0
O013662,P0017,3,45.26,0
O013663,P0120,2,233.46,0
O013664,P0065,1,128.91,0
O013665,P0066,1,29.64,0
O013666,P0121,1,35.48,0
O013666,P0075,2,50.52,0
O013667,P0010,2,261.54,0
O013667,P0066,2,29.64,0
O013668,P0056,3,54.99,0
O013668,P0044,1,96.71,0
O013669,P0003,1,70.0,0
O013669,P0052,2,96.7,0
O013670,P0012,1,202.16,0
O013670,P0093,1,36.5,0
O013670,P0045,1,36.65,0
O013671,P0010,1,261.54,0
O013671,P0103,1,43.56,0
O013672,P0027,1,261.66,0
O013673,P0028,2,456.12,0
O013674,P0015,1,54.36,0
O013675,P0067,2,20.79,0
O013676,P0136,1,64.01,0
O013677,P0087,1,0.0,0
O013677,P0144,1,10.61,0
O013678,P0020,1,48.67,0
O013679,P0060,1,131.68,0
O013680,P0058,1,96.6,0
O013681,P0003,1,70.0,0
O013682,P0082,2,69.13,0
O013683,P0003,1,70.0,0
O013684,P0111,1,68.84,0
O013684,P0004,3,203.73,0
O013684,P0118,1,60.49,0
O013684,P0116,1,64.62,0
O013685,P0125,1,231.1,0
O013686,P0051,2,37.8,10
O013686,P0047,1,22.6,10
O013687,P0039,3,35.85,0
O013688,P0085,3,72.91,10
O013688,P0122,1,44.07,10
O013689,P0071,2,88.96,10
O013689,P0005,1,105.05,10
O013689,P0055,1,21.55,10
O013689,P0033,1,58.2,10
O013690,P0016,3,490.88,0
O013690,P0031,2,100.42,0
O013690,P0003,1,70.0,0
O013691,P0003,1,70.0,0
O013691,P0039,1,35.85,0
O013691,P0002,1,428.99,0
O013691,P0043,1,15.93,0
O013692,P0045,2,36.65,10
O013693,P0034,1,12.47,0
O013693,P0047,1,22.6,0
O013693,P0029,2,612.77,0
O013693,P0043,3,15.93,0
O013694,P0005,1,105.05,0
O013694,P0112,1,121.72,0
O013694,P0073,1,99.68,0
O013695,P0027,1,261.66,0
O013695,P0062,1,109.93,0
O013696,P0069,1,25.15,0
O013697,P0063,2,95.57,0
O013698,P0053,3,79.81,0
O013699,P0040,3,12.05,0
O013700,P0030,2,111.36,0
O013700,P0012,1,202.16,0
O013701,P0058,1,96.6,0
O013701,P0025,1,63.7,0
O013701,P0089,1,75.8,0
O013701,P0028,1,456.12,0
O013702,P0054,3,22.5,0
O013702,P0054,1,22.5,0
O013703,P0032,3,28.68,0
O013704,P0082,2,69.13,0
O013705,P0023,1,234.72,0
O013705,P0061,1,30.11,0
O013706,P0119,2,111.41,0
O013706,P0009,1,879.03,0
O013706,P0035,1,228.97,0
O013706,P0003,2,70.0,0
O013707,P0069,2,25.15,15
O013707,P0023,1,234.72,15
O013708,P0078,2,46.55,0
O013708,P0128,1,40.97,0
O013709,P0029,3,612.77,0
O013709,P0003,1,70.0,0
O013709,P0077,1,86.48,0
O013710,P0003,3,70.0,0
O013710,P0102,2,6.1,0
O013711,P0014,1,280.69,0
O013711,P0050,2,23.7,0
O013712,P0060,1,131.68,0
O013713,P0071,1,88.96,0
O013713,P0149,3,21.0,0
O013714,P0116,3,64.62,0
O013714,P0009,1,879.03,0
O013715,P0023,1,234.72,15
O013715,P0037,1,46.51,15
O013716,P0028,3,456.12,0
O013717,P0048,1,80.09,0
O013718,P0037,3,46.51,0
O013718,P0039,1,35.85,0
O013718,P0005,1,105.05,0
O013718,P0147,1,0.0,0
O013719,P0147,1,8.3,0
O013719,P0118,2,60.49,0
O013720,P0040,1,12.05,0
O013721,P0079,2,21.76,0
O013722,P0051,1,37.8,0
O013722,P0078,3,46.55,0
O013723,P0059,1,46.72,0
O013723,P0040,1,12.05,0
O013724,P0091,2,55.44,0
O013724,P0031,1,100.42,0
O013725,P0137,1,9.05,0
O013726,P0040,1,12.05,0
O013726,P0040,1,12.05,0
O013727,P0135,2,61.66,0
O013727,P0053,1,79.81,0
O013728,P0050,1,23.7,0
O013729,P0125,2,231.1,40
O013730,P0096,2,62.39,0
O013731,P0141,1,32.3,0
O013731,P0041,1,240.17,0
O013732,P0108,1,153.58,0
O013733,P0057,2,62.31,0
O013734,P0059,1,46.72,0
O013734,P0043,1,15.93,0
O013735,P0008,1,47.86,10
O013736,P0072,1,22.81,0
O013736,P0069,1,25.15,0
O013736,P0031,1,100.42,0
O013737,P0038,2,11.96,0
O013737,P0067,2,20.79,0
O013737,P0013,1,237.97,0
O013738,P0022,1,535.5,10
O013738,P0011,1,746.1,10
O013738,P0064,1,101.18,10
O013738,P0098,1,5.21,10
O013739,P0129,2,10.47,0
O013740,P0129,3,10.47,0
O013740,P0001,1,59.15,0
O013740,P0136,1,64.01,0
O013740,P0018,1,103.25,0
O013741,P0022,3,535.5,0
O013742,P0082,3,69.13,0
O013742,P0025,3,63.7,0
O013742,P0066,1,29.64,0
O013742,P0029,1,612.77,0
O013743,P0134,1,14.57,0
O013743,P0024,3,70.63,0
O013744,P0026,1,143.66,0
O013745,P0133,1,68.25,0
O013745,P0130,3,22.25,0
O013745,P0105,1,192.4,0
O013746,P0093,3,36.5,0
O013747,P0069,1,25.15,20
O013747,P0035,3,228.97,20
O013747,P0075,1,50.52,20
O013748,P0037,1,46.51,0
O013749,P0080,1,52.81,0
O013749,P0069,1,25.15,0
O013749,P0063,1,95.57,0
O013750,P0125,1,231.1,5
O013750,P0046,1,93.34,5
O013751,P0116,3,64.62,0
O013752,P0079,2,21.76,0
O013752,P0146,3,36.39,0
O013752,P0049,1,192.27,0
O013752,P0119,1,111.41,0
O013753,P0024,3,70.63,0
O013754,P0061,1,30.11,0
O013754,P0074,1,26.63,0
O013755,P0033,1,58.2,0
O013756,P0079,1,21.76,0
O013756,P0073,2,99.68,0
O013756,P0029,1,612.77,0
O013757,P0077,1,86.48,0
O013757,P0012,1,202.16,0
O013758,P0015,3,54.36,0
O013758,P0059,3,46.72,0
O013759,P0035,1,228.97,0
O013760,P0110,2,231.1,0
O013760,P0024,3,70.63,0
O013761,P0023,1,234.72,0
O013762,P0069,1,25.15,0
O013762,P0139,1,117.86,0
O013762,P0063,1,95.57,0
O013763,P0132,1,9.56,0
O013763,P0058,1,96.6,0
O013763,P0128,1,40.97,0
O013763,P0132,1,9.56,0
O013764,P0129,1,10.47,0
O013765,P0057,1,62.31,0
O013765,P0056,1,54.99,0
O013765,P0017,1,45.26,0
O013766,P0070,2,144.85,0
O013767,P0048,1,80.09,0
O013768,P0130,2,22.25,0
O013769,P0078,1,46.55,10
O013770,P0038,2,11.96,0
O013770,P0035,2,228.97,0
O013770,P0127,1,69.7,0
O013771,P0087,1,72.97,0
O013772,P0071,1,88.96,0
O013773,P0039,1,35.85,0
O013773,P0122,2,44.07,0
O013774,P0076,1,53.1,0
O013775,P0096,2,62.39,0
O013776,P0142,1,46.23,0
O013776,P0092,1,9.46,0
O013777,P0005,1,105.05,0
O013777,P0011,1,746.1,0
O013777,P0140,2,95.27,0
O013777,P0126,2,119.65,0
O013778,P0002,1,428.99,0
O013778,P0127,1,69.7,0
O013778,P0119,1,111.41,0
O013779,P0127,1,69.7,0
O013780,P0128,1,40.97,0
O013781,P0121,1,35.48,0
O013781,P0149,1,21.0,0
O013782,P0101,1,12.63,0
O013782,P0031,2,100.42,0
O013783,P0103,1,43.56,0
O013784,P0055,3,21.55,0
O013785,P0021,1,103.85,0
O013785,P0021,2,103.85,0
O013786,P0003,2,70.0,0
O013786,P0034,3,12.47,0
O013786,P0076,1,53.1,0
O013786,P0113,1,52.25,0
O013787,P0076,3,53.1,0
O013787,P0057,2,62.31,0
O013788,P0123,1,13.17,5
O013789,P0118,1,60.49,0
O013789,P0034,1,12.47,0
O013790,P0056,3,54.99,0
O013791,P0040,3,12.05,0
O013791,P0129,3,10.47,0
O013791,P0033,1,58.2,0
O013791,P0001,1,59.15,0
O013792,P0140,2,95.27,0
O013792,P0092,2,9.46,0
O013792,P0036,2,80.43,0
O013793,P0037,1,46.51,0
O013793,P0045,1,36.65,0
O013794,P0121,2,35.48,0
O013795,P0014,2,280.69,0
O013796,P0004,1,203.73,15
O013797,P0041,1,240.17,0
O013798,P0015,2,54.36,0
O013799,P0030,2,111.36,0
O013800,P0145,3,10.1,0
O013801,P0013,1,237.97,0
O013802,P0027,3,261.66,0
O013802,P0057,1,62.31,0
O013803,P0045,3,36.65,0
O013803,P0077,1,86.48,0
O013803,P0096,3,62.39,0
O013804,P0014,2,280.69,0
O013804,P0011,2,746.1,0
O013805,P0029,1,612.77,0
O013805,P0064,1,101.18,0
O013806,P0008,1,47.86,0
O013806,P0051,1,37.8,0
O013807,P0119,3,111.41,5
O013808,P0073,0,99.68,15
O013809,P0122,2,44.07,0
O013809,P0065,1,128.91,0
O013810,P0073,1,99.68,10
O013810,P0110,1,231.1,10
O013810,P0011,3,746.1,10
O013810,P0060,3,131.68,10
O013811,P0079,1,21.76,0
O013811,P0041,3,240.17,0
O013811,P0109,3,191.49,0
O013812,P0074,1,26.63,0
O013813,P0073,1,99.68,20
O013813,P0138,3,119.25,20
O013813,P0131,3,10.19,20
O013814,P0010,3,261.54,0
O013815,P0047,1,22.6,0
O013816,P0117,3,37.62,0
O013817,P0129,3,10.47,0
O013817,P0034,2,12.47,0
O013818,P0084,2,13.25,10
O013819,P0085,2,72.91,0
O013819,P0114,1,30.32,0
O013820,P0138,1,119.25,0
O013821,P0110,1,231.1,0
O013822,P0024,1,70.63,0
O013823,P0147,1,8.3,0
O013824,P0018,2,103.25,0
O013824,P0023,1,234.72,0
O013824,P0028,1,456.12,0
O013825,P0004,2,203.73,0
O013826,P0097,3,39.47,0
O013827,P0144,1,10.61,40
O013828,P0011,1,746.1,10
O013828,P0073,1,99.68,10
O013828,P0003,3,70.0,10
O013829,P0068,1,23.84,0
O013829,P0065,1,128.91,0
O013829,P0050,1,23.7,0
O013829,P0071,1,88.96,0
O013830,P0024,2,70.63,0
O013831,P0016,2,490.88,5
O013832,P0057,1,62.31,0
O013833,P0027,3,261.66,0
O013834,P0015,3,54.36,0
O013834,P0058,3,96.6,0
O013834,P0053,3,79.81,0
O013835,P0066,2,29.64,10
O013836,P0080,3,52.81,10
O013837,P0028,2,456.12,0
O013838,P0021,2,103.85,0
O013839,P0146,2,36.39,0
O013840,P0032,2,28.68,0
O013840,P0026,2,143.66,0
O013841,P0046,1,93.34,0
O013841,P0102,2,6.1,0
O013842,P0079,1,21.76,0
O013843,P0150,1,28.39,0
O013843,P0010,3,261.54,0
O013844,P0043,3,15.93,0
O013845,P0081,2,38.74,0
O013846,P0085,2,72.91,0
O013846,P0009,1,879.03,0
O013847,P0099,2,42.13,0
O013848,P0028,1,456.12,0
O013849,P0095,1,45.19,0
O013850,P0132,1,9.56,0
O013850,P0136,3,64.01,0
O013850,P0049,1,192.27,0
O013851,P0050,1,23.7,0
O013851,P0145,2,10.1,0
O013852,P0148,1,74.21,0
O013852,P0025,1,63.7,0
O013852,P0072,1,22.81,0
O013853,P0051,1,37.8,0
O013853,P0067,1,20.79,0
O013853,P0135,3,61.66,0
O013853,P0137,1,9.05,0
O013854,P0093,3,36.5,0
O013855,P0060,2,131.68,0
O013856,P0057,1,62.31,0
O013857,P0003,-1,70.0,0
O013857,P0030,2,111.36,0
O013858,P0025,3,63.7,0
O013858,P0019,2,225.54,0
O013858,P0017,1,45.26,0
O013858,P0058,2,96.6,0
O013859,P0053,1,79.81,0
O013860,P0001,1,59.15,0
O013861,P0028,1,456.12,0
O013861,P0067,1,20.79,0
O013862,P0028,3,456.12,0
O013863,P0068,1,23.84,0
O013863,P0075,1,50.52,0
O013863,P0018,1,103.25,0
O013863,P0013,1,237.97,0
O013864,P0062,1,109.93,0
O013865,P0064,1,101.18,0
O013865,P0004,3,203.73,0
O013866,P0042,2,94.19,0
O013866,P0054,1,22.5,0
O013866,P0120,1,233.46,0
O013867,P0107,1,42.73,0
O013867,P0011,3,746.1,0
O013867,P0080,1,52.81,0
O013867,P0103,3,43.56,0
O013868,P0016,3,490.88,0
O013869,P0029,1,612.77,15
O013869,P0107,1,42.73,15
O013870,P0005,2,105.05,0
O013870,P0018,2,103.25,0
O013870,P0138,2,119.25,0
O013871,P0034,1,12.47,0
O013872,P0140,1,95.27,0
O013873,P0072,1,22.81,0
O013873,P0102,3,6.1,0
O013873,P0053,1,79.81,0
O013873,P0032,0,28.68,0
O013874,P0050,1,23.7,0
O013874,P0075,1,50.52,0
O013874,P0146,2,36.39,0
O013874,P0103,2,43.56,0
O013875,P0145,3,10.1,0
O013875,P0067,3,20.79,0
O013875,P0131,1,10.19,0
O013875,P0142,1,46.23,0
O013876,P0025,3,63.7,0
O013876,P0043,1,15.93,0
O013876,P0025,2,63.7,0
O013877,P0132,1,9.56,0
O013877,P0092,2,9.46,0
O013877,P0090,1,74.94,0
O013878,P0032,1,28.68,0
O013879,P0037,1,46.51,0
O013879,P0135,1,61.66,0
O013880,P0046,3,93.34,0
O013881,P0027,2,261.66,0
O013881,P0047,1,22.6,0
O013882,P0042,1,94.19,0
O013882,P0139,1,117.86,0
O013883,P0129,1,10.47,0
O013884,P0033,3,58.2,0
O013885,P0112,3,121.72,0
O013885,P0090,1,74.94,0
O013885,P0081,1,38.74,0
O013886,P0069,2,25.15,0
O013886,P0006,3,317.9,0
O013887,P0014,3,280.69,0
O013887,P0059,1,46.72,0
O013888,P0067,1,20.79,0
O013888,P0076,2,53.1,0
O013889,P0053,1,79.81,0
O013889,P0006,1,317.9,0
O013890,P0077,1,86.48,0
O013891,P0070,1,144.85,0
O013891,P0038,1,11.96,0
O013891,P0120,2,233.46,0
O013892,P0055,1,21.55,0
O013892,P0026,2,143.66,0
O013892,P0003,2,70.0,0
O013893,P0106,2,93.16,0
O013893,P0104,1,56.02,0
O013894,P0011,1,746.1,10
O013895,P0109,1,191.49,0
O013895,P0115,2,65.77,0
O013896,P0065,3,128.91,0
O013896,P0148,1,74.21,0
O013897,P0126,0,119.65,0
O013897,P0135,3,61.66,0
O013897,P0003,2,70.0,0
O013897,P0093,1,36.5,0
O013898,P0033,1,58.2,5
O013898,P0058,1,96.6,5
O013898,P0127,1,69.7,5
O013898,P0130,3,22.25,5
O013899,P0083,3,45.29,0
O013900,P0118,1,60.49,0
O013900,P0024,1,70.63,0
O013900,P0074,3,26.63,0
O013900,P0147,1,8.3,0
O013901,P0135,2,61.66,0
O013902,P0053,1,79.81,0
O013903,P0139,2,117.86,0
O013904,P0119,1,111.41,0
O013904,P0031,2,100.42,0
O013905,P0049,3,192.27,0
O013906,P0064,1,101.18,0
O013907,P0056,1,54.99,0
O013908,P0048,1,80.09,0
O013908,P0068,2,23.84,0
O013909,P0037,1,46.51,0
O013909,P0138,2,119.25,0
O013909,P0125,3,231.1,0
O013910,P0042,1,94.19,0
O013911,P0009,1,879.03,0
O013911,P0146,1,36.39,0
O013911,P0054,3,22.5,0
O013912,P0111,3,68.84,0
O013912,P0135,1,61.66,0
O013912,P0127,1,69.7,0
O013912,P0035,1,228.97,0
O013913,P0076,1,53.1,0
O013913,P0037,1,46.51,0
O013913,P0007,1,566.07,0
O013913,P0084,1,13.25,0
O013914,P0035,3,228.97,0
O013915,P0150,1,28.39,0
O013915,P0144,1,10.61,0
O013915,P0129,1,10.47,0
O013915,P0041,1,240.17,0
O013916,P0035,1,228.97,0
O013916,P0023,2,234.72,0
O013916,P0116,3,64.62,0
O013917,P0022,1,535.5,0
O013918,P0087,1,72.97,0
O013919,P0065,1,128.91,40
O013920,P0091,3,55.44,0
O013921,P0019,1,225.54,0
O013922,P0132,1,9.56,0
O013922,P0046,1,93.34,0
O013922,P0070,1,144.85,0
O013922,P0047,3,22.6,0
O013923,P0006,1,317.9,0
O013923,P0120,3,233.46,0
O013923,P0041,3,240.17,0
O013923,P0104,1,56.02,0
O013924,P0028,1,456.12,0
O013925,P0038,1,11.96,0
O013925,P0047,1,22.6,0
O013926,P0027,1,261.66,0
O013926,P0057,1,62.31,0
O013927,P0096,1,62.39,0
O013927,P0002,3,428.99,0
O013928,P0003,3,70.0,0
O013928,P0006,1,317.9,0
O013928,P0050,1,23.7,0
O013928,P0029,2,612.77,0
O013929,P0017,3,45.26,0
O013929,P0071,1,88.96,0
O013929,P0099,1,42.13,0
O013930,P0031,1,100.42,0
O013931,P0039,2,35.85,0
O013931,P0113,2,52.25,0
O013931,P0045,2,36.65,0
O013932,P0112,1,121.72,0
O013932,P0039,1,35.85,0
O013933,P0118,1,60.49,0
O013933,P0079,1,21.76,0
O013933,P0097,2,39.47,0
O013933,P0087,2,72.97,0
O013934,P0054,3,22.5,0
O013935,P0113,3,52.25,0
O013935,P0040,2,12.05,0
O013936,P0039,2,35.85,0
O013936,P0130,2,22.25,0
O013936,P0002,2,428.99,0
O013936,P0139,1,117.86,0
O013937,P0014,1,280.69,0
O013938,P0079,2,21.76,0
O013938,P0061,1,30.11,0
O013938,P0016,1,490.88,0
O013939,P0117,1,37.62,0
O013939,P0129,1,10.47,0
O013939,P0041,1,240.17,0
O013939,P0146,1,36.39,0
O013940,P0132,1,9.56,0
O013941,P0059,2,46.72,10
O013942,P0126,2,119.65,0
O013943,P0047,2,22.6,0
O013944,P0078,2,46.55,0
O013944,P0014,3,280.69,0
O013944,P0125,1,231.1,0
O013945,P0138,3,119.25,10
O013946,P0067,1,20.79,0
O013946,P0088,1,12.2,0
O013947,P0040,3,12.05,0
O013947,P0038,1,11.96,0
O013947,P0110,1,231.1,0
O013948,P0003,1,70.0,0
O013948,P0091,1,55.44,0
O013948,P0043,1,15.93,0
O013949,P0046,1,93.34,0
O013949,P0039,1,35.85,0
O013950,P0034,1,12.47,0
O013951,P0014,1,280.69,0
O013951,P0009,3,879.03,0
O013951,P0006,2,317.9,0
O013952,P0018,3,103.25,0
O013953,P0090,3,74.94,0
O013953,P0116,1,64.62,0
O013954,P0075,2,50.52,10
O013955,P0117,2,37.62,0
O013955,P0037,1,46.51,0
O013955,P0071,1,88.96,0
O013956,P0127,1,69.7,0
O013956,P0009,3,879.03,0
O013956,P0103,1,43.56,0
O013956,P0134,3,14.57,0
O013957,P0030,1,111.36,0
O013958,P0034,1,12.47,0
O013959,P0064,1,101.18,0
O013960,P0041,2,240.17,0
O013961,P0073,1,99.68,0
O013961,P0093,2,36.5,0
O013962,P0123,3,13.17,0
O013962,P0009,1,879.03,0
O013962,P0118,1,60.49,0
O013963,P0091,3,55.44,0
O013964,P0125,1,231.1,10
O013964,P0120,3,233.46,10
O013965,P0005,1,105.05,0
O013965,P0062,3,109.93,0
O013965,P0070,1,144.85,0
O013966,P0014,1,280.69,0
O013967,P0034,3,12.47,0
O013967,P0114,3,30.32,0
O013968,P0070,1,144.85,0
O013969,P0033,2,58.2,0
O013969,P0001,1,59.15,0
O013970,P0090,1,74.94,0
O013970,P0072,1,22.81,0
O013971,P0029,2,612.77,0
O013971,P0001,1,59.15,0
O013972,P0063,2,95.57,0
O013973,P0063,3,95.57,0
O013973,P0110,2,231.1,0
O013974,P0077,1,86.48,40
O013974,P0150,1,28.39,40
O013974,P0053,2,79.81,40
O013974,P0122,2,44.07,40
O013975,P0041,1,240.17,0
O013975,P0139,2,117.86,0
O013976,P0147,2,8.3,0
O013976,P0007,2,566.07,0
O013977,P0078,1,46.55,0
O013978,P0107,1,42.73,0
O013978,P0031,3,100.42,0
O013979,P0142,1,46.23,0
O013980,P0061,1,30.11,20
O013981,P0091,1,55.44,15
O013981,P0039,2,35.85,15
O013981,P0091,1,55.44,15
O013981,P0029,1,612.77,15
O013982,P0062,3,109.93,0
O013982,P0032,1,28.68,0
O013983,P0047,2,22.6,0
O013984,P0111,3,68.84,0
O013985,P0146,1,36.39,0
O013985,P0131,1,10.19,0
O013986,P0147,1,8.3,0
O013986,P0021,1,103.85,0
O013986,P0059,1,46.72,0
O013987,P0055,1,21.55,0
O013987,P0147,1,8.3,0
O013988,P0035,1,228.97,10
O013989,P0140,2,95.27,0
O013989,P0037,1,46.51,0
O013990,P0141,1,32.3,0
O013990,P0140,3,95.27,0
O013990,P0136,2,64.01,0
O013991,P0053,3,79.81,0
O013991,P0024,3,70.63,0
O013991,P0078,2,46.55,0
O013991,P0072,1,22.81,0
O013992,P0074,2,26.63,0
O013993,P0052,2,96.7,0
O013993,P0020,3,48.67,0
O013993,P0031,1,100.42,0
O013994,P0028,1,456.12,0
O013995,P0015,3,54.36,0
O013995,P0136,1,64.01,0
O013996,P0085,3,72.91,0
O013996,P0025,3,63.7,0
O013996,P0030,2,111.36,0
O013996,P0086,1,7.88,0
O013997,P0021,1,103.85,0
O013997,P0084,1,13.25,0
O013997,P0148,3,74.21,0
O013998,P0116,1,64.62,0
O013998,P0014,1,280.69,0
O013999,P0125,1,231.1,0
O013999,P0008,2,47.86,0
O013999,P0056,1,54.99,0
O014000,P0027,1,261.66,0
O014001,P0010,1,261.54,0
O014001,P0097,2,39.47,0
O014002,P0003,2,70.0,0
O014003,P0061,3,30.11,0
O014004,P0015,1,54.36,0
O014004,P0013,2,237.97,0
O014004,P0022,3,535.5,0
O014005,P0004,3,203.73,0
O014005,P0074,1,26.63,0
O014006,P0084,2,13.25,0
O014007,P0013,3,237.97,0
O014008,P0130,2,22.25,10
O014008,P0109,1,191.49,10
O014009,P0136,1,64.01,0
O014009,P0044,2,96.71,0
O014009,P0033,1,58.2,0
O014010,P0103,3,43.56,0
O014011,P0057,1,62.31,0
O014012,P0084,1,13.25,0
O014012,P0041,2,240.17,0
O014013,P0114,1,30.32,0
O014013,P0047,2,22.6,0
O014014,P0078,1,46.55,0
O014014,P0103,3,43.56,0
O014015,P0124,1,16.63,5
O014016,P0135,1,61.66,15
O014017,P0141,1,32.3,0
O014017,P0034,2,12.47,0
O014018,P0123,1,13.17,0
O014018,P0087,2,72.97,0
O014019,P0035,2,228.97,5
O014020,P0128,1,40.97,0
O014020,P0147,1,8.3,0
O014021,P0137,2,9.05,0
O014022,P0056,1,54.99,0
O014023,P0140,3,95.27,0
O014024,P0010,1,261.54,0
O014025,P0136,2,64.01,0
O014026,P0130,2,22.25,0
O014027,P0136,1,64.01,0
O014027,P0137,1,9.05,0
O014027,P0028,1,456.12,0
O014028,P0054,3,22.5,0
O014028,P0130,3,22.25,0
O014029,P0066,1,29.64,0
O014029,P0127,1,69.7,0
O014029,P0076,1,53.1,0
O014029,P0047,1,22.6,0
O014030,P0143,3,10.62,0
O014030,P0073,1,99.68,0
O014030,P0134,1,14.57,0
O014031,P0076,1,53.1,0
O014031,P0132,1,9.56,0
O014032,P0148,3,74.21,0
O014033,P0148,3,74.21,0
O014034,P0068,1,23.84,0
O014034,P0039,1,35.85,0
O014035,P0095,1,45.19,0
O014036,P0144,-1,10.61,0
O014036,P0052,1,96.7,0
O014037,P0035,2,228.97,0
O014038,P0015,1,54.36,0
O014039,P0089,1,75.8,0
O014039,P0095,3,45.19,0
O014040,P0031,1,100.42,0
O014041,P0039,3,35.85,0
O014042,P0085,1,72.91,15
O014042,P0022,1,535.5,15
O014042,P0059,2,46.72,15
O014042,P0037,1,46.51,15
O014043,P0003,3,70.0,0
O014043,P0114,1,30.32,0
O014043,P0056,1,54.99,0
O014043,P0099,1,42.13,0
O014044,P0059,3,46.72,0
O014045,P0071,1,88.96,0
O014045,P0124,1,16.63,0
O014045,P0147,3,8.3,0
O014045,P0050,1,23.7,0
O014046,P0122,2,44.07,0
O014046,P0057,3,62.31,0
O014046,P0087,3,72.97,0
O014047,P0076,1,53.1,0
O014048,P0093,1,36.5,0
O014049,P0134,3,14.57,0
O014050,P0020,2,48.67,0
O014051,P0077,1,86.48,0
O014051,P0063,2,95.57,0
O014051,P0146,2,36.39,0
O014051,P0053,3,79.81,0
O014052,P0105,1,192.4,0
O014052,P0042,1,94.19,0
O014053,P0094,2,42.24,0
O014053,P0046,3,93.34,0
O014053,P0074,1,26.63,0
O014054,P0130,1,22.25,0
O014055,P0009,3,879.03,0
O014056,P0122,1,44.07,0
O014056,P0074,1,26.63,0
O014056,P0065,1,128.91,0
O014056,P0054,1,22.5,0
O014057,P0100,1,14.85,0
O014057,P0107,3,42.73,0
O014057,P0005,1,105.05,0
O014057,P0070,1,144.85,0
O014058,P0071,1,88.96,0
O014058,P0059,1,46.72,0
O014059,P0029,2,612.77,0
O014059,P0002,3,428.99,0
O014060,P0123,2,13.17,0
O014061,P0016,1,490.88,0
O014061,P0111,1,68.84,0
O014062,P0014,1,280.69,0
O014063,P0113,1,52.25,0
O014064,P0026,1,143.66,0
O014065,P0140,3,95.27,0
O014066,P0053,3,79.81,0
O014066,P0060,1,131.68,0
O014067,P0014,3,280.69,0
O014067,P0107,3,42.73,0
O014067,P0036,2,80.43,0
O014068,P0038,1,11.96,0
O014068,P0044,1,96.71,0
O014068,P0089,2,75.8,0
O014068,P0115,2,65.77,0
O014069,P0048,1,80.09,0
O014069,P0063,2,95.57,0
O014070,P0053,3,79.81,0
O014070,P0055,1,21.55,0
O014071,P0035,1,228.97,0
O014071,P0062,3,109.93,0
O014072,P0061,1,30.11,0
O014073,P0045,3,36.65,0
O014074,P0023,1,234.72,0
O014075,P0044,1,96.71,0
O014075,P0113,1,52.25,0
O014076,P0042,1,94.19,10
O014076,P0084,3,13.25,10
O014077,P0096,1,62.39,0
O014078,P0117,3,37.62,0
O014079,P0110,3,231.1,0
O014080,P0044,2,96.71,0
O014080,P0059,1,46.72,0
O014080,P0029,3,612.77,0
O014080,P0054,3,22.5,0
O014081,P0049,2,192.27,10
O014082,P0056,3,54.99,0
O014082,P0022,3,535.5,0
O014082,P0027,1,261.66,0
O014083,P0118,1,60.49,0
O014084,P0023,2,234.72,0
O014084,P0042,3,94.19,0
O014084,P0026,1,143.66,0
O014084,P0026,1,143.66,0
O014085,P0018,1,103.25,0
O014086,P0103,2,43.56,0
O014086,P0126,1,119.65,0
O014087,P0020,1,48.67,0
O014088,P0019,2,225.54,0
O014088,P0140,3,95.27,0
O014089,P0086,1,7.88,0
O014089,P0053,1,79.81,0
O014090,P0110,1,231.1,0
O014091,P0108,1,153.58,0
O014091,P0040,1,12.05,0
O014091,P0096,1,62.39,0
O014091,P0045,1,36.65,0
O014092,P0088,1,12.2,0
O014093,P0055,1,21.55,0
O014094,P0106,1,93.16,0
O014094,P0096,2,62.39,0
O014094,P0010,3,261.54,0
O014094,P0103,1,43.56,0
O014095,P0104,1,56.02,10
O014095,P0095,1,45.19,10
O014095,P0114,2,30.32,10
O014096,P0121,1,35.48,0
O014097,P0012,3,202.16,0
O014097,P0035,1,228.97,0
O014098,P0014,1,280.69,0
O014099,P0017,1,45.26,0
O014099,P0065,2,128.91,0
O014100,P0049,2,192.27,0
O014100,P0050,1,23.7,0
O014100,P0054,1,22.5,0
O014101,P0074,1,26.63,0
O014101,P0013,1,237.97,0
O014101,P0009,1,879.03,0
O014101,P0047,1,22.6,0
O014102,P0040,3,12.05,0
O014102,P0046,1,93.34,0
O014102,P0006,1,317.9,0
O014102,P0034,3,12.47,0
O014103,P0102,2,6.1,0
O014103,P0029,1,612.77,0
O014103,P0109,1,191.49,0
O014103,P0058,2,96.6,0
O014104,P0050,2,23.7,0
O014104,P0058,1,96.6,0
O014104,P0001,1,59.15,0
O014104,P0065,1,128.91,0
O014105,P0041,3,240.17,0
O014105,P0105,1,192.4,0
O014106,P0055,3,21.55,10
O014106,P0118,1,60.49,10
O014106,P0125,1,231.1,10
O014107,P0013,1,237.97,0
O014107,P0072,1,22.81,0
O014107,P0009,1,879.03,0
O014107,P0011,1,746.1,0
O014108,P0119,1,111.41,0
O014108,P0032,2,28.68,0
O014109,P0099,2,42.13,0
O014109,P0091,1,55.44,0
O014110,P0131,1,10.19,0
O014110,P0111,1,68.84,0
O014111,P0011,2,746.1,0
O014111,P0022,1,535.5,0
O014111,P0082,1,69.13,0
O014111,P0100,3,14.85,0
O014112,P0047,1,22.6,0
O014112,P0023,1,234.72,0
O014112,P0125,1,231.1,0
O014112,P0040,2,12.05,0
O014113,P0035,3,228.97,10
O014113,P0106,1,93.16,10
O014113,P0140,1,95.27,10
O014113,P0110,1,231.1,10
O014114,P0024,3,70.63,0
O014114,P0092,2,9.46,0
O014114,P0061,1,30.11,0
O014114,P0071,1,88.96,0
O014115,P0002,3,428.99,0
O014116,P0068,2,23.84,0
O014117,P0122,1,44.07,0
O014117,P0126,1,119.65,0
O014117,P0039,3,35.85,0
O014118,P0013,3,237.97,0
O014118,P0009,3,879.03,0
O014118,P0122,1,44.07,0
O014119,P0119,3,111.41,0
O014119,P0014,1,280.69,0
O014119,P0103,3,43.56,0
O014120,P0071,1,88.96,0
O014120,P0134,1,14.57,0
O014120,P0053,2,79.81,0
O014120,P0137,1,9.05,0
O014121,P0085,3,72.91,40
O014122,P0072,1,22.81,0
O014122,P0090,2,74.94,0
O014123,P0012,3,202.16,0
O014124,P0040,1,12.05,0
O014124,P0041,1,240.17,0
O014124,P0067,1,20.79,0
O014124,P0118,1,60.49,0
O014125,P0012,1,202.16,0
O014126,P0087,2,72.97,0
O014127,P0037,1,46.51,0
O014127,P0110,2,231.1,0
O014127,P0073,3,99.68,0
O014128,P0111,2,68.84,0
O014129,P0103,1,43.56,0
O014129,P0101,1,12.63,0
O014130,P0043,2,15.93,0
O014131,P0070,3,144.85,0
O014131,P0123,1,13.17,0
O014131,P0038,2,11.96,0
O014132,P0142,3,46.23,10
O014133,P0138,1,119.25,0
O014134,P0035,1,228.97,0
O014135,P0001,1,59.15,0
O014135,P0018,2,103.25,0
O014135,P0126,2,119.65,0
O014135,P0120,3,233.46,0
O014136,P0150,1,28.39,0
O014137,P0120,1,233.46,0
O014137,P0129,1,10.47,0
O014138,P0088,2,12.2,0
O014138,P0126,1,119.65,0
O014139,P0071,3,88.96,0
O014140,P0125,1,231.1,0
O014141,P0055,1,21.55,0
O014141,P0058,2,96.6,0
O014141,P0049,1,192.27,0
O014142,P0033,1,58.2,0
O014142,P0024,3,70.63,0
O014143,P0048,2,80.09,10
O014144,P0018,1,103.25,0
O014144,P0114,3,30.32,0
O014145,P0062,1,109.93,0
O014146,P0099,3,42.13,0
O014146,P0139,2,117.86,0
O014146,P0018,1,103.25,0
O014146,P0125,3,231.1,0
O014147,P0056,1,54.99,0
O014147,P0040,1,12.05,0
O014147,P0023,1,234.72,0
O014147,P0073,1,99.68,0
O014148,P0006,2,317.9,10
O014149,P0020,3,48.67,0
O014150,P0029,1,612.77,0
O014150,P0006,1,317.9,0
O014151,P0075,3,50.52,0
O014151,P0013,1,237.97,0
O014151,P0043,1,15.93,0
O014152,P0063,1,95.57,0
O014152,P0149,3,21.0,0
O014152,P0050,1,23.7,0
O014153,P0095,3,45.19,0
O014154,P0145,1,10.1,0
O014155,P0050,1,23.7,0
O014156,P0054,3,22.5,0
O014156,P0037,1,46.51,0
O014157,P0084,2,13.25,0
O014157,P0147,2,8.3,0
O014158,P0138,1,119.25,0
O014158,P0138,1,119.25,0
O014158,P0002,3,428.99,0
O014158,P0039,2,35.85,0
O014159,P0096,1,62.39,0
O014159,P0082,1,69.13,0
O014160,P0072,1,22.81,0
O014160,P0038,1,11.96,0
O014160,P0069,1,25.15,0
O014160,P0039,1,35.85,0
O014161,P0143,1,10.62,0
O014162,P0141,1,32.3,0
O014162,P0050,2,23.7,0
O014163,P0035,1,228.97,0
O014163,P0129,1,10.47,0
O014164,P0010,2,261.54,0
O014165,P0079,1,21.76,0
O014166,P0127,1,69.7,0
O014166,P0150,1,28.39,0
O014166,P0053,1,79.81,0
O014167,P0023,3,234.72,10
O014168,P0144,2,10.61,0
O014169,P0041,1,240.17,10
O014169,P0035,1,228.97,10
O014169,P0004,1,203.73,10
O014169,P0132,1,9.56,10
O014170,P0105,1,192.4,15
O014170,P0074,2,26.63,15
O014170,P0144,3,10.61,15
O014171,P0132,3,9.56,0
O014171,P0120,1,233.46,0
O014172,P0012,1,202.16,0
O014173,P0138,3,119.25,0
O014173,P0137,1,9.05,0
O014174,P0034,1,12.47,0
O014174,P0003,1,70.0,0
O014175,P0047,2,22.6,0
O014176,P0021,2,103.85,10
O014176,P0102,1,6.1,10
O014177,P0072,1,22.81,5
O014177,P0012,1,202.16,5
O014177,P0020,2,48.67,5
O014177,P0016,1,490.88,5
O014178,P0009,2,879.03,0
O014178,P0081,3,38.74,0
O014179,P0010,1,261.54,0
O014179,P0046,1,93.34,0
O014179,P0050,1,23.7,0
O014179,P0014,2,280.69,0
O014180,P0021,1,103.85,0
O014181,P0060,1,131.68,0
O014181,P0026,3,143.66,0
O014182,P0129,1,10.47,10
O014182,P0023,1,234.72,10
O014183,P0047,3,22.6,0
O014184,P0027,1,261.66,0
O014184,P0076,3,53.1,0
O014184,P0119,1,111.41,0
O014184,P0010,1,261.54,0
O014185,P0012,1,202.16,0
O014185,P0078,1,46.55,0
O014186,P0054,1,22.5,0
O014187,P0091,2,55.44,0
O014188,P0096,1,62.39,0
O014188,P0053,1,79.81,0
O014189,P0015,1,54.36,0
O014189,P0109,1,191.49,0
O014190,P0145,3,10.1,0
O014191,P0039,1,35.85,0
O014192,P0022,2,535.5,10
O014193,P0033,3,58.2,0
O014193,P0074,1,26.63,0
O014194,P0023,3,234.72,0
O014194,P0148,1,74.21,0
O014194,P0077,1,86.48,0
O014195,P0111,2,68.84,0
O014196,P0011,1,746.1,0
O014197,P0003,1,70.0,0
O014198,P0128,3,40.97,0
O014199,P0135,1,61.66,0
O014199,P0139,1,117.86,0
O014200,P0069,1,25.15,0
O014200,P0146,1,36.39,0
O014201,P0144,1,10.61,0
O014202,P0054,1,22.5,0
O014203,P0052,3,96.7,0
O014204,P0028,1,456.12,0
O014204,P0102,3,6.1,0
O014205,P0103,1,43.56,0
O014205,P0050,3,23.7,0
O014206,P0052,1,96.7,0
O014206,P0144,1,10.61,0
O014206,P0015,1,54.36,0
O014206,P0048,1,80.09,0
O014207,P0081,1,38.74,0
O014207,P0105,3,192.4,0
O014207,P0037,1,46.51,0
O014207,P0061,1,30.11,0
O014208,P0091,1,55.44,0
O014209,P0062,1,109.93,0
O014209,P0125,3,231.1,0
O014209,P0038,1,11.96,0
O014210,P0001,1,59.15,0
O014211,P0130,2,22.25,0
O014212,P0066,1,29.64,0
O014212,P0044,1,96.71,0
O014213,P0012,1,202.16,0
O014214,P0108,1,153.58,15
O014214,P0051,1,37.8,15
O014214,P0128,2,40.97,15
O014215,P0046,1,0.0,0
O014216,P0012,1,202.16,10
O014216,P0129,3,10.47,10
O014216,P0146,2,36.39,10
O014216,P0126,1,119.65,10
O014217,P0113,1,52.25,0
O014217,P0059,1,46.72,0
O014217,P0080,3,52.81,0
O014218,P0054,1,22.5,0
O014219,P0124,2,16.63,0
O014220,P0060,1,131.68,40
O014221,P0047,2,22.6,0
O014222,P0075,1,50.52,0
O014222,P0078,1,46.55,0
O014223,P0011,1,746.1,0
O014223,P0082,3,69.13,0
O014224,P0058,1,0.0,0
O014224,P0112,3,121.72,0
O014224,P0082,3,69.13,0
O014224,P0061,1,30.11,0
O014225,P0042,1,94.19,0
O014225,P0041,3,240.17,0
O014225,P0039,1,35.85,0
O014225,P0084,3,13.25,0
O014226,P0034,3,12.47,0
O014227,P0117,1,37.62,0
O014227,P0079,1,21.76,0
O014228,P0001,2,59.15,20
O014229,P0043,1,15.93,0
O014230,P0103,3,43.56,0
O014230,P0049,2,192.27,0
O014230,P0076,1,53.1,0
O014231,P0134,2,14.57,0
O014231,P0121,1,35.48,0
O014232,P0134,3,14.57,0
O014232,P0106,2,93.16,0
O014232,P0135,1,61.66,0
O014233,P0091,2,55.44,0
O014234,P0058,1,96.6,0
O014235,P0035,2,228.97,0
O014235,P0044,1,96.71,0
O014236,P0008,2,47.86,0
O014236,P0049,1,192.27,0
O014237,P0114,1,30.32,0
O014237,P0043,1,15.93,0
O014238,P0146,1,36.39,0
O014238,P0148,1,74.21,0
O014238,P0021,1,103.85,0
O014239,P0074,1,26.63,0
O014239,P0044,1,96.71,0
O014239,P0038,1,11.96,0
O014240,P0054,1,22.5,10
O014241,P0098,2,5.21,0
O014241,P0059,3,46.72,0
O014242,P0046,1,93.34,0
O014243,P0056,2,54.99,0
O014243,P0117,1,37.62,0
O014243,P0126,2,119.65,0
O014243,P0102,1,6.1,0
O014244,P0029,1,612.77,0
O014245,P0023,2,234.72,0
O014246,P0013,2,237.97,0
O014246,P0003,1,70.0,0
O014247,P0135,1,61.66,0
O014247,P0016,2,490.88,0
O014248,P0134,1,14.57,0
O014249,P0150,2,28.39,0
O014249,P0006,1,317.9,0
O014250,P0053,3,79.81,0
O014250,P0136,1,64.01,0
O014250,P0065,1,128.91,0
O014251,P0089,1,75.8,0
O014251,P0083,1,45.29,0
O014252,P0011,1,746.1,0
O014252,P0070,3,144.85,0
O014253,P0004,2,203.73,0
O014253,P0035,1,228.97,0
O014254,P0117,2,37.62,0
O014254,P0092,3,9.46,0
O014255,P0094,1,42.24,0
O014255,P0019,1,225.54,0
O014256,P0038,2,11.96,5
O014256,P0120,2,233.46,5
O014256,P0013,2,237.97,5
O014256,P0100,1,14.85,5
O014257,P0073,1,99.68,0
O014258,P0044,2,96.71,0
O014258,P0114,2,30.32,0
O014258,P0067,1,20.79,0
O014258,P0088,2,12.2,0
O014259,P0007,3,566.07,0
O014259,P0122,2,44.07,0
O014259,P0009,1,879.03,0
O014260,P0017,2,45.26,0
O014260,P0109,2,191.49,0
O014261,P0002,1,428.99,0
O014261,P0036,2,80.43,0
O014262,P0014,3,280.69,0
O014263,P0120,3,233.46,0
O014264,P0122,3,44.07,0
O014265,P0087,1,72.97,15
O014265,P0040,1,12.05,15
O014265,P0071,1,88.96,15
O014265,P0089,1,75.8,15
O014266,P0079,3,21.76,0
O014266,P0037,1,46.51,0
O014267,P0032,1,28.68,0
O014267,P0130,1,22.25,0
O014267,P0039,3,35.85,0
O014267,P0049,1,192.27,0
O014268,P0034,2,12.47,0
O014269,P0066,1,29.64,0
O014269,P0042,3,94.19,0
O014270,P0034,2,12.47,0
O014271,P0037,1,46.51,0
O014271,P0021,3,103.85,0
O014271,P0001,1,59.15,0
O014271,P0015,3,54.36,0
O014272,P0120,1,233.46,0
O014273,P0002,1,428.99,0
O014274,P0073,3,99.68,0
O014274,P0016,3,490.88,0
O014274,P0004,1,203.73,0
O014274,P0035,1,228.97,0
O014275,P0062,2,109.93,0
O014276,P0050,2,23.7,0
O014276,P0094,3,42.24,0
O014277,P0041,1,240.17,0
O014278,P0050,1,23.7,0
O014279,P0062,2,109.93,0
O014280,P0104,3,56.02,0
O014281,P0011,1,746.1,0
O014282,P0127,1,69.7,0
O014282,P0031,3,100.42,0
O014282,P0120,1,233.46,0
O014283,P0086,1,7.88,0
O014284,P0134,1,14.57,20
O014284,P0065,2,128.91,20
O014284,P0039,1,35.85,20
O014285,P0095,1,45.19,0
O014285,P0133,1,68.25,0
O014286,P0119,1,111.41,0
O014286,P0103,1,43.56,0
O014287,P0133,1,68.25,0
O014288,P0141,1,32.3,0
O014288,P0101,2,12.63,0
O014288,P0042,2,94.19,0
O014288,P0054,1,22.5,0
O014289,P0116,2,64.62,0
O014289,P0051,1,37.8,0
O014289,P0113,2,52.25,0
O014290,P0033,1,58.2,0
O014291,P0057,1,62.31,0
O014291,P0096,1,62.39,0
O014292,P0071,1,88.96,0
O014292,P0029,1,612.77,0
O014293,P0070,1,144.85,15
O014294,P0048,1,80.09,15
O014295,P0019,1,225.54,0
O014295,P0030,2,111.36,0
O014295,P0050,1,23.7,0
O014296,P0047,3,22.6,0
O014297,P0055,2,21.55,0
O014298,P0008,1,47.86,0
O014298,P0042,1,94.19,0
O014299,P0136,1,64.01,0
O014300,P0038,3,11.96,0
O014301,P0131,2,10.19,0
O014302,P0046,1,93.34,0
O014303,P0132,3,9.56,0
O014303,P0058,1,96.6,0
O014304,P0046,1,93.34,0
O014304,P0135,3,61.66,0
O014304,P0060,1,131.68,0
O014305,P0128,1,40.97,0
O014305,P0041,1,240.17,0
O014306,P0129,1,10.47,0
O014306,P0065,3,128.91,0
O014306,P0036,3,80.43,0
O014307,P0062,1,109.93,0
O014308,P0094,2,42.24,0
O014308,P0120,3,233.46,0
O014308,P0051,1,37.8,0
O014308,P0101,1,12.63,0
O014309,P0039,3,35.85,0
O014310,P0139,2,117.86,0
O014310,P0141,2,32.3,0
O014311,P0048,1,80.09,40
O014312,P0134,2,14.57,0
O014312,P0146,1,36.39,0
O014313,P0068,3,23.84,0
O014314,P0057,1,62.31,0
O014314,P0066,1,29.64,0
O014315,P0083,1,45.29,0
O014315,P0062,1,109.93,0
O014315,P0018,1,103.25,0
O014315,P0068,1,23.84,0
O014316,P0136,1,64.01,20
O014317,P0059,1,46.72,20
O014317,P0046,3,93.34,20
O014318,P0087,1,72.97,0
O014319,P0041,3,240.17,0
O014319,P0028,1,456.12,0
O014320,P0003,3,70.0,0
O014320,P0037,3,46.51,0
O014321,P0031,1,100.42,0
O014322,P0072,1,22.81,0
O014323,P0134,1,14.57,0
O014323,P0063,3,95.57,0
O014324,P0061,1,30.11,0
O014325,P0035,3,228.97,0
O014325,P0111,3,68.84,0
O014326,P0121,1,35.48,0
O014326,P0076,3,53.1,0
O014326,P0004,3,203.73,0
O014327,P0009,2,879.03,0
O014328,P0109,3,191.49,0
O014328,P0017,1,45.26,0
O014328,P0003,1,70.0,0
O014328,P0008,2,47.86,0
O014329,P0080,1,52.81,0
O014329,P0002,1,428.99,0
O014329,P0054,2,22.5,0
O014329,P0024,1,70.63,0
O014330,P0113,2,52.25,0
O014331,P0040,2,12.05,0
O014332,P0016,1,490.88,40
O014333,P0129,2,10.47,40
O014334,P0027,2,261.66,40
O014335,P0012,1,202.16,40
O014335,P0002,1,428.99,40
O014335,P0096,3,62.39,40
O014336,P0120,1,233.46,40
O014336,P0078,1,46.55,40
O014336,P0012,1,202.16,40
O014336,P0013,3,237.97,40
O014337,P0030,1,111.36,40
O014337,P0138,1,119.25,40
O014337,P0018,1,103.25,40
O014337,P0061,2,30.11,40
O014338,P0066,2,29.64,40
O014339,P0017,3,45.26,40
O014339,P0112,1,121.72,40
O014340,P0002,1,428.99,40
O014340,P0069,3,25.15,40
O014340,P0107,3,42.73,40
O014340,P0068,1,23.84,40
O014341,P0066,2,29.64,40
O014341,P0072,1,22.81,40
O014342,P0108,1,153.58,40
O014342,P0063,1,95.57,40
O014342,P0013,1,237.97,40
O014343,P0060,2,131.68,40
O014344,P0061,1,30.11,40
O014344,P0029,1,612.77,40
O014345,P0072,1,22.81,40
O014345,P0058,1,96.6,40
O014346,P0143,3,10.62,40
O014346,P0102,1,6.1,40
O014347,P0004,3,203.73,40
O014347,P0146,1,36.39,40
O014347,P0068,3,23.84,40
O014348,P0036,1,80.43,40
O014349,P0073,2,99.68,40
O014349,P0143,1,10.62,40
O014350,P0055,1,21.55,40
O014350,P0030,2,111.36,40
O014351,P0031,3,100.42,40
O014352,P0014,1,280.69,40
O014352,P0016,3,490.88,40
O014352,P0008,2,47.86,40
O014353,P0115,1,65.77,0
O014354,P0006,1,317.9,40
O014354,P0074,3,26.63,40
O014355,P0008,2,47.86,0
O014355,P0135,1,61.66,0
O014355,P0015,1,54.36,0
O014355,P0143,1,10.62,0
O014356,P0097,2,39.47,40
O014356,P0001,1,59.15,40
O014357,P0017,1,45.26,40
O014358,P0004,1,203.73,40
O014358,P0091,1,55.44,40
O014359,P0040,1,12.05,40
O014360,P0012,1,202.16,40
O014360,P0060,3,131.68,40
O014360,P0061,1,30.11,40
O014361,P0020,2,48.67,40
O014362,P0020,3,48.67,40
O014363,P0022,1,535.5,40
O014364,P0069,1,25.15,40
O014364,P0015,1,54.36,40
O014364,P0022,1,535.5,40
O014364,P0115,1,65.77,40
O014365,P0117,3,37.62,40
O014365,P0105,2,192.4,40
O014365,P0070,1,144.85,40
O014366,P0110,1,231.1,40
O014366,P0072,2,22.81,40
O014366,P0086,1,7.88,40
O014367,P0128,2,40.97,40
O014368,P0024,1,70.63,40
O014368,P0145,1,10.1,40
O014369,P0036,3,80.43,0
O014370,P0122,1,44.07,40
O014370,P0081,1,38.74,40
O014370,P0010,1,261.54,40
O014370,P0005,1,105.05,40
O014371,P0019,3,225.54,40
O014372,P0101,1,12.63,40
O014373,P0129,1,10.47,40
O014373,P0007,1,566.07,40
O014373,P0008,2,47.86,40
O014373,P0010,1,261.54,40
O014374,P0003,3,70.0,0
O014374,P0012,1,202.16,0
O014374,P0050,3,23.7,0
O014375,P0037,1,46.51,40
O014376,P0001,3,59.15,40
O014377,P0133,3,68.25,40
O014377,P0044,1,96.71,40
O014377,P0014,1,280.69,40
O014377,P0042,3,94.19,40
O014378,P0062,1,109.93,40
O014378,P0122,1,44.07,40
O014379,P0100,1,14.85,40
O014379,P0104,2,56.02,40
O014379,P0025,1,63.7,40
O014380,P0138,2,119.25,40
O014381,P0099,1,42.13,40
O014381,P0096,3,62.39,40
O014382,P0139,3,117.86,0
O014382,P0020,1,48.67,0
O014382,P0120,1,233.46,0
O014383,P0074,2,26.63,40
O014383,P0069,1,25.15,40
O014384,P0147,1,8.3,40
O014384,P0077,1,86.48,40
O014384,P0042,2,94.19,40
O014384,P0013,3,237.97,40
O014385,P0137,1,9.05,40
O014385,P0028,1,456.12,40
O014386,P0119,1,111.41,0
O014386,P0056,1,54.99,0
O014386,P0061,2,30.11,0
O014387,P0044,1,96.71,40
O014387,P0090,1,74.94,40
O014388,P0074,2,26.63,40
O014388,P0013,1,237.97,40
O014388,P0135,2,61.66,40
O014388,P0066,3,29.64,40
O014389,P0136,2,64.01,0
O014389,P0075,3,50.52,0
O014390,P0026,1,143.66,40
O014390,P0007,1,566.07,40
O014390,P0115,2,65.77,40
O014390,P0020,3,48.67,40
O014391,P0029,1,612.77,0
O014392,P0057,1,62.31,40
O014392,P0121,1,35.48,40
O014393,P0035,1,228.97,40
O014393,P0030,1,111.36,40
O014394,P0022,3,535.5,40
O014394,P0018,1,103.25,40
O014395,P0076,3,53.1,40
O014396,P0027,1,261.66,40
O014397,P0022,3,535.5,40
O014398,P0121,2,35.48,40
O014398,P0030,1,111.36,40
O014398,P0024,2,70.63,40
O014399,P0071,3,88.96,40
O014399,P0054,1,22.5,40
O014400,P0024,3,70.63,40
O014401,P0005,1,105.05,40
O014401,P0147,1,8.3,40
O014402,P0034,3,12.47,40
O014402,P0023,1,234.72,40
O014402,P0085,1,72.91,40
O014403,P0014,1,280.69,40
O014403,P0016,1,490.88,40
O014404,P0114,1,30.32,0
O014404,P0017,3,45.26,0
O014405,P0028,3,456.12,40
O014406,P0013,1,237.97,40
O014407,P0072,1,22.81,0
O014408,P0005,3,105.05,40
O014409,P0013,1,237.97,40
O014410,P0057,3,62.31,0
O014410,P0023,2,234.72,0
O014410,P0060,1,131.68,0
O014410,P0059,1,46.72,0
O014411,P0016,1,490.88,40
O014411,P0109,2,191.49,40
O014411,P0082,3,69.13,40
O014411,P0076,1,53.1,40
O014412,P0106,3,93.16,40
O014412,P0106,2,93.16,40
O014412,P0027,1,261.66,40
O014413,P0094,3,42.24,40
O014413,P0029,1,612.77,40
O014413,P0012,1,202.16,40
O014414,P0079,3,21.76,40
O014415,P0024,0,70.63,40
O014415,P0075,1,50.52,40
O014416,P0019,1,225.54,40
O014417,P0012,1,202.16,40
O014418,P0105,3,192.4,40
O014419,P0002,3,428.99,40
O014420,P0066,1,29.64,40
O014420,P0069,2,25.15,40
O014421,P0010,2,261.54,40
O014422,P0048,1,80.09,0
O014422,P0017,1,45.26,0
O014423,P0082,1,69.13,40
O014423,P0097,1,39.47,40
O014423,P0002,1,428.99,40
O014424,P0017,3,45.26,0
O014425,P0082,3,69.13,40
O014426,P0058,1,96.6,40
O014426,P0046,2,93.34,40
O014427,P0004,1,203.73,40
O014428,P0051,2,37.8,40
O014429,P0024,3,70.63,0
O014430,P0077,1,86.48,40
O014430,P0015,1,54.36,40
O014431,P0019,1,225.54,40
O014432,P0126,1,119.65,40
O014432,P0076,2,53.1,40
O014433,P0026,1,143.66,40
O014434,P0012,1,202.16,40
O014435,P0028,2,456.12,40
O014435,P0120,2,233.46,40
O014436,P0076,1,53.1,40
O014436,P0042,2,94.19,40
O014436,P0003,2,70.0,40
O014437,P0015,2,54.36,40
O014437,P0004,2,203.73,40
O014438,P0149,1,21.0,0
O014438,P0056,3,54.99,0
O014438,P0013,1,237.97,0
O014439,P0074,2,26.63,40
O014440,P0118,2,60.49,40
O014440,P0017,1,45.26,40
O014440,P0054,2,22.5,40
O014440,P0028,1,456.12,40
O014441,P0045,1,36.65,40
O014441,P0121,-1,35.48,40
O014442,P0020,2,48.67,40
O014443,P0057,1,62.31,40
O014443,P0023,1,234.72,40
O014443,P0073,1,99.68,40
O014443,P0101,1,12.63,40
O014444,P0134,3,14.57,40
O014444,P0113,2,52.25,40
O014444,P0011,3,746.1,40
O014444,P0047,1,22.6,40
O014445,P0002,2,428.99,40
O014446,P0042,1,94.19,40
O014447,P0094,1,42.24,40
O014448,P0067,2,20.79,40
O014448,P0070,1,144.85,40
O014449,P0050,1,23.7,40
O014449,P0020,3,48.67,40
O014450,P0132,1,9.56,40
O014451,P0008,3,47.86,40
O014451,P0028,3,456.12,40
O014452,P0068,1,23.84,40
O014452,P0135,1,61.66,40
O014453,P0037,2,46.51,40
O014454,P0064,3,101.18,40
O014454,P0006,1,317.9,40
O014454,P0070,3,144.85,40
O014454,P0082,1,69.13,40
O014455,P0061,1,30.11,40
O014455,P0107,2,42.73,40
O014455,P0112,1,121.72,40
O014455,P0117,3,37.62,40
O014456,P0016,1,490.88,40
O014456,P0023,1,234.72,40
O014457,P0127,1,69.7,40
O014457,P0012,1,202.16,40
O014458,P0133,1,68.25,40
O014459,P0057,1,62.31,40
O014460,P0140,3,95.27,40
O014460,P0065,1,128.91,40
O014461,P0027,1,261.66,0
O014461,P0052,1,96.7,0
O014461,P0024,3,70.63,0
O014461,P0066,3,29.64,0
O014462,P0045,2,36.65,0
O014463,P0112,1,121.72,40
O014464,P0018,1,103.25,40
O014465,P0074,1,26.63,40
O014466,P0075,1,50.52,40
O014466,P0129,2,10.47,40
O014466,P0057,1,62.31,40
O014467,P0063,1,95.57,40
O014467,P0140,2,95.27,40
O014468,P0127,1,69.7,40
O014469,P0061,1,30.11,40
O014470,P0016,1,490.88,40
O014470,P0022,1,535.5,40
O014471,P0114,1,30.32,40
O014471,P0078,3,46.55,40
O014472,P0142,1,46.23,0
O014472,P0061,1,30.11,0
O014472,P0134,1,14.57,0
O014472,P0144,1,10.61,0
O014473,P0102,2,6.1,40
O014473,P0110,1,231.1,40
O014473,P0070,2,144.85,40
O014474,P0074,3,26.63,40
O014474,P0076,1,53.1,40
O014475,P0137,1,9.05,40
O014475,P0144,1,10.61,40
O014476,P0013,3,237.97,40
O014476,P0067,1,20.79,40
O014476,P0056,1,54.99,40
O014477,P0043,1,15.93,40
O014478,P0084,1,13.25,40
O014478,P0078,3,46.55,40
O014478,P0028,1,456.12,40
O014478,P0044,2,96.71,40
O014479,P0119,2,111.41,40
O014479,P0016,3,490.88,40
O014480,P0007,3,566.07,40
O014481,P0022,2,535.5,40
O014482,P0092,2,9.46,40
O014482,P0003,0,70.0,40
O014482,P0108,3,153.58,40
O014482,P0097,1,0.0,40
O014483,P0055,2,21.55,40
O014483,P0142,2,46.23,40
O014483,P0023,1,234.72,40
O014484,P0017,1,45.26,40
O014484,P0010,2,261.54,40
O014484,P0147,2,8.3,40
O014484,P0074,3,26.63,40
O014485,P0012,3,202.16,40
O014485,P0002,1,428.99,40
O014486,P0006,-1,317.9,0
O014486,P0088,1,12.2,0
O014487,P0078,1,46.55,40
O014487,P0134,1,14.57,40
O014488,P0144,2,10.61,40
O014488,P0027,2,261.66,40
O014488,P0007,2,566.07,40
O014488,P0024,1,70.63,40
O014489,P0116,2,64.62,40
O014489,P0146,1,36.39,40
O014490,P0077,1,86.48,40
O014490,P0002,1,428.99,40
O014491,P0064,3,101.18,0
O014491,P0056,1,54.99,0
O014492,P0065,2,128.91,40
O014493,P0065,1,128.91,40
O014494,P0009,3,879.03,40
O014494,P0076,1,53.1,40
O014494,P0066,1,29.64,40
O014494,P0088,2,12.2,40
O014495,P0014,3,280.69,40
O014496,P0062,1,109.93,40
O014496,P0072,1,22.81,40
O014496,P0013,3,237.97,40
O014497,P0012,3,202.16,40
O014498,P0061,1,30.11,40
O014498,P0044,1,96.71,40
O014499,P0040,1,12.05,40
O014500,P0060,1,131.68,40
O014500,P0076,2,53.1,40
O014501,P0026,2,143.66,40
O014502,P0002,3,428.99,40
O014502,P0058,2,96.6,40
O014502,P0077,1,86.48,40
O014502,P0074,3,26.63,40
O014503,P0025,3,63.7,0
O014504,P0119,1,111.41,40
O014505,P0095,2,45.19,40
O014506,P0104,1,56.02,40
O014506,P0004,3,203.73,40
O014507,P0012,2,202.16,40
O014507,P0103,2,43.56,40
O014507,P0099,2,42.13,40
O014507,P0014,1,280.69,40
O014508,P0059,3,46.72,40
O014508,P0062,1,109.93,40
O014508,P0002,2,428.99,40
O014509,P0013,3,237.97,40
O014510,P0068,3,23.84,40
O014511,P0028,3,456.12,40
O014512,P0023,1,234.72,0
O014513,P0061,2,30.11,40
O014513,P0069,1,25.15,40
O014513,P0006,2,317.9,40
O014513,P0060,3,131.68,40
O014514,P0126,1,119.65,40
O014514,P0052,1,96.7,40
O014515,P0043,1,15.93,40
O014516,P0026,2,143.66,40
O014516,P0015,2,54.36,40
O014517,P0001,1,59.15,40
O014518,P0083,1,45.29,0
O014519,P0025,1,63.7,40
O014520,P0109,1,191.49,40
O014521,P0025,1,63.7,40
O014521,P0088,3,12.2,40
O014521,P0139,1,117.86,40
O014522,P0129,1,10.47,40
O014522,P0106,1,93.16,40
O014522,P0057,2,62.31,40
O014523,P0104,2,56.02,40
O014524,P0007,1,566.07,40
O014524,P0059,1,46.72,40
O014525,P0055,3,21.55,40
O014526,P0097,1,39.47,40
O014526,P0026,1,143.66,40
O014527,P0067,3,20.79,40
O014528,P0017,2,45.26,40
O014529,P0094,1,42.24,0
O014529,P0013,2,237.97,0
O014530,P0039,1,35.85,40
O014530,P0075,3,50.52,40
O014530,P0043,3,15.93,40
O014530,P0071,1,88.96,40
O014531,P0112,1,121.72,40
O014531,P0005,1,105.05,40
O014532,P0124,1,16.63,40
O014532,P0051,1,37.8,40
O014533,P0067,2,20.79,40
O014533,P0034,2,12.47,40
O014533,P0007,1,566.07,40
O014534,P0003,2,70.0,40
O014535,P0019,1,225.54,40
O014535,P0028,1,456.12,40
O014535,P0099,1,42.13,40
O014535,P0099,2,42.13,40
O014536,P0076,1,53.1,40
O014536,P0029,1,612.77,40
O014536,P0025,2,63.7,40
O014537,P0073,2,99.68,40
O014538,P0017,3,45.26,0
O014538,P0033,1,58.2,0
O014539,P0017,1,45.26,0
O014540,P0078,1,46.55,40
O014541,P0034,1,12.47,0
O014542,P0071,2,88.96,40
O014543,P0016,1,490.88,40
O014544,P0111,3,68.84,0
O014545,P0007,2,566.07,40
O014545,P0112,2,121.72,40
O014545,P0004,1,203.73,40
O014546,P0009,1,879.03,0
O014547,P0063,1,95.57,40
O014548,P0001,3,59.15,40
O014549,P0019,1,225.54,40
O014550,P0134,1,14.57,40
O014551,P0083,2,45.29,40
O014552,P0100,1,14.85,40
O014552,P0119,2,111.41,40
O014552,P0073,2,99.68,40
O014552,P0142,1,46.23,40
O014553,P0092,1,9.46,40
O014554,P0025,1,63.7,10
O014554,P0059,3,46.72,10
O014554,P0031,1,100.42,10
O014555,P0007,2,566.07,40
O014556,P0129,3,10.47,40
O014557,P0011,1,746.1,40
O014557,P0071,2,88.96,40
O014557,P0026,2,143.66,40
O014558,P0048,3,80.09,40
O014558,P0026,1,143.66,40
O014558,P0014,1,280.69,40
O014558,P0050,1,23.7,40
O014559,P0118,1,60.49,40
O014560,P0011,1,746.1,40
O014561,P0121,1,35.48,0
O014561,P0025,2,63.7,0
O014562,P0070,1,144.85,40
O014563,P0030,2,111.36,40
O014564,P0010,1,261.54,40
O014565,P0115,1,65.77,40
O014566,P0037,1,46.51,40
O014567,P0090,1,74.94,0
O014568,P0118,1,60.49,40
O014568,P0080,3,52.81,40
O014568,P0067,2,20.79,40
O014569,P0032,1,28.68,40
O014569,P0077,1,86.48,40
O014569,P0027,2,261.66,40
O014570,P0016,1,490.88,40
O014571,P0021,2,103.85,40
O014572,P0073,3,99.68,40
O014572,P0078,1,46.55,40
O014572,P0024,3,70.63,40
O014572,P0026,1,143.66,40
O014573,P0058,3,96.6,40
O014573,P0060,3,131.68,40
O014574,P0004,1,203.73,40
O014574,P0071,1,88.96,40
O014574,P0096,2,62.39,40
O014575,P0024,1,70.63,40
O014576,P0021,1,103.85,0
O014576,P0030,1,111.36,0
O014576,P0077,1,86.48,0
O014576,P0005,1,105.05,0
O014577,P0012,1,202.16,40
O014577,P0004,3,203.73,40
O014578,P0069,1,25.15,40
O014579,P0065,2,128.91,40
O014579,P0013,2,237.97,40
O014579,P0058,1,96.6,40
O014579,P0056,2,54.99,40
O014580,P0070,1,144.85,40
O014580,P0023,1,234.72,40
O014580,P0021,3,103.85,40
O014580,P0132,3,9.56,40
O014581,P0006,3,317.9,0
O014582,P0073,1,99.68,40
O014582,P0072,1,22.81,40
O014582,P0077,1,86.48,40
O014583,P0050,2,23.7,40
O014583,P0021,1,103.85,40
O014584,P0055,1,21.55,40
O014585,P0069,1,25.15,40
O014585,P0054,3,22.5,40
O014585,P0002,1,428.99,40
O014586,P0035,1,228.97,40
O014587,P0074,3,26.63,40
O014588,P0029,1,612.77,40
O014589,P0030,3,111.36,40
O014590,P0096,2,62.39,40
O014591,P0011,1,746.1,0
O014591,P0056,1,54.99,0
O014592,P0010,2,261.54,40
O014592,P0104,1,56.02,40
O014592,P0093,2,36.5,40
O014593,P0006,3,317.9,40
O014594,P0037,3,46.51,40
O014595,P0143,1,10.62,10
O014595,P0032,1,28.68,10
O014596,P0030,3,111.36,40
O014596,P0013,3,237.97,40
O014596,P0070,1,144.85,40
O014596,P0128,1,40.97,40
O014597,P0123,1,13.17,0
O014597,P0044,2,96.71,0
O014598,P0021,1,103.85,0
O014598,P0081,1,38.74,0
O014598,P0132,1,9.56,0
O014599,P0024,1,70.63,40
O014599,P0010,1,261.54,40
O014599,P0128,1,40.97,40
O014600,P0014,3,280.69,40
O014600,P0031,3,100.42,40
O014601,P0098,2,5.21,0
O014601,P0064,1,101.18,0
O014602,P0088,1,12.2,40
O014603,P0014,1,280.69,40
O014603,P0002,1,428.99,40
O014604,P0007,1,566.07,40
O014605,P0148,1,0.0,40
O014605,P0047,3,22.6,40
O014606,P0001,1,59.15,40
O014606,P0025,2,63.7,40
O014607,P0070,1,144.85,0
O014607,P0022,3,535.5,0
O014607,P0034,1,12.47,0
O014607,P0011,1,746.1,0
O014608,P0133,3,68.25,40
O014609,P0044,1,96.71,40
O014609,P0070,3,144.85,40
O014609,P0005,3,105.05,40
O014609,P0086,3,7.88,40
O014610,P0049,1,192.27,40
O014611,P0104,1,56.02,40
O014612,P0093,1,36.5,40
O014613,P0082,2,69.13,40
O014614,P0078,2,46.55,40
O014614,P0063,3,95.57,40
O014614,P0146,1,36.39,40
O014615,P0105,1,192.4,40
O014616,P0077,1,86.48,40
O014617,P0105,3,192.4,40
O014617,P0126,1,119.65,40
O014617,P0019,1,225.54,40
O014617,P0072,2,22.81,40
O014618,P0024,1,70.63,40
O014618,P0010,2,261.54,40
O014618,P0039,1,35.85,40
O014619,P0002,3,428.99,40
O014619,P0125,1,231.1,40
O014620,P0001,1,59.15,40
O014620,P0141,3,32.3,40
O014621,P0072,1,22.81,40
O014621,P0139,1,117.86,40
O014622,P0053,2,79.81,40
O014622,P0095,3,45.19,40
O014623,P0102,2,6.1,0
O014624,P0107,1,42.73,40
O014625,P0017,2,45.26,40
O014625,P0116,1,64.62,40
O014625,P0116,2,64.62,40
O014625,P0023,2,234.72,40
O014626,P0094,2,42.24,40
O014626,P0070,1,144.85,40
O014627,P0025,2,63.7,40
O014628,P0064,1,101.18,40
O014628,P0025,2,63.7,40
O014629,P0012,3,202.16,40
O014630,P0118,3,60.49,0
O014630,P0090,1,74.94,0
O014630,P0083,1,45.29,0
O014630,P0062,2,109.93,0
O014631,P0068,1,23.84,40
O014631,P0037,1,46.51,40
O014632,P0047,3,22.6,10
O014633,P0007,1,566.07,40
O014634,P0067,1,20.79,40
O014634,P0123,2,13.17,40
O014634,P0003,1,70.0,40
O014634,P0061,2,30.11,40
O014635,P0060,2,131.68,40
O014636,P0027,1,261.66,0
O014636,P0056,1,54.99,0
O014637,P0027,1,261.66,0
O014638,P0011,1,746.1,40
O014639,P0056,1,54.99,40
O014640,P0083,1,45.29,40
O014641,P0011,2,746.1,40
O014641,P0004,2,203.73,40
O014642,P0098,1,5.21,40
O014643,P0144,1,10.61,40
O014643,P0034,1,12.47,40
O014643,P0072,1,22.81,40
O014644,P0047,1,22.6,40
O014644,P0025,3,63.7,40
O014644,P0086,1,7.88,40
O014645,P0002,1,428.99,40
O014645,P0009,1,879.03,40
O014645,P0085,2,72.91,40
O014645,P0013,-1,237.97,40
O014646,P0024,1,70.63,40
O014646,P0102,1,6.1,40
O014646,P0043,1,15.93,40
O014646,P0123,3,13.17,40
O014647,P0084,3,13.25,40
O014647,P0097,2,39.47,40
O014648,P0017,1,45.26,40
O014648,P0091,1,55.44,40
O014648,P0019,1,225.54,40
O014648,P0123,3,13.17,40
O014649,P0125,1,231.1,0
O014650,P0014,1,280.69,40
O014650,P0134,3,14.57,40
O014651,P0024,1,70.63,0
O014652,P0089,3,75.8,0
O014653,P0067,1,20.79,0
O014654,P0018,1,103.25,40
O014654,P0062,1,109.93,40
O014655,P0072,2,22.81,40
O014655,P0064,1,101.18,40
O014656,P0024,3,70.63,20
O014657,P0149,3,21.0,40
O014658,P0140,1,95.27,40
O014659,P0146,1,36.39,40
O014659,P0028,3,456.12,40
O014659,P0059,1,46.72,40
O014659,P0020,1,48.67,40
O014660,P0094,1,42.24,40
O014660,P0140,3,95.27,40
O014660,P0134,1,14.57,40
O014661,P0075,1,50.52,40
O014661,P0001,1,59.15,40
O014661,P0073,1,99.68,40
O014662,P0010,2,261.54,40
O014662,P0030,2,111.36,40
O014662,P0010,1,261.54,40
O014662,P0015,2,54.36,40
O014663,P0131,2,10.19,40
O014664,P0083,3,45.29,40
O014664,P0055,2,21.55,40
O014665,P0059,1,46.72,40
O014666,P0046,1,93.34,40
O014666,P0001,1,59.15,40
O014667,P0099,1,42.13,40
O014668,P0094,1,42.24,40
O014668,P0138,1,119.25,40
O014668,P0133,1,68.25,40
O014668,P0030,1,111.36,40
O014669,P0136,3,64.01,40
O014670,P0084,1,13.25,40
O014670,P0018,1,103.25,40
O014670,P0034,2,12.47,40
O014670,P0055,2,21.55,40
O014671,P0138,1,119.25,40
O014672,P0073,2,99.68,40
O014672,P0115,2,65.77,40
O014673,P0098,1,5.21,40
O014673,P0055,2,21.55,40
O014674,P0055,2,21.55,0
O014674,P0015,0,54.36,0
O014675,P0141,1,32.3,40
O014676,P0027,2,261.66,40
O014677,P0095,1,45.19,40
O014677,P0062,1,109.93,40
O014678,P0085,2,72.91,40
O014678,P0058,1,96.6,40
O014679,P0043,1,15.93,40
O014679,P0011,1,746.1,40
O014679,P0044,1,96.71,40
O014679,P0013,1,237.97,40
O014680,P0029,1,612.77,40
O014681,P0009,2,879.03,40
O014682,P0018,1,103.25,40
O014682,P0038,3,11.96,40
O014683,P0019,1,225.54,40
O014684,P0039,1,35.85,40
O014684,P0135,1,61.66,40
O014684,P0095,1,45.19,40
O014685,P0126,2,119.65,40
O014686,P0015,2,54.36,40
O014686,P0092,1,9.46,40
O014686,P0076,3,53.1,40
O014687,P0008,3,47.86,40
O014687,P0149,1,21.0,40
O014688,P0147,2,8.3,0
O014689,P0078,3,46.55,40
O014689,P0034,1,12.47,40
O014690,P0056,3,54.99,40
O014690,P0064,2,101.18,40
O014690,P0078,1,46.55,40
O014690,P0004,2,203.73,40
O014691,P0042,1,94.19,20
O014691,P0064,1,101.18,20
O014691,P0025,1,63.7,20
O014691,P0093,1,36.5,20
O014692,P0023,1,234.72,40
O014693,P0032,1,28.68,40
O014693,P0032,1,28.68,40
O014694,P0145,2,10.1,40
O014694,P0053,1,79.81,40
O014694,P0145,1,10.1,40
O014695,P0074,3,26.63,40
O014696,P0127,1,69.7,40
O014697,P0005,1,105.05,40
O014697,P0092,1,9.46,40
O014697,P0023,1,234.72,40
O014697,P0059,2,46.72,40
O014698,P0066,1,29.64,40
O014699,P0095,1,45.19,40
O014699,P0059,3,46.72,40
O014700,P0008,2,47.86,40
O014701,P0063,2,95.57,40
O014701,P0129,2,10.47,40
O014702,P0013,1,237.97,40
O014702,P0072,3,22.81,40
O014702,P0089,1,75.8,40
O014702,P0001,2,59.15,40
O014703,P0106,3,93.16,40
O014703,P0075,1,50.52,40
O014703,P0082,1,69.13,40
O014704,P0093,1,36.5,40
O014705,P0082,2,69.13,40
O014705,P0137,1,9.05,40
O014706,P0032,2,28.68,40
O014706,P0037,1,46.51,40
O014706,P0045,1,36.65,40
O014707,P0110,2,231.1,40
O014708,P0008,1,0.0,0
O014708,P0027,3,261.66,0
O014708,P0012,2,202.16,0
O014708,P0020,1,48.67,0
O014709,P0056,1,54.99,40
O014710,P0069,1,25.15,40
O014710,P0022,2,535.5,40
O014710,P0053,1,79.81,40
O014710,P0026,1,143.66,40
O014711,P0102,1,6.1,40
O014711,P0132,1,9.56,40
O014712,P0126,1,119.65,40
O014713,P0113,1,52.25,0
O014713,P0065,3,128.91,0
O014713,P0052,1,96.7,0
O014714,P0058,2,96.6,10
O014715,P0073,3,99.68,40
O014716,P0102,3,6.1,0
O014717,P0050,3,23.7,40
O014717,P0076,1,53.1,40
O014717,P0116,1,64.62,40
O014718,P0064,1,101.18,40
O014719,P0012,1,202.16,40
O014720,P0130,2,22.25,40
O014720,P0101,3,12.63,40
O014720,P0024,2,70.63,40
O014721,P0019,3,225.54,0
O014722,P0088,1,12.2,40
O014723,P0062,2,109.93,40
O014723,P0073,2,99.68,40
O014724,P0009,1,879.03,0
O014724,P0088,3,12.2,0
O014725,P0063,2,95.57,40
O014725,P0130,1,22.25,40
O014726,P0063,1,95.57,40
O014727,P0040,1,12.05,40
O014727,P0011,3,746.1,40
O014727,P0100,2,14.85,40
O014727,P0041,3,240.17,40
O014728,P0023,2,234.72,40
O014728,P0097,2,39.47,40
O014728,P0150,1,28.39,40
O014729,P0012,1,202.16,40
O014729,P0087,3,72.97,40
O014729,P0014,1,280.69,40
O014730,P0023,1,234.72,40
O014731,P0149,3,21.0,40
O014731,P0141,3,32.3,40
O014731,P0013,1,237.97,40
O014731,P0063,1,95.57,40
O014732,P0022,3,535.5,0
O014732,P0016,1,490.88,0
O014732,P0078,1,46.55,0
O014732,P0124,3,16.63,0
O014733,P0025,1,63.7,40
O014734,P0047,2,22.6,40
O014735,P0101,3,12.63,40
O014736,P0119,1,111.41,40
O014736,P0002,1,428.99,40
O014737,P0019,3,225.54,40
O014737,P0115,3,65.77,40
O014737,P0029,1,612.77,40
O014737,P0002,3,428.99,40
O014738,P0026,1,143.66,40
O014738,P0123,1,13.17,40
O014739,P0007,3,566.07,40
O014739,P0049,1,192.27,40
O014740,P0044,3,96.71,0
O014740,P0027,1,261.66,0
O014740,P0006,1,317.9,0
O014741,P0024,1,70.63,40
O014741,P0023,1,234.72,40
O014741,P0003,1,70.0,40
O014742,P0114,1,30.32,0
O014743,P0008,3,47.86,40
O014743,P0139,1,117.86,40
O014743,P0026,1,143.66,40
O014743,P0015,2,54.36,40
O014744,P0012,1,202.16,40
O014745,P0116,3,64.62,40
O014745,P0002,3,428.99,40
O014746,P0022,3,535.5,40
O014747,P0037,1,46.51,40
O014747,P0032,3,28.68,40
O014747,P0100,2,14.85,40
O014747,P0083,1,45.29,40
O014748,P0067,3,20.79,40
O014749,P0050,3,23.7,40
O014749,P0063,1,95.57,40
O014750,P0006,1,317.9,40
O014751,P0145,1,10.1,40
O014751,P0065,3,128.91,40
O014751,P0110,1,231.1,40
O014752,P0080,1,52.81,40
O014752,P0030,1,111.36,40
O014753,P0066,1,29.64,0
O014754,P0133,1,68.25,40
O014755,P0029,2,612.77,40
O014756,P0112,1,121.72,0
O014756,P0009,1,879.03,0
O014757,P0014,1,280.69,40
O014757,P0031,3,100.42,40
O014758,P0065,2,128.91,40
O014758,P0002,1,428.99,40
O014758,P0078,1,46.55,40
O014758,P0069,1,25.15,40
O014759,P0116,3,64.62,40
O014760,P0148,2,74.21,40
O014761,P0069,1,25.15,40
O014762,P0141,1,32.3,40
O014762,P0121,1,35.48,40
O014762,P0101,1,12.63,40
O014763,P0079,1,21.76,40
O014764,P0048,1,80.09,40
O014765,P0075,1,50.52,40
O014765,P0064,1,101.18,40
O014765,P0066,2,29.64,40
O014765,P0052,1,96.7,40
O014766,P0063,2,95.57,40
O014766,P0017,3,45.26,40
O014766,P0066,1,29.64,40
O014766,P0024,1,70.63,40
O014767,P0040,1,12.05,40
O014768,P0131,1,10.19,40
O014768,P0061,1,30.11,40
O014769,P0150,1,28.39,0
O014770,P0063,3,95.57,40
O014770,P0001,2,59.15,40
O014771,P0070,3,144.85,40
O014772,P0027,1,261.66,40
O014773,P0067,1,20.79,40
O014773,P0056,3,54.99,40
O014773,P0031,1,100.42,40
O014773,P0061,1,30.11,40
O014774,P0071,1,88.96,40
O014774,P0095,1,45.19,40
O014775,P0003,1,70.0,40
O014775,P0009,1,879.03,40
O014775,P0056,1,54.99,40
O014775,P0001,1,59.15,40
O014776,P0082,1,69.13,40
O014777,P0077,2,86.48,40
O014777,P0010,1,261.54,40
O014777,P0017,1,45.26,40
O014778,P0121,1,35.48,40
O014779,P0055,1,21.55,0
O014779,P0096,2,62.39,0
O014779,P0017,1,0.0,0
O014780,P0129,1,10.47,40
O014781,P0011,1,746.1,40
O014781,P0061,1,30.11,40
O014782,P0003,1,70.0,40
O014782,P0074,1,26.63,40
O014783,P0061,1,30.11,40
O014784,P0024,2,70.63,40
O014785,P0085,1,72.91,40
O014785,P0028,3,456.12,40
O014785,P0027,1,261.66,40
O014785,P0093,3,36.5,40
O014786,P0148,2,74.21,40
O014786,P0082,3,69.13,40
O014787,P0123,1,13.17,40
O014788,P0061,3,30.11,40
O014789,P0008,1,47.86,40
O014789,P0089,1,75.8,40
O014789,P0043,1,15.93,40
O014790,P0114,1,30.32,40
O014790,P0024,1,70.63,40
O014791,P0145,2,10.1,40
O014792,P0078,3,46.55,40
O014793,P0017,3,45.26,40
O014794,P0071,1,88.96,40
O014795,P0011,1,746.1,40
O014795,P0072,1,22.81,40
O014796,P0045,3,36.65,40
O014796,P0110,2,231.1,40
O014797,P0057,1,62.31,40
O014797,P0130,1,22.25,40
O014797,P0051,1,37.8,40
O014797,P0024,2,70.63,40
O014798,P0048,3,80.09,40
O014798,P0016,1,490.88,40
O014798,P0073,1,99.68,40
O014799,P0074,1,26.63,40
O014799,P0077,1,86.48,40
O014799,P0107,3,42.73,40
O014799,P0023,1,234.72,40
O014800,P0074,2,26.63,40
O014800,P0103,1,43.56,40
O014800,P0066,3,29.64,40
O014800,P0138,1,119.25,40
O014801,P0045,1,36.65,40
O014802,P0077,2,86.48,40
O014802,P0006,2,317.9,40
O014802,P0068,1,23.84,40
O014802,P0003,1,70.0,40
O014803,P0140,1,95.27,0
O014804,P0071,2,88.96,40
O014805,P0011,2,746.1,0
O014806,P0147,1,8.3,0
O014806,P0069,3,25.15,0
O014806,P0107,1,42.73,0
O014807,P0009,2,879.03,40
O014807,P0133,1,68.25,40
O014808,P0113,1,52.25,40
O014809,P0016,1,490.88,40
O014810,P0013,2,237.97,0
O014811,P0079,1,21.76,40
O014812,P0014,1,280.69,0
O014812,P0078,1,46.55,0
O014813,P0017,2,45.26,40
O014814,P0136,1,64.01,0
O014814,P0015,1,54.36,0
O014815,P0023,3,234.72,40
O014815,P0001,1,59.15,40
O014815,P0103,2,43.56,40
O014816,P0041,3,240.17,0
O014816,P0098,1,5.21,0
O014817,P0022,1,535.5,40
O014817,P0052,2,96.7,40
O014817,P0055,1,21.55,40
O014818,P0078,2,46.55,40
O014818,P0071,1,88.96,40
O014819,P0069,1,25.15,40
O014819,P0029,3,612.77,40
O014820,P0139,1,117.86,40
O014821,P0078,3,46.55,40
O014822,P0121,1,35.48,40
O014822,P0053,1,79.81,40
O014822,P0132,1,9.56,40
O014823,P0012,3,202.16,40
O014823,P0005,1,105.05,40
O014823,P0100,2,14.85,40
O014823,P0026,2,143.66,40
O014824,P0083,2,45.29,40
O014825,P0060,1,131.68,40
O014825,P0029,1,612.77,40
O014825,P0008,2,47.86,40
O014826,P0100,1,14.85,40
O014827,P0058,1,96.6,40
O014828,P0053,1,79.81,0
O014828,P0066,1,29.64,0
O014829,P0003,2,70.0,40
O014830,P0028,3,456.12,40
O014831,P0001,1,59.15,40
O014832,P0032,1,28.68,40
O014833,P0111,1,68.84,0
O014833,P0054,2,22.5,0
O014834,P0117,1,37.62,40
O014835,P0051,1,37.8,40
O014836,P0036,1,80.43,40
O014836,P0050,3,23.7,40
O014836,P0036,3,80.43,40
O014836,P0052,1,96.7,40
O014837,P0007,1,566.07,40
O014837,P0087,2,72.97,40
O014837,P0016,1,490.88,40
O014838,P0140,2,95.27,40
O014838,P0119,1,111.41,40
O014838,P0032,1,28.68,40
O014839,P0066,1,29.64,40
O014839,P0018,2,103.25,40
O014840,P0022,1,535.5,0
O014840,P0025,3,63.7,0
O014840,P0063,2,95.57,0
O014841,P0017,1,45.26,40
O014842,P0149,1,21.0,40
O014843,P0020,1,48.67,40
O014843,P0023,1,234.72,40
O014844,P0075,1,50.52,0
O014844,P0005,3,105.05,0
O014845,P0057,2,62.31,40
O014845,P0019,2,225.54,40
O014846,P0045,2,36.65,40
O014846,P0056,1,54.99,40
O014846,P0040,1,12.05,40
O014846,P0066,1,29.64,40
O014847,P0074,1,26.63,40
O014848,P0041,2,240.17,40
O014848,P0070,2,144.85,40
O014849,P0049,3,192.27,0
O014849,P0135,1,61.66,0
O014850,P0064,1,101.18,40
O014850,P0026,1,143.66,40
O014850,P0026,2,143.66,40
O014851,P0131,1,10.19,0
O014851,P0069,3,25.15,0
O014851,P0014,3,280.69,0
O014851,P0114,1,30.32,0
O014852,P0082,1,69.13,40
O014853,P0036,1,80.43,40
O014853,P0073,1,99.68,40
O014854,P0108,1,153.58,40
O014854,P0123,3,13.17,40
O014854,P0071,2,88.96,40
O014855,P0025,2,63.7,40
O014855,P0015,2,54.36,40
O014855,P0014,2,280.69,40
O014856,P0081,1,38.74,40
O014857,P0067,1,20.79,40
O014857,P0052,3,96.7,40
O014857,P0094,1,42.24,40
O014857,P0072,1,22.81,40
O014858,P0002,1,428.99,40
O014859,P0109,3,191.49,40
O014859,P0040,1,12.05,40
O014859,P0060,1,131.68,40
O014860,P0062,1,109.93,40
O014860,P0058,2,96.6,40
O014860,P0066,1,29.64,40
O014861,P0036,3,80.43,40
O014861,P0047,1,22.6,40
O014862,P0117,2,37.62,40
O014862,P0108,1,153.58,40
O014862,P0020,2,48.67,40
O014862,P0057,1,62.31,40
O014863,P0078,1,46.55,0
O014864,P0018,1,103.25,40
O014864,P0069,1,25.15,40
O014865,P0050,1,23.7,40
O014866,P0110,2,231.1,40
O014867,P0008,2,47.86,40
O014867,P0059,1,46.72,40
O014868,P0055,2,21.55,40
O014869,P0015,1,54.36,40
O014869,P0053,2,79.81,40
O014870,P0029,1,612.77,40
O014870,P0032,1,28.68,40
O014871,P0125,1,231.1,40
O014871,P0124,1,16.63,40
O014871,P0088,1,12.2,40
O014872,P0067,1,20.79,40
O014872,P0026,3,143.66,40
O014873,P0149,3,21.0,40
O014874,P0088,2,12.2,40
O014874,P0148,1,74.21,40
O014875,P0044,1,96.71,40
O014875,P0129,1,10.47,40
O014875,P0024,1,70.63,40
O014875,P0060,2,131.68,40
O014876,P0127,3,69.7,40
O014876,P0048,3,80.09,40
O014877,P0005,3,105.05,40
O014878,P0069,1,25.15,40
O014879,P0063,3,95.57,40
O014879,P0018,1,103.25,40
O014879,P0026,3,143.66,40
O014880,P0147,1,8.3,40
O014880,P0004,2,203.73,40
O014880,P0080,1,52.81,40
O014880,P0006,1,317.9,40
O014881,P0025,1,63.7,40
O014882,P0110,1,231.1,40
O014882,P0071,-1,88.96,40
O014883,P0014,1,280.69,0
O014883,P0016,1,490.88,0
O014883,P0058,2,96.6,0
O014883,P0045,1,36.65,0
O014884,P0024,2,70.63,40
O014884,P0068,1,23.84,40
O014885,P0029,1,612.77,40
O014885,P0064,2,101.18,40
O014885,P0090,1,74.94,40
O014885,P0131,1,10.19,40
O014886,P0039,1,35.85,40
O014886,P0028,1,456.12,40
O014886,P0006,-1,317.9,40
O014886,P0094,2,42.24,40
O014887,P0034,3,12.47,40
O014887,P0055,1,21.55,40
O014888,P0068,1,23.84,40
O014888,P0021,1,103.85,40
O014889,P0012,1,202.16,0
O014890,P0007,2,566.07,0
O014890,P0080,1,52.81,0
O014891,P0094,3,42.24,40
O014891,P0034,2,12.47,40
O014891,P0011,1,746.1,40
O014891,P0121,2,35.48,40
O014892,P0138,2,119.25,40
O014892,P0047,1,22.6,40
O014893,P0036,1,80.43,0
O014893,P0064,2,101.18,0
O014893,P0073,1,99.68,0
O014893,P0018,2,103.25,0
O014894,P0001,1,59.15,40
O014894,P0077,1,86.48,40
O014894,P0003,1,70.0,40
O014894,P0148,1,74.21,40
O014895,P0120,2,233.46,40
O014895,P0048,1,80.09,40
O014895,P0083,2,45.29,40
O014895,P0052,2,96.7,40
O014896,P0064,1,101.18,40
O014896,P0089,3,75.8,40
O014897,P0019,2,225.54,0
O014897,P0085,1,72.91,0
O014897,P0042,1,94.19,0
O014898,P0038,1,11.96,40
O014898,P0023,1,234.72,40
O014898,P0045,1,36.65,40
O014898,P0072,1,22.81,40
O014899,P0077,1,86.48,40
O014899,P0025,3,63.7,40
O014900,P0129,2,10.47,40
O014901,P0071,1,88.96,40
O014901,P0089,1,75.8,40
O014901,P0135,1,61.66,40
O014902,P0149,1,21.0,40
O014903,P0077,1,86.48,40
O014904,P0019,1,225.54,40
O014905,P0022,3,535.5,40
O014905,P0139,3,117.86,40
O014905,P0070,1,144.85,40
O014906,P0096,3,62.39,40
O014907,P0012,1,202.16,40
O014907,P0064,3,101.18,40
O014907,P0020,1,48.67,40
O014907,P0112,1,121.72,40
O014908,P0142,3,46.23,40
O014908,P0021,2,103.85,40
O014908,P0041,1,240.17,40
O014909,P0009,1,879.03,40
O014910,P0077,1,86.48,40
O014910,P0086,1,7.88,40
O014910,P0020,3,48.67,40
O014911,P0034,2,12.47,40
O014912,P0086,1,7.88,40
O014913,P0062,3,109.93,40
O014914,P0149,1,21.0,40
O014915,P0014,1,280.69,40
O014916,P0065,1,128.91,40
O014917,P0002,1,428.99,40
O014918,P0124,2,16.63,40
O014919,P0062,2,109.93,40
O014919,P0029,2,612.77,40
O014919,P0006,1,317.9,40
O014920,P0062,1,109.93,40
O014920,P0108,1,153.58,40
O014920,P0121,2,35.48,40
O014920,P0017,1,45.26,40
O014921,P0012,1,202.16,40
O014922,P0069,1,25.15,40
O014923,P0009,1,879.03,0
O014923,P0009,1,879.03,0
O014924,P0023,1,234.72,40
O014925,P0012,1,202.16,40
O014926,P0078,3,46.55,40
O014926,P0112,1,121.72,40
O014926,P0122,3,44.07,40
O014927,P0023,1,234.72,40
O014927,P0003,1,70.0,40
O014927,P0113,2,52.25,40
O014928,P0037,1,46.51,40
O014928,P0053,2,79.81,40
O014929,P0051,3,37.8,40
O014930,P0045,1,36.65,40
O014931,P0087,1,72.97,40
O014931,P0005,1,105.05,40
O014932,P0022,3,535.5,0
O014932,P0094,3,42.24,0
O014933,P0072,-1,22.81,40
O014934,P0077,3,86.48,40
O014935,P0033,3,58.2,0
O014936,P0047,1,22.6,40
O014936,P0024,3,70.63,40
O014936,P0089,1,75.8,40
O014937,P0011,1,746.1,40
O014938,P0073,1,99.68,40
O014939,P0129,1,10.47,40
O014940,P0096,1,62.39,40
