ticket_id,customer_id,order_id,created_at,topic,channel,agent_id,resolution_hours,satisfaction_score
T000001,CU00001,O000001,2025-03-13,Account / login,email,A14,5.8,4
T000002,CU00004,O000020,2025-01-30,Payment issue,chat,A04,9.9,4
T000003,CU00004,O000022,2025-09-07,Account / login,phone,A02,1.6,3
T000004,CU00005,O000030,2025-03-06,Return / refund,chat,A14,5.2,4
T000005,CU00010,O000062,2025-11-06,Defective / not working,phone,A09,13.4,2
T000006,CU00013,O000076,2025-04-05,Account / login,phone,A08,6.4,5
T000007,CU00014,O000082,2025-06-17,Defective / not working,phone,A03,17.6,1
T000008,CU00014,O000084,2025-07-29,Defective / not working,email,A07,15.5,2
T000009,CU00016,O000099,2025-11-12,Return / refund,email,A02,3.9,3
T000010,CU00016,O000100,2025-11-09,Delivery delay,chat,A14,53.7,2
T000011,CU00016,O000101,2025-12-15,Delivery delay,phone,A09,9.2,6
T000012,CU00016,O000102,2025-12-27,Return / refund,email,A03,23.1,4
T000013,CU00019,O000117,2025-12-18,Defective / not working,email,A03,8.4,1
T000014,CU00020,O000126,2026-04-23,Delivery delay,phone,A02,38.7,2
T000015,CU00022,O000132,2025-02-08,Return / refund,email,A07,7.4,4
T000016,CU00023,O000136,2026-04-07,Delivery delay,chat,A10,14.1,3
T000017,CU00024,O000137,2025-08-29,Defective / not working,email,A10,12.4,2
T000018,CU00024,O000138,2025-11-16,Defective / not working,phone,A03,39.0,1
T000019,CU00026,O000147,2026-04-16,Delivery delay,chat,A02,14.8,3
T000020,CU00029,O000153,2024-12-09,Return / refund,phone,A10,47.2,3
T000021,CU00029,O000155,2025-04-12,Defective / not working,chat,A04,13.3,2
T000022,CU00033,O000174,2025-06-16,Defective / not working,email,A13,8.3,1
T000023,CU00033,O000177,2025-09-27,Defective / not working,chat,A10,11.4,1
T000024,CU00036,O000189,2025-10-21,Defective / not working,chat,A10,5.6,1
T000025,CU00040,O000216,2025-12-24,Delivery delay,phone,A03,18.9,2
T000026,CU00040,O000217,2026-02-14,Delivery delay,phone,A10,5.0,3
T000027,CU00041,O000220,2025-06-08,Defective / not working,email,A08,36.6,1
T000028,CU00041,O000221,2025-06-21,Wrong item,email,A10,16.8,4
T000029,CU00041,O000223,2026-04-28,Payment issue,email,A11,25.5,5
T000030,CU00042,O000229,2025-11-04,Return / refund,email,A09,7.8,3
T000031,CU00043,O000236,2025-07-26,Defective / not working,chat,A13,7.4,2
T000032,CU00045,O000241,2026-01-04,Delivery delay,phone,A06,20.7,3
T000033,CU00046,O000246,2024-11-19,Delivery delay,chat,A01,70.8,3
T000034,CU00046,O000252,2025-10-12,Defective / not working,email,A04,40.1,2
T000035,CU00046,O000254,2026-02-05,Delivery delay,email,A05,5.0,3
T000036,CU00046,O000255,2026-05-01,Delivery delay,email,A05,47.8,2
T000037,CU00046,O000256,2026-06-11,Delivery delay,phone,A04,64.2,2
T000038,CU00054,O000286,2025-01-30,Defective / not working,phone,A08,12.3,2
T000039,CU00054,O000291,2025-12-27,Defective / not working,phone,A04,34.9,2
T000040,CU00057,O000310,2025-08-09,Defective / not working,email,A12,13.1,1
T000041,CU00059,O000321,2026-03-03,Return / refund,chat,A08,,5
T000042,CU00062,O000329,2025-09-23,Account / login,phone,A10,16.4,5
T000043,CU00063,O000331,2026-02-02,Payment issue,phone,A14,2.8,4
T000044,CU00063,O000332,2026-05-10,Payment issue,chat,A07,27.3,4
T000045,CU00066,O000346,2025-01-30,Product question,email,A08,32.5,5
T000046,CU00066,O000354,2026-01-13,Return / refund,email,A14,12.0,4
T000047,CU00068,O000363,2026-02-02,Return / refund,email,A13,26.2,2
T000048,CU00070,O000380,2025-08-11,Defective / not working,email,A03,16.3,3
T000049,CU00073,O000403,2025-10-11,Return / refund,chat,A01,23.3,3
T000050,CU00074,O000405,2026-05-29,Delivery delay,phone,A09,29.9,3
T000051,CU00077,O000421,2024-11-01,Return / refund,email,A10,36.9,3
T000052,CU00079,O000436,2025-07-29,Return / refund,email,A09,10.3,4
T000053,CU00079,O000440,2026-01-01,Return / refund,email,A08,12.2,4
T000054,CU00082,O000452,2026-01-18,Delivery delay,chat,A04,72.0,1
T000055,CU00083,O000458,2026-01-16,Delivery delay,email,A01,28.7,3
T000056,CU00083,O000459,2026-02-08,Delivery delay,phone,A05,40.0,1
T000057,CU00084,O000462,2026-03-20,Delivery delay,phone,A06,48.9,3
T000058,CU00086,O000472,2025-11-25,Delivery delay,email,A01,9.5,1
T000059,CU00086,O000473,2025-12-21,Return / refund,phone,A09,21.0,5
T000060,CU00086,O000474,2026-04-06,Delivery delay,email,A05,28.9,2
T000061,CU00089,O000488,2025-04-08,Return / refund,email,A14,,4
T000062,CU00093,O000506,2024-07-12,Product question,phone,A03,26.2,3
T000063,CU00093,O000509,2025-02-24,Defective / not working,phone,A05,9.3,2
T000064,CU00093,O000513,2026-03-12,Wrong item,email,A06,16.5,5
T000065,CU00096,O000523,2024-11-12,Account / login,email,A14,6.7,5
T000066,CU00096,O000524,2024-12-27,Delivery delay,phone,A06,36.8,2
T000067,CU00096,O000534,2026-03-13,Delivery delay,phone,A10,26.0,1
T000068,CU00097,O000537,2025-06-02,Return / refund,chat,A10,14.4,5
T000069,CU00097,O000538,2025-06-14,Return / refund,email,A12,22.8,10
T000070,CU00099,O000555,2025-11-25,Account / login,email,A14,15.1,3
T000071,CU00100,O000563,2025-07-18,Delivery delay,email,A07,14.6,2
T000072,CU00101,O000567,2026-05-31,Delivery delay,email,A12,33.9,2
T000073,CU00101,O000568,2026-06-07,Delivery delay,chat,A14,14.4,2
T000074,CU00105,O000583,2025-12-24,Delivery delay,phone,A12,6.2,4
T000075,CU00105,O000584,2026-02-14,Defective / not working,chat,A03,7.8,2
T000076,CU00105,O000587,2026-06-20,Delivery delay,chat,A11,17.9,0
T000077,CU00113,O000614,2025-04-01,Defective / not working,chat,A10,24.1,2
T000078,CU00113,O000616,2025-10-03,Defective / not working,email,A04,36.8,2
T000079,CU00114,O000623,2026-02-26,Delivery delay,phone,A02,19.2,2
T000080,CU00114,O000625,2026-06-26,Delivery delay,email,A02,22.4,2
T000081,CU00115,O000629,2025-03-26,Defective / not working,chat,A10,33.3,3
T000082,CU00115,O000633,2025-12-06,Delivery delay,phone,A03,39.0,1
T000083,CU00116,O000636,2025-02-23,Defective / not working,chat,A07,14.6,2
T000084,CU00117,O000646,2025-05-13,Defective / not working,chat,A06,1.0,1
T000085,CU00117,O000650,2026-02-13,Defective / not working,phone,A04,7.4,1
T000086,CU00119,O000661,2026-05-23,Delivery delay,phone,A01,35.8,2
T000087,CU00120,O000670,2025-09-15,Return / refund,email,A11,,4
T000088,CU00120,O000672,2026-01-30,Delivery delay,phone,A14,15.3,1
T000089,CU00123,O000687,2025-01-09,Return / refund,phone,A11,23.1,4
T000090,CU00125,O000704,2026-02-20,Delivery delay,email,A08,,4
T000091,CU00126,O000709,2025-01-12,Defective / not working,phone,A12,10.8,3
T000092,CU00127,O000714,2026-01-06,Defective / not working,chat,A02,36.9,1
T000093,CU00128,O000721,2026-01-01,Delivery delay,phone,A02,33.5,2
T000094,CU00133,O000747,2026-06-29,Defective / not working,phone,A10,16.7,2
T000095,CU00134,O000755,2025-04-11,Delivery delay,email,A04,29.6,2
T000096,CU00134,O000761,2026-01-27,Delivery delay,chat,A06,53.5,2
T000097,CU00135,O000763,2025-06-10,Account / login,chat,A13,10.1,5
T000098,CU00138,O000789,2025-10-05,Delivery delay,chat,A12,35.8,3
T000099,CU00138,O000791,2026-02-09,Delivery delay,phone,A08,64.6,2
T000100,CU00140,O000800,2024-07-09,Product question,phone,A10,1.6,3
T000101,CU00140,O000805,2025-10-07,Defective / not working,email,A11,46.4,3
T000102,CU00141,O000807,2025-11-12,Delivery delay,email,A10,57.9,6
T000103,CU00142,O000814,2025-11-30,Delivery delay,phone,A10,13.9,1
T000104,CU00142,O000817,2026-04-09,Delivery delay,email,A11,32.6,3
T000105,CU00143,O000821,2025-06-13,Defective / not working,email,A08,4.2,2
T000106,CU00144,O000823,2025-03-25,Defective / not working,phone,A12,7.7,2
T000107,CU00146,O000827,2024-12-10,Wrong item,email,A02,16.2,4
T000108,CU00149,O000843,2025-04-13,Product question,phone,A11,8.6,3
T000109,CU00150,O000853,2025-11-10,Delivery delay,email,A13,10.4,3
T000110,CU00152,O000859,2026-03-25,Defective / not working,chat,A14,46.5,1
T000111,CU00154,O000865,2025-05-14,Return / refund,phone,A12,3.3,3
T000112,CU00154,O000871,2025-12-14,Delivery delay,phone,A01,35.1,2
T000113,CU00154,O000874,2026-05-26,Delivery delay,email,A08,17.4,2
T000114,CU00156,O000881,2026-03-16,Delivery delay,phone,A10,12.7,3
T000115,CU00158,O000891,2024-09-25,Delivery delay,email,A12,34.4,3
T000116,CU00158,O000893,2025-08-16,Return / refund,email,A10,13.6,4
T000117,CU00158,O000895,2025-11-19,Return / refund,email,A12,24.3,3
T000118,CU00160,O000899,2024-12-15,Defective / not working,email,A14,,1
T000119,CU00160,O000904,2025-07-20,Defective / not working,phone,A05,7.5,2
T000120,CU00161,O000911,2025-11-20,Product question,email,A04,5.5,3
T000121,CU00164,O000931,2025-12-22,Payment issue,chat,A09,5.2,4
T000122,CU00168,O000953,2025-05-06,Account / login,phone,A14,13.7,3
T000123,CU00168,O000955,2025-12-03,Delivery delay,phone,A05,11.6,1
T000124,CU00169,O000957,2024-07-07,Return / refund,email,A04,30.0,3
T000125,CU00172,O000978,2025-04-26,Product question,phone,A04,11.9,2
T000126,CU00172,O000981,2025-11-17,Defective / not working,phone,A03,20.7,2
T000127,CU00173,O000984,2026-02-24,Delivery delay,chat,A10,13.0,1
T000128,CU00177,O001003,2025-09-16,Payment issue,phone,A05,7.4,4
T000129,CU00177,O001006,2026-04-29,Return / refund,chat,A08,55.6,4
T000130,CU00180,O001031,2026-04-03,Delivery delay,chat,A01,4.3,2
T000131,CU00182,O001045,2026-04-24,Defective / not working,email,A11,23.3,3
T000132,CU00184,O001053,2025-10-11,Return / refund,phone,A02,,2
T000133,CU00185,O001061,2026-01-30,Delivery delay,chat,A12,6.9,3
T000134,CU00187,O001070,2024-12-15,Delivery delay,chat,A06,47.1,3
T000135,CU00187,O001071,2025-01-26,Payment issue,chat,A10,18.1,5
T000136,CU00187,O001078,2025-10-14,Delivery delay,chat,A08,38.2,3
T000137,CU00187,O001082,2025-12-11,Delivery delay,phone,A05,23.8,1
T000138,CU00189,O001087,2026-02-27,Return / refund,email,A08,29.7,4
T000139,CU00191,O001095,2025-02-27,Payment issue,email,A12,2.0,5
T000140,CU00191,O001098,2026-02-28,Product question,phone,A08,12.2,2
T000141,CU00193,O001113,2024-08-26,Return / refund,chat,A07,4.8,5
T000142,CU00193,O001114,2024-08-26,Return / refund,email,A04,12.6,3
T000143,CU00193,O001120,2025-03-03,Payment issue,email,A07,36.5,4
T000144,CU00193,O001123,2025-12-14,Delivery delay,phone,A03,34.5,2
T000145,CU00198,O001144,2025-06-16,Return / refund,phone,A01,36.8,4
T000146,CU00199,O001153,2026-04-12,Return / refund,email,A09,5.3,4
T000147,CU00201,O001160,2026-02-24,Return / refund,email,A08,28.7,4
T000148,CU00203,O001170,2025-05-08,Product question,chat,A07,,3
T000149,CU00203,O001175,2025-11-10,Wrong item,email,A11,19.9,2
T000150,CU00205,O001184,2026-01-03,Return / refund,email,A10,27.8,5
T000151,CU00206,O001188,2025-09-16,Defective / not working,phone,A13,13.5,2
T000152,CU00206,O001191,2025-10-12,Return / refund,phone,A07,37.7,4
T000153,CU00207,O001195,2025-11-27,Defective / not working,phone,A04,5.5,2
T000154,CU00210,O001214,2025-05-22,Payment issue,email,A10,12.8,4
T000155,CU00210,O001217,2025-12-02,Return / refund,phone,A08,33.2,4
T000156,CU00210,O001219,2026-02-17,Delivery delay,email,A01,23.5,1
T000157,CU00211,O001222,2025-09-19,Return / refund,phone,A14,10.9,3
T000158,CU00211,O001223,2025-12-31,Defective / not working,email,A07,10.1,1
T000159,CU00212,O001228,2024-12-22,Account / login,chat,A14,17.6,2
T000160,CU00212,O001230,2025-01-01,Return / refund,chat,A03,46.3,4
T000161,CU00214,O001254,2026-01-07,Defective / not working,chat,A01,10.6,3
T000162,CU00215,O001264,2024-12-24,Return / refund,phone,A02,2.8,4
T000163,CU00215,O001269,2025-12-19,Delivery delay,phone,A01,25.0,2
T000164,CU00217,O001280,2025-02-28,Payment issue,chat,A13,37.1,4
T000165,CU00217,O001283,2025-07-10,Defective / not working,chat,A05,37.1,2
T000166,CU00217,O001284,2025-07-15,Wrong item,email,A10,13.0,3
T000167,CU00221,O001304,2025-12-19,Defective / not working,phone,A13,42.0,1
T000168,CU00222,O001308,2025-08-01,Return / refund,chat,A12,12.7,3
T000169,CU00222,O001309,2025-12-13,Delivery delay,phone,A08,21.1,3
T000170,CU00224,O001315,2024-07-11,Account / login,chat,A04,15.7,3
T000171,CU00224,O001323,2026-03-17,Delivery delay,email,A04,15.7,5
T000172,CU00224,O001324,2026-07-01,Return / refund,email,A14,27.3,2
T000173,CU00228,O001345,2025-11-23,Delivery delay,email,A06,14.6,3
T000174,CU00231,O001356,2025-10-14,Return / refund,email,A11,0.8,4
T000175,CU00233,O001360,2025-01-17,Return / refund,phone,A05,3.5,4
T000176,CU00235,O001367,2024-11-05,Product question,email,A08,34.5,2
T000177,CU00235,O001374,2025-12-01,Delivery delay,phone,A04,38.7,2
T000178,CU00235,O001375,2026-01-03,Delivery delay,phone,A06,14.8,3
T000179,CU00235,O001376,2026-02-16,Delivery delay,chat,A04,5.0,3
T000180,CU00237,O001395,2026-02-13,Defective / not working,email,A13,4.3,2
T000181,CU00238,O001398,2024-09-02,Defective / not working,phone,A14,10.1,2
T000182,CU00238,O001405,2025-12-18,Delivery delay,chat,A08,21.1,2
T000183,CU00241,O001431,2025-11-26,Delivery delay,chat,A11,14.4,2
T000184,CU00243,O001448,2025-12-05,Delivery delay,phone,A12,32.4,2
T000185,CU00246,O001467,2025-08-13,Return / refund,phone,A01,5.9,4
T000186,CU00249,O001473,2025-03-30,Wrong item,chat,A06,13.5,4
T000187,CU00252,O001486,2025-12-07,Defective / not working,chat,A08,19.3,2
T000188,CU00254,O001494,2025-01-24,Return / refund,phone,A02,8.1,3
T000189,CU00254,O001498,2026-02-15,Delivery delay,email,A12,36.0,2
T000190,CU00255,O001501,2025-02-16,Account / login,chat,A10,11.8,3
T000191,CU00255,O001502,2025-07-29,Defective / not working,chat,A12,48.9,1
T000192,CU00257,O001515,2025-05-28,Payment issue,chat,A09,2.6,5
T000193,CU00258,O001521,2026-05-15,Account / login,phone,A14,3.8,3
T000194,CU00259,O001522,2025-11-29,Return / refund,phone,A07,32.0,3
T000195,CU00259,O001523,2026-01-05,Defective / not working,phone,A08,15.5,1
T000196,CU00262,O001531,2025-10-19,Wrong item,chat,A09,8.2,3
T000197,CU00263,O001536,2025-12-15,Delivery delay,chat,A07,35.3,3
T000198,CU00264,O001543,2025-06-06,Defective / not working,chat,A07,17.8,2
T000199,CU00265,O001545,2024-10-27,Defective / not working,chat,A03,39.3,1
T000200,CU00266,O001554,2025-11-18,Delivery delay,chat,A09,,1
T000201,CU00267,O001558,2025-11-21,Delivery delay,email,A01,20.8,3
T000202,CU00267,O001560,2026-05-31,Delivery delay,email,A07,30.2,3
T000203,CU00269,O001575,2026-04-06,Delivery delay,chat,A09,81.3,3
T000204,CU00269,O001576,2026-05-16,Delivery delay,phone,A05,96.7,3
T000205,CU00274,O001601,2024-11-13,Defective / not working,email,A08,43.3,3
T000206,CU00275,O001616,2026-04-28,Delivery delay,phone,A14,18.7,2
T000207,CU00277,O001621,2025-06-24,Defective / not working,chat,A07,6.2,3
T000208,CU00282,O001656,2025-06-26,Return / refund,email,A03,10.3,5
T000209,CU00283,O001662,2026-06-24,Delivery delay,phone,A11,14.6,3
T000210,CU00284,O001664,2025-11-27,Product question,chat,A08,14.6,4
T000211,CU00288,O001677,2024-12-23,Defective / not working,chat,A03,4.8,3
T000212,CU00288,O001680,2025-03-14,Defective / not working,phone,A02,11.4,3
T000213,CU00291,O001694,2025-10-05,Return / refund,email,A08,,5
T000214,CU00291,O001699,2025-12-05,Delivery delay,chat,A11,15.6,3
T000215,CU00291,O001701,2026-03-21,Delivery delay,chat,A10,28.5,2
T000216,CU00293,O001709,2026-05-18,Return / refund,email,A10,4.3,2
T000217,CU00294,O001714,2025-12-23,Defective / not working,phone,A10,17.9,1
T000218,CU00294,O001715,2026-01-24,Wrong item,phone,A11,7.0,3
T000219,CU00296,O001726,2026-04-03,Defective / not working,phone,A06,39.2,1
T000220,CU00298,O001737,2024-12-23,Defective / not working,email,A05,26.1,2
T000221,CU00301,O001755,2025-11-20,Product question,email,A11,18.7,4
T000222,CU00304,O001770,2025-12-15,Delivery delay,email,A11,32.2,2
T000223,CU00306,O001780,2026-04-03,Defective / not working,chat,A02,16.1,1
T000224,CU00312,O001817,2024-12-29,Delivery delay,chat,A11,5.0,3
T000225,CU00314,O001831,2025-05-20,Product question,phone,A12,24.7,4
T000226,CU00314,O001832,2025-10-10,Return / refund,chat,A06,14.4,4
T000227,CU00314,O001833,2026-02-22,Defective / not working,phone,A13,16.6,2
T000228,CU00316,O001843,2026-06-13,Delivery delay,phone,A03,26.9,4
T000229,CU00324,O001863,2026-04-05,Defective / not working,chat,A11,13.1,2
T000230,CU00325,O001865,2024-12-06,Defective / not working,email,A07,5.4,2
T000231,CU00327,O001877,2026-02-13,Defective / not working,email,A11,,2
T000232,CU00333,O001905,2025-09-27,Return / refund,chat,A08,35.3,2
T000233,CU00337,O001919,2026-02-11,Delivery delay,chat,A11,51.1,2
T000234,CU00339,O001927,2024-08-18,Return / refund,chat,A10,15.2,4
T000235,CU00339,O001929,2025-02-23,Payment issue,phone,A11,29.1,3
T000236,CU00339,O001933,2026-01-01,Return / refund,email,A04,20.2,3
T000237,CU00342,O001944,2026-05-20,Account / login,chat,A13,25.1,4
T000238,CU00343,O001954,2026-01-08,Delivery delay,phone,A01,29.2,4
T000239,CU00345,O001963,2024-09-20,Payment issue,email,A04,,3
T000240,CU00345,O001965,2024-12-08,Return / refund,phone,A02,10.7,4
T000241,CU00345,O001967,2025-02-03,Return / refund,chat,A08,4.0,3
T000242,CU00346,O001979,2025-05-26,Return / refund,chat,A06,15.4,3
T000243,CU00347,O001987,2025-04-07,Return / refund,phone,A13,18.4,2
T000244,CU00347,O001988,2025-05-17,Return / refund,chat,A11,9.5,3
T000245,CU00351,O002005,2025-04-29,Defective / not working,chat,A01,2.1,1
T000246,CU00355,O002023,2025-01-05,Defective / not working,email,A13,26.5,1
T000247,CU00355,O002024,2025-02-02,Defective / not working,phone,A08,15.7,1
T000248,CU00357,O002032,2025-02-15,Defective / not working,phone,A03,8.4,2
T000249,CU00359,O002047,2026-01-30,Return / refund,chat,A08,32.5,3
T000250,CU00363,O002066,2025-08-17,Defective / not working,chat,A07,6.7,2
T000251,CU00367,O002090,2026-01-07,Defective / not working,phone,A07,28.0,2
T000252,CU00368,O002097,2026-02-07,Delivery delay,chat,A03,43.9,2
T000253,CU00369,O002101,2025-12-27,Delivery delay,chat,A10,,2
T000254,CU00371,O002113,2026-01-04,Return / refund,email,A04,11.4,4
T000255,CU00371,O002115,2026-02-01,Return / refund,chat,A02,13.4,2
T000256,CU00371,O002118,2026-05-19,Defective / not working,chat,A06,24.3,2
T000257,CU00373,O002126,2025-11-13,Defective / not working,phone,A13,7.9,2
T000258,CU00375,O002137,2025-07-21,Return / refund,email,A02,25.5,3
T000259,CU00375,O002142,2026-04-01,Defective / not working,phone,A04,18.6,2
T000260,CU00376,O002148,2025-03-27,Defective / not working,chat,A06,11.6,2
T000261,CU00379,O002170,2024-12-22,Defective / not working,phone,A04,35.0,3
T000262,CU00381,O002181,2025-11-30,Return / refund,phone,A10,14.7,5
T000263,CU00381,O002183,2026-01-08,Delivery delay,email,A14,35.1,2
T000264,CU00381,O002184,2026-02-16,Delivery delay,email,A11,32.2,3
T000265,CU00382,O002187,2026-06-01,Delivery delay,phone,A03,24.6,2
T000266,CU00382,O002188,2026-07-03,Delivery delay,chat,A06,12.3,3
T000267,CU00390,O002225,2026-03-02,Defective / not working,phone,A09,11.7,1
T000268,CU00391,O002229,2025-06-13,Defective / not working,email,A06,37.4,3
T000269,CU00392,O002238,2025-05-08,Defective / not working,chat,A12,8.5,1
T000270,CU00395,O002254,2025-02-17,Product question,chat,A04,18.1,3
T000271,CU00395,O002261,2026-02-02,Delivery delay,chat,A02,23.1,1
T000272,CU00396,O002263,2024-10-08,Payment issue,email,A09,9.6,4
T000273,CU00398,O002274,2025-01-26,Defective / not working,chat,A05,16.3,1
T000274,CU00399,O002286,2025-10-01,Defective / not working,email,A05,20.8,3
T000275,CU00400,O002297,2025-11-18,Delivery delay,email,A10,30.0,2
T000276,CU00401,O002299,2026-01-28,Product question,phone,A14,30.1,5
T000277,CU00405,O002308,2025-07-27,Wrong item,chat,A13,8.9,3
T000278,CU00405,O002312,2026-06-13,Defective / not working,email,A06,11.6,3
T000279,CU00406,O002319,2025-08-15,Defective / not working,email,A14,38.9,2
T000280,CU00411,O002336,2025-11-11,Delivery delay,chat,A03,41.2,2
T000281,CU00415,O002348,2024-10-01,Return / refund,email,A09,16.8,4
T000282,CU00417,O002372,2025-11-28,Defective / not working,email,A11,,1
T000283,CU00420,O002384,2025-05-31,Delivery delay,chat,A13,17.9,2
T000284,CU00420,O002385,2025-11-25,Delivery delay,email,A08,33.1,1
T000285,CU00422,O002398,2026-05-10,Defective / not working,email,A12,18.8,1
T000286,CU00423,O002410,2026-01-01,Delivery delay,chat,A11,,1
T000287,CU00424,O002411,2026-04-08,Defective / not working,email,A14,,1
T000288,CU00426,O002427,2025-12-20,Return / refund,chat,A13,9.4,3
T000289,CU00427,O002431,2026-03-18,Delivery delay,email,A01,27.5,1
T000290,CU00430,O002447,2025-09-25,Defective / not working,chat,A01,23.3,4
T000291,CU00432,O002457,2025-07-04,Defective / not working,email,A11,2.6,2
T000292,CU00433,O002464,2026-02-10,Delivery delay,chat,A08,18.8,1
T000293,CU00436,O002482,2025-05-09,Return / refund,phone,A04,11.9,3
T000294,CU00436,O002486,2025-06-28,Defective / not working,email,A11,18.0,2
T000295,CU00436,O002488,2026-02-07,Defective / not working,email,A02,11.9,3
T000296,CU00437,O002496,2025-06-15,Return / refund,chat,A10,12.2,4
T000297,CU00440,O002506,2024-09-11,Defective / not working,chat,A03,3.9,3
T000298,CU00443,O002529,2026-07-07,Product question,phone,A09,17.2,3
T000299,CU00444,O002531,2024-11-06,Return / refund,phone,A04,10.4,5
T000300,CU00445,O002539,2026-05-06,Delivery delay,email,A14,1.4,2
T000301,CU00448,O002555,2026-06-20,Defective / not working,phone,A08,4.4,1
T000302,CU00450,O002563,2024-08-26,Account / login,email,A14,26.6,4
T000303,CU00452,O002576,2025-10-15,Product question,chat,A14,13.1,4
T000304,CU00454,O002583,2025-11-27,Delivery delay,phone,A02,30.0,1
T000305,CU00454,O002585,2026-03-18,Delivery delay,chat,A04,,3
T000306,CU00457,O002597,2026-04-23,Return / refund,email,A02,15.6,4
T000307,CU00461,O002615,2026-01-05,Account / login,phone,A11,6.3,3
T000308,CU00462,O002617,2026-06-26,Delivery delay,chat,A12,25.4,2
T000309,CU00464,O002622,2025-03-25,Defective / not working,email,A03,2.7,2
T000310,CU00464,O002623,2026-04-03,Payment issue,chat,A04,10.9,5
T000311,CU00469,O002657,2025-11-17,Delivery delay,phone,A07,35.8,2
T000312,CU00469,O002661,2026-06-16,Delivery delay,chat,A14,32.7,1
T000313,CU00470,O002665,2026-04-12,Defective / not working,phone,A05,18.5,2
T000314,CU00475,O002691,2026-02-06,Defective / not working,chat,A09,,4
T000315,CU00476,O002693,2025-01-27,Delivery delay,chat,A10,4.7,3
T000316,CU00476,O002697,2026-06-16,Delivery delay,chat,A12,3.5,3
T000317,CU00478,O002706,2025-02-04,Defective / not working,chat,A10,23.7,1
T000318,CU00482,O002716,2025-12-23,Delivery delay,email,A12,9.6,4
T000319,CU00482,O002717,2026-01-27,Delivery delay,email,A06,30.4,3
T000320,CU00486,O002729,2026-03-26,Wrong item,phone,A06,7.3,5
T000321,CU00486,O002730,2026-04-10,Return / refund,chat,A02,10.3,4
T000322,CU00488,O002746,2025-08-27,Return / refund,chat,A01,22.3,4
T000323,CU00488,O002747,2025-12-07,Delivery delay,chat,A09,41.8,2
T000324,CU00488,O002748,2026-02-23,Delivery delay,phone,A02,6.8,1
T000325,CU00489,O002750,2026-02-21,Return / refund,chat,A13,15.8,3
T000326,CU00491,O002756,2024-09-06,Return / refund,email,A02,44.4,4
T000327,CU00493,O002771,2025-04-01,Payment issue,phone,A14,22.3,3
T000328,CU00495,O002785,2025-06-30,Defective / not working,chat,A14,10.4,2
T000329,CU00496,O002789,2024-10-01,Product question,email,A05,,4
T000330,CU00496,O002796,2025-12-22,Delivery delay,chat,A05,36.8,2
T000331,CU00500,O002810,2024-09-01,Defective / not working,email,A13,13.2,3
T000332,CU00505,O002831,2025-11-29,Return / refund,email,A08,43.8,3
T000333,CU00509,O002852,2024-09-13,Wrong item,email,A09,2.1,4
T000334,CU00509,O002853,2024-12-06,Payment issue,email,A14,30.9,4
T000335,CU00510,O002866,2026-04-07,Return / refund,email,A02,27.1,3
T000336,CU00515,O002884,2026-03-03,Delivery delay,phone,A07,92.7,2
T000337,CU00516,O002885,2026-05-15,Product question,chat,A07,34.8,3
T000338,CU00518,O002894,2024-07-02,Defective / not working,phone,A02,46.3,3
T000339,CU00520,O002913,2026-02-05,Delivery delay,email,A12,33.2,3
T000340,CU00522,O002920,2026-01-11,Return / refund,phone,A05,8.7,3
T000341,CU00523,O002923,2024-08-09,Product question,chat,A08,5.5,3
T000342,CU00523,O002936,2025-11-28,Delivery delay,phone,A03,26.2,3
T000343,CU00523,O002938,2026-03-22,Delivery delay,email,A14,22.7,2
T000344,CU00525,O002948,2025-04-11,Return / refund,phone,A01,12.7,5
T000345,CU00526,O002954,2025-08-22,Return / refund,email,A01,19.7,3
T000346,CU00528,O002968,2025-05-29,Account / login,chat,A05,3.4,2
T000347,CU00531,O002976,2025-02-09,Return / refund,email,A01,34.9,4
T000348,CU00533,O002988,2024-11-26,Return / refund,chat,A11,35.6,2
T000349,CU00540,O003030,2026-02-17,Defective / not working,phone,A14,24.2,1
T000350,CU00542,O003041,2025-11-09,Delivery delay,phone,A10,22.3,2
T000351,CU00544,O003054,2026-01-03,Delivery delay,phone,A07,18.8,2
T000352,CU00545,O003062,2025-04-24,Defective / not working,chat,A10,,2
T000353,CU00545,O003065,2026-04-05,Delivery delay,email,A09,20.2,1
T000354,CU00546,O003078,2025-12-25,Delivery delay,chat,A08,38.8,2
T000355,CU00546,O003079,2026-01-08,Delivery delay,phone,A06,29.0,3
T000356,CU00546,O003082,2026-06-08,Delivery delay,email,A04,37.3,4
T000357,CU00550,O003093,2024-12-08,Account / login,chat,A01,5.8,0
T000358,CU00551,O003104,2025-07-05,Return / refund,email,A06,24.8,2
T000359,CU00553,O003114,2025-03-22,Defective / not working,phone,A12,2.3,1
T000360,CU00555,O003124,2026-06-22,Account / login,email,A02,32.7,2
T000361,CU00558,O003138,2025-12-30,Delivery delay,phone,A05,14.4,1
T000362,CU00559,O003141,2025-12-07,Defective / not working,email,A02,,1
T000363,CU00559,O003142,2025-12-06,Defective / not working,chat,A06,23.3,3
T000364,CU00560,O003147,2025-11-27,Account / login,phone,A09,12.3,4
T000365,CU00563,O003161,2026-06-06,Defective / not working,email,A03,45.8,3
T000366,CU00566,O003174,2025-01-13,Return / refund,phone,A06,,4
T000367,CU00567,O003182,2024-09-14,Return / refund,email,A12,26.7,3
T000368,CU00571,O003208,2026-04-28,Delivery delay,chat,A08,28.3,3
T000369,CU00573,O003214,2026-04-28,Delivery delay,phone,A08,18.2,6
T000370,CU00575,O003219,2026-06-24,Delivery delay,email,A03,8.8,2
T000371,CU00576,O003220,2024-09-25,Return / refund,chat,A10,8.4,3
T000372,CU00576,O003222,2025-03-12,Defective / not working,chat,A02,36.6,2
T000373,CU00577,O003231,2025-11-01,Payment issue,email,A02,13.2,3
T000374,CU00578,O003232,2025-12-16,Payment issue,phone,A08,3.8,4
T000375,CU00580,O003247,2025-10-19,Account / login,email,A03,14.9,3
T000376,CU00580,O003252,2026-02-14,Payment issue,email,A03,10.1,3
T000377,CU00586,O003277,2025-05-28,Defective / not working,phone,A06,9.0,1
T000378,CU00586,O003282,2026-01-03,Delivery delay,email,A12,10.9,1
T000379,CU00586,O003283,2026-02-26,Delivery delay,phone,A07,24.1,1
T000380,CU00590,O003304,2026-02-05,Defective / not working,chat,A13,3.1,1
T000381,CU00592,O003314,2025-06-11,Defective / not working,chat,A05,17.0,3
T000382,CU00592,O003315,2025-07-27,Wrong item,phone,A02,13.4,4
T000383,CU00594,O003320,2026-05-19,Delivery delay,email,A03,8.1,2
T000384,CU00597,O003327,2026-03-08,Return / refund,chat,A12,13.8,2
T000385,CU00597,O003328,2026-03-01,Defective / not working,email,A10,10.0,2
T000386,CU00601,O003345,2025-11-13,Delivery delay,phone,A06,33.6,3
T000387,CU00603,O003350,2025-12-24,Delivery delay,email,A10,8.4,2
T000388,CU00604,O003353,2025-06-16,Return / refund,chat,A09,11.9,4
T000389,CU00608,O003376,2025-09-21,Return / refund,phone,A02,7.4,3
T000390,CU00610,O003382,2025-04-06,Return / refund,chat,A08,54.1,2
T000391,CU00612,O003394,2026-03-07,Defective / not working,chat,A02,7.1,2
T000392,CU00616,O003420,2025-03-27,Product question,chat,A08,16.9,4
T000393,CU00617,O003428,2025-02-24,Defective / not working,chat,A11,2.7,2
T000394,CU00618,O003435,2025-05-10,Return / refund,chat,A13,8.6,3
T000395,CU00620,O003450,2026-03-20,Defective / not working,phone,A01,41.7,2
T000396,CU00622,O003465,2025-12-27,Delivery delay,phone,A06,0.8,1
T000397,CU00622,O003466,2026-02-14,Product question,phone,A02,33.7,4
T000398,CU00622,O003467,2026-02-17,Delivery delay,chat,A04,10.5,3
T000399,CU00623,O003470,2024-10-09,Wrong item,phone,A01,24.6,4
T000400,CU00627,O003496,2025-05-01,Return / refund,email,A06,13.7,4
T000401,CU00628,O003506,2026-06-29,Defective / not working,chat,A14,5.5,1
T000402,CU00631,O003518,2025-10-04,Delivery delay,chat,A02,16.3,3
T000403,CU00632,O003522,2025-11-03,Return / refund,chat,A12,7.4,4
T000404,CU00634,O003531,2025-04-10,Wrong item,phone,A10,6.6,3
T000405,CU00635,O003538,2025-12-05,Defective / not working,email,A10,38.4,2
T000406,CU00637,O003545,2025-04-26,Delivery delay,phone,A11,69.4,3
T000407,CU00638,O003550,2025-06-23,Return / refund,chat,A04,17.3,3
T000408,CU00640,O003572,2026-05-24,Product question,phone,A12,2.6,4
T000409,CU00643,O003588,2024-10-15,Product question,email,A14,24.1,3
T000410,CU00643,O003597,2025-09-19,Return / refund,phone,A02,4.3,1
T000411,CU00645,O003610,2025-11-28,Delivery delay,phone,A13,21.0,3
T000412,CU00647,O003615,2026-06-17,Delivery delay,email,A09,10.7,1
T000413,CU00649,O003629,2026-02-08,Delivery delay,phone,A03,17.7,2
T000414,CU00649,O003631,2026-04-01,Delivery delay,phone,A13,27.4,2
T000415,CU00654,O003661,2026-03-25,Defective / not working,phone,A14,6.7,3
T000416,CU00655,O003671,2026-02-17,Product question,email,A03,11.1,0
T000417,CU00655,O003672,2026-03-30,Payment issue,email,A13,17.3,4
T000418,CU00661,O003703,2024-10-06,Return / refund,chat,A07,8.2,4
T000419,CU00668,O003749,2026-04-07,Delivery delay,chat,A01,22.2,3
T000420,CU00668,O003750,2026-06-19,Delivery delay,email,A01,9.0,2
T000421,CU00670,O003761,2026-02-23,Product question,chat,A12,14.5,3
T000422,CU00673,O003774,2026-01-12,Return / refund,email,A12,11.1,4
T000423,CU00674,O003778,2025-03-07,Defective / not working,email,A07,3.1,1
T000424,CU00678,O003795,2026-06-02,Defective / not working,email,A11,,1
T000425,CU00679,O003797,2025-10-12,Return / refund,chat,A09,6.9,4
T000426,CU00683,O003806,2025-04-05,Delivery delay,chat,A01,38.1,3
T000427,CU00684,O003812,2025-10-27,Delivery delay,chat,A13,38.9,3
T000428,CU00684,O003813,2026-02-21,Delivery delay,email,A03,12.3,1
T000429,CU00686,O003816,2026-01-12,Delivery delay,phone,A13,43.1,2
T000430,CU00689,O003821,2026-01-04,Delivery delay,email,A12,7.1,3
T000431,CU00692,O003833,2026-04-19,Return / refund,phone,A04,18.1,3
T000432,CU00693,O003835,2025-02-24,Return / refund,chat,A11,53.4,3
T000433,CU00697,O003851,2025-10-20,Defective / not working,chat,A10,11.1,2
T000434,CU00697,O003853,2026-05-21,Return / refund,chat,A11,2.4,4
T000435,CU00698,O003854,2024-10-01,Delivery delay,email,A12,18.0,3
T000436,CU00701,O003867,2025-02-08,Payment issue,email,A11,17.7,2
T000437,CU00701,O003874,2026-03-26,Product question,chat,A13,38.2,2
T000438,CU00706,O003902,2024-10-25,Delivery delay,email,A08,32.3,4
T000439,CU00713,O003938,2025-09-26,Product question,phone,A13,17.9,4
T000440,CU00713,O003940,2026-01-19,Delivery delay,chat,A05,29.2,2
T000441,CU00714,O003944,2025-12-22,Delivery delay,phone,A02,25.9,2
T000442,CU00715,O003951,2026-03-04,Account / login,phone,A08,10.8,2
T000443,CU00716,O003952,2025-09-30,Defective / not working,email,A10,10.8,1
T000444,CU00716,O003955,2026-02-04,Product question,chat,A02,1.3,4
T000445,CU00717,O003960,2026-06-13,Return / refund,chat,A07,2.0,4
T000446,CU00722,O003972,2025-07-17,Defective / not working,phone,A04,57.6,1
T000447,CU00724,O003977,2025-11-22,Account / login,email,A01,22.3,3
T000448,CU00725,O003989,2026-02-03,Return / refund,chat,A02,21.1,4
T000449,CU00726,O003990,2026-06-01,Defective / not working,phone,A14,12.2,2
T000450,CU00729,O004009,2026-04-03,Return / refund,phone,A06,6.8,3
T000451,CU00731,O004026,2025-05-02,Defective / not working,chat,A09,19.8,1
T000452,CU00732,O004031,2025-05-19,Defective / not working,phone,A12,6.7,2
T000453,CU00737,O004060,2025-09-09,Return / refund,phone,A03,,0
T000454,CU00737,O004062,2025-12-11,Delivery delay,email,A07,14.4,2
T000455,CU00738,O004065,2024-10-16,Delivery delay,chat,A01,37.7,3
T000456,CU00738,O004070,2025-10-12,Return / refund,email,A14,5.3,4
T000457,CU00740,O004086,2026-01-18,Delivery delay,email,A07,15.2,3
T000458,CU00740,O004087,2026-02-27,Delivery delay,phone,A04,55.6,2
T000459,CU00741,O004090,2024-07-29,Defective / not working,phone,A03,4.1,2
T000460,CU00744,O004105,2024-08-09,Product question,email,A06,22.4,4
T000461,CU00744,O004107,2025-08-18,Defective / not working,email,A01,32.0,1
T000462,CU00744,O004109,2026-01-06,Defective / not working,email,A06,11.5,2
T000463,CU00745,O004111,2024-11-29,Return / refund,email,A14,21.0,4
T000464,CU00746,O004115,2024-09-17,Account / login,chat,A03,12.5,4
T000465,CU00748,O004120,2025-03-14,Payment issue,phone,A06,12.4,4
T000466,CU00750,O004129,2026-05-02,Defective / not working,phone,A12,42.3,3
T000467,CU00751,O004133,2026-05-11,Defective / not working,email,A01,,1
T000468,CU00752,O004136,2026-06-30,Delivery delay,phone,A03,23.6,2
T000469,CU00754,O004140,2025-08-11,Product question,chat,A04,7.2,5
T000470,CU00754,O004141,2025-10-01,Wrong item,phone,A08,1.8,5
T000471,CU00756,O004150,2025-11-17,Delivery delay,email,A04,46.4,2
T000472,CU00756,O004152,2026-04-01,Delivery delay,phone,A12,29.3,3
T000473,CU00756,O004153,2026-05-31,Delivery delay,phone,A09,7.3,3
T000474,CU00757,O004158,2025-10-29,Return / refund,phone,A03,6.2,5
T000475,CU00757,O004160,2025-12-07,Product question,phone,A04,16.0,5
T000476,CU00758,O004165,2025-02-17,Defective / not working,phone,A01,28.5,3
T000477,CU00763,O004193,2024-10-21,Defective / not working,chat,A01,17.6,2
T000478,CU00763,O004194,2025-09-15,Return / refund,chat,A10,14.4,3
T000479,CU00764,O004199,2024-09-06,Return / refund,phone,A08,18.9,2
T000480,CU00764,O004205,2025-03-07,Payment issue,email,A02,2.6,5
T000481,CU00770,O004241,2024-11-26,Wrong item,phone,A10,3.3,5
T000482,CU00770,O004243,2024-12-22,Defective / not working,email,A04,,3
T000483,CU00773,O004262,2024-07-26,Return / refund,phone,A13,11.4,4
T000484,CU00773,O004265,2024-09-13,Defective / not working,chat,A09,1.0,1
T000485,CU00774,O004279,2026-06-16,Delivery delay,chat,A05,36.9,3
T000486,CU00776,O004288,2026-04-23,Return / refund,phone,A09,9.6,3
T000487,CU00782,O004319,2025-11-28,Delivery delay,chat,A10,31.1,3
T000488,CU00785,O004330,2026-01-13,Defective / not working,chat,A09,10.2,3
T000489,CU00785,O004333,2026-04-27,Defective / not working,phone,A13,6.0,1
T000490,CU00788,O004355,2025-06-06,Defective / not working,chat,A10,13.2,2
T000491,CU00790,O004363,2024-12-17,Account / login,email,A08,2.7,3
T000492,CU00790,O004369,2025-06-29,Defective / not working,chat,A09,13.3,4
T000493,CU00790,O004373,2025-12-13,Delivery delay,chat,A02,15.6,1
T000494,CU00794,O004382,2024-09-16,Return / refund,email,A01,14.9,3
T000495,CU00794,O004386,2026-02-11,Return / refund,chat,A13,10.6,4
T000496,CU00798,O004408,2026-06-03,Defective / not working,phone,A14,7.4,2
T000497,CU00799,O004410,2025-11-21,Delivery delay,phone,A06,22.6,3
T000498,CU00799,O004411,2025-12-28,Delivery delay,chat,A09,12.8,0
T000499,CU00803,O004422,2025-11-11,Account / login,email,A06,39.5,2
T000500,CU00805,O004429,2026-03-11,Delivery delay,phone,A04,25.1,2
T000501,CU00807,O004434,2025-01-10,Wrong item,email,A07,5.4,3
T000502,CU00807,O004436,2025-04-17,Product question,email,A10,1.1,3
T000503,CU00807,O004443,2025-11-09,Defective / not working,chat,A01,7.1,4
T000504,CU00811,O004468,2025-07-03,Return / refund,email,A14,20.7,4
T000505,CU00814,O004487,2025-05-10,Delivery delay,chat,A10,48.8,3
T000506,CU00818,O004507,2025-07-23,Defective / not working,chat,A04,6.2,1
T000507,CU00822,O004526,2025-05-11,Defective / not working,email,A09,7.9,1
T000508,CU00826,O004545,2025-11-10,Product question,phone,A03,49.4,4
T000509,CU00827,O004552,2025-02-27,Defective / not working,phone,A02,15.7,1
T000510,CU00833,O004580,2025-11-25,Delivery delay,email,A06,23.9,1
T000511,CU00833,O004582,2026-06-24,Return / refund,chat,A14,38.5,4
T000512,CU00835,O004596,2026-05-04,Payment issue,email,A06,21.6,4
T000513,CU00836,O004598,2025-10-05,Defective / not working,chat,A07,10.6,1
T000514,CU00838,O004613,2025-09-24,Defective / not working,phone,A13,25.0,1
T000515,CU00839,O004623,2025-06-15,Return / refund,chat,A03,37.7,3
T000516,CU00839,O004625,2025-07-12,Return / refund,chat,A08,47.7,4
T000517,CU00840,O004634,2025-12-02,Defective / not working,chat,A08,4.8,1
T000518,CU00841,O004638,2024-09-25,Defective / not working,phone,A03,12.1,3
T000519,CU00844,O004658,2026-05-02,Return / refund,chat,A02,29.5,3
T000520,CU00845,O004663,2025-12-04,Delivery delay,email,A05,30.4,3
T000521,CU00848,O004690,2025-02-17,Defective / not working,phone,A11,17.0,2
T000522,CU00851,O004709,2025-11-29,Delivery delay,email,A04,14.1,2
T000523,CU00853,O004715,2025-03-12,Account / login,email,A04,15.7,3
T000524,CU00853,O004719,2025-12-17,Defective / not working,email,A12,,2
T000525,CU00853,O004721,2026-03-03,Account / login,email,A10,24.6,2
T000526,CU00855,O004728,2024-11-18,Account / login,chat,A11,,4
T000527,CU00855,O004734,2025-09-10,Return / refund,phone,A02,5.9,2
T000528,CU00855,O004740,2026-03-09,Delivery delay,email,A11,,2
T000529,CU00857,O004745,2026-06-03,Account / login,email,A07,10.2,4
T000530,CU00860,O004768,2025-11-12,Defective / not working,chat,A02,25.6,3
T000531,CU00862,O004781,2025-09-16,Defective / not working,phone,A01,16.0,2
T000532,CU00867,O004809,2026-06-10,Product question,email,A12,10.6,4
T000533,CU00869,O004816,2026-03-29,Defective / not working,email,A11,9.9,2
T000534,CU00874,O004840,2025-07-11,Return / refund,phone,A06,27.8,3
T000535,CU00875,O004850,2025-12-12,Return / refund,phone,A03,9.2,5
T000536,CU00875,O004855,2026-05-29,Return / refund,chat,A04,14.2,2
T000537,CU00877,O004866,2025-12-25,Return / refund,chat,A02,42.2,5
T000538,CU00878,O004869,2026-05-04,Defective / not working,phone,A01,28.8,1
T000539,CU00881,O004887,2025-12-10,Delivery delay,phone,A06,11.1,2
T000540,CU00881,O004888,2025-12-22,Delivery delay,phone,A01,73.0,3
T000541,CU00882,O004897,2025-08-21,Return / refund,email,A13,,1
T000542,CU00882,O004902,2026-02-11,Delivery delay,chat,A09,25.2,2
T000543,CU00883,O004905,2025-10-31,Product question,phone,A08,7.0,4
T000544,CU00883,O004907,2026-01-05,Delivery delay,email,A11,60.1,2
T000545,CU00890,O004938,2025-11-13,Delivery delay,phone,A07,2.1,3
T000546,CU00891,O004943,2024-12-30,Defective / not working,phone,A03,3.8,2
T000547,CU00892,O004951,2026-05-25,Return / refund,chat,A09,7.3,4
T000548,CU00893,O004962,2025-12-29,Delivery delay,chat,A04,58.3,3
T000549,CU00893,O004963,2026-04-17,Delivery delay,email,A07,45.7,3
T000550,CU00894,O004966,2024-09-03,Delivery delay,phone,A08,42.9,4
T000551,CU00898,O004995,2026-03-18,Delivery delay,phone,A06,1.5,3
T000552,CU00898,O004996,2026-06-05,Delivery delay,chat,A07,,2
T000553,CU00899,O005001,2025-03-03,Return / refund,chat,A06,7.4,4
T000554,CU00901,O005007,2026-04-21,Delivery delay,chat,A14,75.1,3
T000555,CU00902,O005010,2025-10-15,Payment issue,phone,A07,2.2,4
T000556,CU00904,O005014,2026-02-15,Delivery delay,chat,A07,12.2,3
T000557,CU00906,O005024,2024-11-01,Defective / not working,phone,A13,7.5,1
T000558,CU00906,O005026,2025-03-27,Account / login,email,A09,21.2,3
T000559,CU00907,O005042,2026-04-10,Delivery delay,phone,A08,40.0,2
T000560,CU00914,O005064,2025-08-26,Defective / not working,phone,A04,8.7,1
T000561,CU00914,O005067,2026-04-23,Payment issue,chat,A07,16.7,4
T000562,CU00917,O005084,2026-02-26,Delivery delay,email,A07,11.1,3
T000563,CU00918,O005091,2025-07-05,Return / refund,chat,A14,45.8,4
T000564,CU00918,O005096,2025-11-20,Delivery delay,email,A03,11.4,2
T000565,CU00918,O005097,2025-12-12,Delivery delay,email,A06,7.1,4
T000566,CU00920,O005110,2026-06-15,Delivery delay,email,A11,38.4,2
T000567,CU00929,O005139,2026-05-18,Return / refund,phone,A11,13.2,3
T000568,CU00930,O005140,2026-01-07,Delivery delay,email,A05,2.8,4
T000569,CU00931,O005145,2024-12-18,Defective / not working,email,A03,36.2,2
T000570,CU00932,O005159,2025-12-28,Defective / not working,chat,A03,6.6,2
T000571,CU00934,O005172,2025-10-31,Return / refund,email,A12,15.2,4
T000572,CU00934,O005175,2026-04-26,Return / refund,chat,A03,16.5,2
T000573,CU00936,O005187,2025-11-24,Delivery delay,phone,A07,11.2,3
T000574,CU00936,O005188,2025-12-15,Delivery delay,chat,A07,35.4,2
T000575,CU00937,O005191,2025-08-19,Return / refund,phone,A14,3.0,2
T000576,CU00938,O005198,2026-02-06,Defective / not working,chat,A08,10.2,2
T000577,CU00939,O005209,2026-05-17,Defective / not working,phone,A09,13.1,3
T000578,CU00940,O005212,2025-10-28,Return / refund,chat,A14,21.0,4
T000579,CU00948,O005257,2026-04-10,Return / refund,phone,A03,22.2,3
T000580,CU00949,O005273,2026-05-08,Delivery delay,email,A12,17.3,2
T000581,CU00950,O005276,2025-09-18,Return / refund,email,A01,9.9,4
T000582,CU00954,O005303,2026-04-25,Defective / not working,chat,A12,8.9,2
T000583,CU00961,O005327,2025-12-12,Product question,email,A12,44.8,3
T000584,CU00964,O005343,2025-02-23,Account / login,phone,A04,14.0,4
T000585,CU00966,O005350,2025-03-28,Return / refund,phone,A06,33.8,3
T000586,CU00968,O005367,2026-02-08,Delivery delay,chat,A02,30.8,2
T000587,CU00970,O005380,2025-12-22,Return / refund,email,A02,4.8,3
T000588,CU00971,O005384,2026-04-26,Delivery delay,phone,A07,26.2,3
T000589,CU00971,O005385,2026-05-26,Delivery delay,phone,A13,56.7,2
T000590,CU00974,O005394,2024-10-11,Defective / not working,chat,A10,,2
T000591,CU00974,O005398,2025-12-27,Return / refund,chat,A10,22.3,2
T000592,CU00976,O005417,2025-12-31,Defective / not working,email,A07,20.9,1
T000593,CU00976,O005418,2026-03-04,Defective / not working,chat,A04,7.5,3
T000594,CU00978,O005428,2026-02-28,Delivery delay,phone,A05,44.1,0
T000595,CU00984,O005453,2025-12-02,Account / login,email,A14,15.6,3
T000596,CU00985,O005456,2024-08-14,Defective / not working,chat,A14,11.6,1
T000597,CU00985,O005458,2025-04-10,Account / login,chat,A14,,4
T000598,CU00985,O005460,2025-11-05,Product question,phone,A02,36.7,0
T000599,CU00991,O005498,2025-03-26,Wrong item,email,A14,23.8,3
T000600,CU00991,O005499,2025-04-30,Return / refund,chat,A03,22.0,4
T000601,CU00991,O005500,2026-05-13,Delivery delay,phone,A01,32.4,3
T000602,CU00993,O005514,2025-07-21,Defective / not working,email,A05,16.1,2
T000603,CU00993,O005518,2026-02-25,Return / refund,phone,A07,29.4,3
T000604,CU00994,O005522,2025-06-30,Defective / not working,chat,A11,18.9,1
T000605,CU00998,O005541,2025-12-24,Delivery delay,phone,A13,30.4,2
T000606,CU00999,O005546,2025-11-19,Defective / not working,phone,A03,6.5,1
T000607,CU01001,O005559,2026-02-16,Return / refund,phone,A12,12.2,2
T000608,CU01004,O005571,2025-11-11,Delivery delay,chat,A13,2.2,2
T000609,CU01004,O005572,2026-05-21,Delivery delay,chat,A09,23.3,3
T000610,CU01005,O005573,2025-01-05,Defective / not working,chat,A03,7.5,2
T000611,CU01011,O005609,2025-12-08,Defective / not working,chat,A05,8.9,2
T000612,CU01012,O005617,2026-03-01,Defective / not working,phone,A02,21.3,2
T000613,CU01013,O005623,2026-01-26,Return / refund,phone,A09,6.4,2
T000614,CU01014,O005628,2024-12-10,Product question,chat,A02,16.3,5
T000615,CU01014,O005631,2025-12-02,Delivery delay,email,A07,27.2,4
T000616,CU01014,O005632,2025-12-18,Delivery delay,phone,A02,50.2,2
T000617,CU01015,O005637,2025-02-12,Return / refund,email,A05,8.8,3
T000618,CU01017,O005646,2024-07-26,Account / login,email,A04,,3
T000619,CU01017,O005649,2024-12-31,Return / refund,email,A02,4.5,2
T000620,CU01017,O005651,2025-01-21,Defective / not working,chat,A06,8.8,2
T000621,CU01017,O005658,2026-01-24,Delivery delay,email,A10,106.8,3
T000622,CU01022,O005679,2025-08-11,Defective / not working,email,A06,17.0,1
T000623,CU01023,O005683,2026-02-11,Delivery delay,email,A02,21.8,2
T000624,CU01024,O005684,2024-07-17,Wrong item,email,A14,27.9,4
T000625,CU01024,O005687,2025-02-23,Defective / not working,chat,A04,23.0,2
T000626,CU01024,O005694,2025-11-19,Delivery delay,email,A03,52.4,1
T000627,CU01026,O005703,2025-07-28,Defective / not working,phone,A14,38.1,2
T000628,CU01029,O005716,2026-06-12,Defective / not working,email,A01,5.9,2
T000629,CU01032,O005726,2025-07-11,Defective / not working,chat,A13,20.6,1
T000630,CU01033,O005733,2026-06-17,Delivery delay,phone,A08,,1
T000631,CU01033,O005734,2026-06-23,Delivery delay,phone,A06,25.2,1
T000632,CU01039,O005768,2025-11-08,Delivery delay,chat,A03,17.8,3
T000633,CU01039,O005771,2026-01-24,Delivery delay,chat,A14,17.7,2
T000634,CU01041,O005786,2025-08-13,Return / refund,email,A01,6.5,5
T000635,CU01045,O005800,2025-09-26,Delivery delay,email,A02,16.8,3
T000636,CU01045,O005802,2026-02-23,Delivery delay,chat,A14,10.7,1
T000637,CU01045,O005803,2026-04-01,Delivery delay,email,A09,32.9,2
T000638,CU01046,O005808,2025-03-06,Defective / not working,phone,A05,14.5,3
T000639,CU01048,O005833,2025-02-03,Defective / not working,phone,A10,9.2,3
T000640,CU01049,O005839,2024-09-07,Defective / not working,phone,A02,37.2,2
T000641,CU01049,O005848,2025-11-18,Delivery delay,email,A10,32.9,1
T000642,CU01053,O005869,2025-10-21,Defective / not working,chat,A11,22.6,2
T000643,CU01054,O005875,2026-03-01,Delivery delay,phone,A07,37.9,2
T000644,CU01054,O005876,2026-06-10,Delivery delay,email,A09,8.1,1
T000645,CU01056,O005889,2026-04-21,Delivery delay,email,A08,22.3,3
T000646,CU01056,O005890,2026-04-25,Return / refund,chat,A02,8.6,5
T000647,CU01058,O005898,2026-02-15,Delivery delay,chat,A14,72.2,4
T000648,CU01065,O005931,2025-03-27,Product question,chat,A11,9.1,4
T000649,CU01065,O005934,2025-12-12,Delivery delay,chat,A11,59.9,1
T000650,CU01066,O005941,2025-12-25,Defective / not working,chat,A13,11.1,2
T000651,CU01067,O005954,2026-06-04,Delivery delay,phone,A09,17.0,1
T000652,CU01070,O005961,2024-09-10,Defective / not working,phone,A02,20.3,2
T000653,CU01070,O005965,2026-01-01,Wrong item,email,A12,57.1,2
T000654,CU01074,O005989,2026-05-28,Defective / not working,email,A10,15.3,2
T000655,CU01077,O005997,2026-01-31,Delivery delay,chat,A03,63.5,1
T000656,CU01078,O006003,2025-12-07,Defective / not working,phone,A09,27.6,2
T000657,CU01080,O006005,2026-03-03,Wrong item,chat,A06,29.9,3
T000658,CU01081,O006011,2025-11-25,Return / refund,chat,A05,4.3,3
T000659,CU01087,O006032,2026-03-04,Defective / not working,email,A12,24.1,2
T000660,CU01088,O006033,2025-03-04,Product question,chat,A06,6.4,4
T000661,CU01088,O006038,2026-03-20,Delivery delay,email,A02,8.8,3
T000662,CU01093,O006060,2025-01-31,Defective / not working,chat,A07,4.9,1
T000663,CU01094,O006070,2025-11-14,Delivery delay,email,A08,30.6,3
T000664,CU01095,O006072,2025-08-10,Return / refund,email,A06,23.0,2
T000665,CU01095,O006073,2025-11-17,Delivery delay,phone,A07,12.8,2
T000666,CU01096,O006074,2026-03-24,Return / refund,email,A04,5.0,4
T000667,CU01097,O006077,2026-02-15,Delivery delay,chat,A11,14.5,2
T000668,CU01097,O006079,2026-05-02,Delivery delay,chat,A04,0.8,4
T000669,CU01099,O006092,2025-08-13,Return / refund,email,A10,10.2,3
T000670,CU01100,O006099,2026-01-09,Return / refund,phone,A05,28.6,5
T000671,CU01102,O006107,2024-10-23,Defective / not working,chat,A05,1.5,1
T000672,CU01102,O006111,2026-06-19,Delivery delay,email,A04,11.4,4
T000673,CU01103,O006112,2025-09-23,Return / refund,phone,A05,59.4,5
T000674,CU01103,O006114,2026-04-26,Account / login,email,A03,0.5,3
T000675,CU01103,O006115,2026-05-13,Defective / not working,chat,A05,31.2,2
T000676,CU01104,O006121,2025-05-14,Return / refund,phone,A12,7.0,3
T000677,CU01104,O006125,2026-01-02,Delivery delay,phone,A02,,3
T000678,CU01107,O006136,2026-02-26,Delivery delay,phone,A05,17.4,2
T000679,CU01108,O006137,2025-12-19,Delivery delay,chat,A14,26.3,3
T000680,CU01109,O006139,2026-01-09,Defective / not working,email,A04,17.9,1
T000681,CU01110,O006141,2024-12-06,Delivery delay,email,A01,37.3,3
T000682,CU01115,O006165,2025-11-11,Delivery delay,email,A06,46.0,3
T000683,CU01124,O006203,2024-12-02,Defective / not working,email,A02,6.3,2
T000684,CU01125,O006211,2024-12-25,Delivery delay,email,A07,23.8,3
T000685,CU01126,O006220,2025-07-11,Payment issue,email,A04,4.3,4
T000686,CU01126,O006225,2025-12-03,Delivery delay,email,A12,45.0,1
T000687,CU01130,O006253,2026-03-22,Defective / not working,email,A02,36.3,1
T000688,CU01133,O006271,2026-04-09,Return / refund,email,A08,11.2,4
T000689,CU01142,O006329,2024-11-23,Account / login,phone,A01,8.5,4
T000690,CU01142,O006336,2025-11-14,Defective / not working,phone,A06,14.4,2
T000691,CU01145,O006347,2026-05-11,Product question,email,A04,,3
T000692,CU01147,O006355,2026-02-13,Delivery delay,chat,A14,49.2,3
T000693,CU01147,O006356,2026-03-23,Delivery delay,phone,A01,36.5,3
T000694,CU01152,O006387,2026-06-07,Return / refund,email,A03,14.3,4
T000695,CU01153,O006389,2025-12-10,Product question,phone,A02,17.8,4
T000696,CU01156,O006401,2025-05-06,Return / refund,phone,A02,12.1,3
T000697,CU01156,O006405,2025-12-16,Return / refund,chat,A13,74.9,4
T000698,CU01160,O006424,2025-05-21,Defective / not working,email,A13,3.4,10
T000699,CU01160,O006426,2025-12-08,Account / login,phone,A11,33.9,3
T000700,CU01161,O006431,2025-11-17,Defective / not working,email,A09,,3
T000701,CU01162,O006433,2025-10-15,Product question,email,A10,19.9,3
T000702,CU01163,O006440,2025-11-10,Delivery delay,email,A03,46.8,3
T000703,CU01166,O006448,2024-10-31,Return / refund,email,A01,7.1,5
T000704,CU01166,O006455,2025-08-13,Defective / not working,phone,A05,15.8,1
T000705,CU01170,O006482,2025-10-30,Return / refund,chat,A12,39.6,4
T000706,CU01174,O006511,2026-02-07,Defective / not working,chat,A07,9.7,1
T000707,CU01175,O006515,2025-05-07,Defective / not working,phone,A14,15.4,2
T000708,CU01177,O006526,2026-01-23,Defective / not working,phone,A13,15.4,4
T000709,CU01178,O006529,2025-08-18,Account / login,chat,A06,17.8,3
T000710,CU01182,O006556,2025-12-17,Delivery delay,email,A05,68.9,1
T000711,CU01182,O006557,2026-01-25,Delivery delay,email,A12,11.4,2
T000712,CU01182,O006558,2026-06-16,Delivery delay,email,A04,39.3,1
T000713,CU01185,O006572,2026-03-20,Delivery delay,phone,A05,9.4,4
T000714,CU01187,O006584,2026-02-26,Delivery delay,email,A11,19.7,3
T000715,CU01187,O006585,2026-03-23,Delivery delay,email,A14,25.4,1
T000716,CU01190,O006590,2024-08-13,Defective / not working,chat,A13,6.2,3
T000717,CU01190,O006592,2025-06-17,Defective / not working,chat,A12,21.2,2
T000718,CU01190,O006593,2025-12-14,Defective / not working,phone,A13,14.2,1
T000719,CU01198,O006626,2025-05-07,Defective / not working,email,A03,15.7,3
T000720,CU01205,O006652,2024-12-23,Account / login,phone,A03,25.0,3
T000721,CU01206,O006664,2025-12-31,Delivery delay,phone,A10,27.1,3
T000722,CU01206,O006665,2026-04-30,Delivery delay,phone,A02,10.1,4
T000723,CU01207,O006666,2024-09-15,Defective / not working,email,A01,,2
T000724,CU01207,O006667,2024-10-28,Return / refund,phone,A04,6.6,3
T000725,CU01209,O006681,2026-04-05,Defective / not working,email,A05,44.2,3
T000726,CU01210,O006682,2025-10-25,Return / refund,email,A11,62.7,4
T000727,CU01211,O006685,2025-09-17,Return / refund,phone,A12,8.8,5
T000728,CU01212,O006691,2026-04-25,Return / refund,chat,A04,53.4,3
T000729,CU01215,O006715,2025-11-23,Defective / not working,phone,A14,23.7,1
T000730,CU01216,O006718,2024-10-26,Account / login,chat,A14,6.2,4
T000731,CU01216,O006726,2025-10-09,Account / login,email,A14,31.9,2
T000732,CU01217,O006729,2025-09-16,Delivery delay,phone,A11,42.3,5
T000733,CU01222,O006743,2026-04-02,Delivery delay,phone,A07,,2
T000734,CU01223,O006744,2025-02-10,Defective / not working,chat,A11,19.7,2
T000735,CU01227,O006770,2025-10-22,Defective / not working,phone,A14,6.1,1
T000736,CU01228,O006777,2026-07-03,Return / refund,chat,A11,54.6,4
T000737,CU01230,O006786,2025-12-21,Defective / not working,phone,A14,11.1,1
T000738,CU01231,O006789,2026-02-07,Product question,chat,A02,21.1,5
T000739,CU01232,O006791,2025-07-17,Defective / not working,email,A08,19.9,3
T000740,CU01232,O006794,2026-02-16,Delivery delay,email,A11,22.9,1
T000741,CU01233,O006795,2025-05-04,Delivery delay,email,A04,16.7,3
T000742,CU01233,O006801,2026-01-03,Delivery delay,phone,A06,28.4,3
T000743,CU01237,O006820,2026-04-16,Defective / not working,email,A10,17.4,3
T000744,CU01239,O006824,2024-08-22,Product question,email,A12,8.0,2
T000745,CU01239,O006833,2025-07-01,Return / refund,email,A14,4.6,4
T000746,CU01239,O006835,2025-08-01,Return / refund,phone,A10,15.6,3
T000747,CU01239,O006837,2025-11-22,Delivery delay,phone,A01,3.1,4
T000748,CU01239,O006839,2026-01-08,Delivery delay,chat,A01,98.9,1
T000749,CU01240,O006844,2026-01-31,Delivery delay,email,A10,50.2,4
T000750,CU01244,O006864,2024-12-15,Defective / not working,chat,A07,17.0,2
T000751,CU01244,O006872,2025-11-27,Delivery delay,phone,A09,12.0,2
T000752,CU01247,O006879,2025-04-11,Wrong item,chat,A11,13.4,4
T000753,CU01252,O006909,2024-09-16,Defective / not working,email,A06,35.5,2
T000754,CU01254,O006930,2025-12-19,Return / refund,phone,A08,7.9,3
T000755,CU01255,O006933,2025-01-24,Return / refund,chat,A14,9.3,5
T000756,CU01255,O006939,2025-12-26,Delivery delay,email,A05,39.7,2
T000757,CU01256,O006942,2024-08-04,Defective / not working,email,A01,17.6,2
T000758,CU01256,O006949,2025-08-18,Defective / not working,phone,A01,6.4,2
T000759,CU01258,O006963,2024-12-13,Defective / not working,phone,A09,10.4,1
T000760,CU01258,O006968,2026-02-22,Return / refund,phone,A07,31.3,3
T000761,CU01258,O006969,2026-06-21,Defective / not working,phone,A01,8.4,2
T000762,CU01261,O006978,2025-04-24,Return / refund,email,A12,11.1,2
T000763,CU01263,O006986,2026-04-10,Delivery delay,phone,A04,20.6,3
T000764,CU01263,O006987,2026-05-13,Return / refund,email,A10,10.1,3
T000765,CU01263,O006988,2026-06-03,Delivery delay,chat,A11,13.8,3
T000766,CU01264,O006991,2025-04-30,Defective / not working,chat,A05,26.2,1
T000767,CU01269,O007033,2024-12-27,Defective / not working,email,A07,19.4,2
T000768,CU01270,O007036,2025-04-14,Defective / not working,phone,A14,8.4,2
T000769,CU01270,O007043,2026-04-20,Wrong item,phone,A09,29.4,3
T000770,CU01273,O007061,2024-11-11,Defective / not working,phone,A04,24.0,3
T000771,CU01274,O007066,2025-02-07,Account / login,email,A14,17.2,4
T000772,CU01274,O007067,2025-08-20,Return / refund,email,A12,11.5,3
T000773,CU01281,O007101,2025-11-22,Defective / not working,phone,A07,7.8,2
T000774,CU01281,O007104,2026-01-27,Defective / not working,phone,A04,38.4,2
T000775,CU01284,O007120,2025-03-01,Return / refund,email,A14,1.4,4
T000776,CU01284,O007121,2025-05-12,Return / refund,email,A13,1.6,3
T000777,CU01284,O007123,2025-11-27,Defective / not working,phone,A13,18.4,3
T000778,CU01286,O007132,2026-03-10,Product question,chat,A05,29.4,2
T000779,CU01286,O007133,2026-04-06,Return / refund,chat,A03,15.6,3
T000780,CU01289,O007139,2025-01-31,Defective / not working,chat,A03,40.0,3
T000781,CU01291,O007144,2024-09-29,Return / refund,email,A04,8.0,2
T000782,CU01292,O007156,2025-12-29,Delivery delay,phone,A03,23.7,2
T000783,CU01292,O007157,2026-01-06,Delivery delay,chat,A01,46.7,2
T000784,CU01294,O007163,2025-04-03,Defective / not working,chat,A11,20.3,3
T000785,CU01298,O007196,2025-12-10,Delivery delay,phone,A01,47.6,3
T000786,CU01303,O007214,2025-06-21,Return / refund,phone,A05,28.8,4
T000787,CU01303,O007215,2025-12-30,Account / login,chat,A01,11.0,2
T000788,CU01304,O007219,2025-12-14,Product question,phone,A14,14.6,3
T000789,CU01306,O007239,2025-12-17,Defective / not working,email,A05,13.3,3
T000790,CU01307,O007243,2025-02-26,Return / refund,chat,A03,23.2,5
T000791,CU01308,O007250,2025-03-26,Defective / not working,phone,A07,18.2,3
T000792,CU01308,O007254,2026-03-22,Delivery delay,chat,A06,13.4,2
T000793,CU01311,O007266,2024-08-25,Defective / not working,email,A01,53.2,1
T000794,CU01314,O007276,2025-12-17,Defective / not working,phone,A12,27.4,1
T000795,CU01315,O007281,2025-06-23,Payment issue,email,A05,,5
T000796,CU01322,O007319,2025-09-23,Defective / not working,chat,A07,18.3,3
T000797,CU01322,O007320,2025-12-25,Defective / not working,email,A13,17.8,2
T000798,CU01323,O007325,2026-05-28,Delivery delay,chat,A02,60.1,3
T000799,CU01331,O007360,2026-05-01,Defective / not working,chat,A02,14.1,0
T000800,CU01332,O007363,2026-03-01,Delivery delay,phone,A12,,2
T000801,CU01333,O007365,2025-11-25,Account / login,email,A06,6.8,5
T000802,CU01336,O007376,2025-08-11,Defective / not working,email,A13,44.0,10
T000803,CU01338,O007391,2026-01-17,Payment issue,phone,A05,23.6,3
T000804,CU01342,O007409,2026-06-06,Return / refund,chat,A14,,4
T000805,CU01345,O007423,2024-08-30,Return / refund,chat,A12,10.0,3
T000806,CU01345,O007427,2025-12-31,Return / refund,email,A06,37.0,4
T000807,CU01345,O007428,2026-02-12,Payment issue,chat,A10,19.8,5
T000808,CU01345,O007429,2026-03-19,Payment issue,phone,A14,25.5,4
T000809,CU01346,O007435,2026-07-07,Return / refund,phone,A08,1.6,3
T000810,CU01348,O007440,2025-08-05,Defective / not working,email,A05,33.1,2
T000811,CU01350,O007443,2025-10-10,Return / refund,phone,A10,27.3,3
T000812,CU01353,O007467,2026-06-02,Delivery delay,email,A13,79.6,3
T000813,CU01355,O007478,2025-07-24,Defective / not working,email,A07,19.5,2
T000814,CU01357,O007495,2025-10-01,Delivery delay,phone,A08,12.8,2
T000815,CU01357,O007497,2026-01-19,Delivery delay,chat,A08,,2
T000816,CU01358,O007501,2025-12-27,Delivery delay,phone,A13,13.0,3
T000817,CU01359,O007502,2026-02-05,Defective / not working,phone,A11,20.0,2
T000818,CU01361,O007508,2026-07-02,Defective / not working,chat,A08,12.4,2
T000819,CU01364,O007519,2024-11-18,Defective / not working,phone,A05,14.7,2
T000820,CU01367,O007533,2025-12-16,Defective / not working,chat,A08,7.5,2
T000821,CU01372,O007562,2025-05-31,Defective / not working,email,A14,18.6,2
T000822,CU01373,O007571,2025-06-06,Account / login,email,A04,25.7,5
T000823,CU01376,O007587,2025-03-27,Account / login,phone,A07,16.4,4
T000824,CU01383,O007628,2026-02-06,Delivery delay,phone,A14,11.4,2
T000825,CU01387,O007654,2026-06-11,Wrong item,chat,A12,22.5,4
T000826,CU01394,O007699,2025-03-04,Account / login,phone,A01,14.3,3
T000827,CU01400,O007720,2024-07-12,Return / refund,email,A13,12.6,3
T000828,CU01405,O007749,2025-08-04,Product question,chat,A10,14.7,4
T000829,CU01407,O007754,2025-11-20,Delivery delay,phone,A10,27.0,3
T000830,CU01407,O007757,2026-02-02,Delivery delay,phone,A03,32.7,1
T000831,CU01408,O007766,2025-12-25,Delivery delay,chat,A09,28.6,1
T000832,CU01411,O007780,2025-10-07,Defective / not working,email,A06,8.0,2
T000833,CU01412,O007784,2024-11-16,Account / login,phone,A06,25.4,4
T000834,CU01412,O007786,2025-07-21,Defective / not working,phone,A07,9.6,1
T000835,CU01412,O007790,2026-01-09,Defective / not working,chat,A09,13.0,2
T000836,CU01412,O007793,2026-05-26,Payment issue,email,A10,17.8,5
T000837,CU01413,O007797,2026-02-15,Delivery delay,phone,A02,3.5,2
T000838,CU01414,O007804,2026-05-07,Defective / not working,email,A01,7.0,1
T000839,CU01417,O007817,2024-12-16,Return / refund,phone,A09,12.8,3
T000840,CU01427,O007863,2026-04-23,Delivery delay,email,A13,20.2,2
T000841,CU01433,O007895,2025-08-06,Defective / not working,chat,A13,8.5,1
T000842,CU01436,O007920,2026-06-20,Delivery delay,phone,A01,7.6,1
T000843,CU01437,O007923,2025-01-18,Defective / not working,email,A10,11.0,2
T000844,CU01438,O007931,2025-09-03,Product question,phone,A02,42.2,3
T000845,CU01442,O007945,2024-11-12,Account / login,chat,A01,8.0,5
T000846,CU01444,O007962,2024-07-04,Wrong item,email,A06,,4
T000847,CU01444,O007967,2025-05-09,Return / refund,chat,A13,18.5,3
T000848,CU01445,O007980,2026-06-19,Delivery delay,phone,A05,51.9,2
T000849,CU01448,O007999,2024-12-30,Return / refund,email,A02,19.8,4
T000850,CU01449,O008013,2025-10-17,Return / refund,phone,A06,8.9,4
T000851,CU01452,O008031,2025-06-08,Payment issue,email,A07,19.4,5
T000852,CU01454,O008040,2025-03-02,Defective / not working,chat,A02,25.1,0
T000853,CU01459,O008065,2025-02-26,Product question,chat,A06,6.1,4
T000854,CU01459,O008067,2025-09-08,Product question,email,A06,74.2,4
T000855,CU01464,O008091,2025-01-21,Return / refund,email,A12,40.3,2
T000856,CU01475,O008142,2025-09-09,Defective / not working,email,A01,11.9,2
T000857,CU01475,O008146,2026-05-31,Defective / not working,email,A10,5.6,1
T000858,CU01481,O008178,2025-07-26,Delivery delay,email,A12,13.2,3
T000859,CU01481,O008180,2025-08-10,Delivery delay,phone,A14,17.4,4
T000860,CU01481,O008182,2025-11-11,Return / refund,chat,A12,17.7,3
T000861,CU01483,O008187,2026-03-13,Defective / not working,chat,A14,12.1,2
T000862,CU01486,O008208,2026-01-01,Delivery delay,phone,A12,22.9,2
T000863,CU01486,O008209,2026-05-10,Delivery delay,phone,A02,21.9,10
T000864,CU01487,O008216,2026-03-25,Delivery delay,phone,A02,,4
T000865,CU01488,O008219,2025-07-19,Return / refund,email,A06,29.5,4
T000866,CU01488,O008221,2025-08-28,Payment issue,phone,A01,31.2,2
T000867,CU01492,O008240,2026-05-17,Product question,email,A05,11.1,2
T000868,CU01495,O008250,2025-11-09,Defective / not working,chat,A08,,2
T000869,CU01499,O008268,2024-09-09,Account / login,email,A11,12.2,4
T000870,CU01499,O008273,2026-01-13,Payment issue,phone,A12,13.7,2
T000871,CU01500,O008281,2025-11-25,Delivery delay,chat,A05,29.9,2
T000872,CU01501,O008286,2026-04-29,Delivery delay,phone,A10,21.0,1
T000873,CU01506,O008317,2026-07-05,Return / refund,phone,A02,12.5,4
T000874,CU01507,O008318,2025-08-10,Account / login,email,A07,10.3,5
T000875,CU01510,O008338,2026-06-09,Return / refund,phone,A14,27.0,5
T000876,CU01512,O008350,2025-03-07,Defective / not working,email,A07,26.3,2
T000877,CU01514,O008372,2025-12-24,Defective / not working,phone,A10,6.7,1
T000878,CU01515,O008374,2025-10-13,Return / refund,phone,A09,18.7,4
T000879,CU01522,O008390,2025-02-11,Product question,email,A01,10.8,4
T000880,CU01522,O008395,2025-11-10,Payment issue,chat,A07,26.3,3
T000881,CU01523,O008400,2024-12-28,Return / refund,phone,A13,19.8,4
T000882,CU01523,O008408,2025-12-26,Return / refund,email,A10,26.8,4
T000883,CU01525,O008424,2025-12-18,Delivery delay,chat,A01,10.5,2
T000884,CU01528,O008440,2026-05-11,Delivery delay,chat,A12,18.6,2
T000885,CU01529,O008441,2024-12-11,Defective / not working,email,A06,21.7,1
T000886,CU01530,O008455,2026-05-27,Account / login,phone,A12,14.0,2
T000887,CU01531,O008459,2025-09-28,Return / refund,chat,A08,7.3,5
T000888,CU01536,O008489,2026-06-01,Defective / not working,phone,A08,14.1,3
T000889,CU01538,O008502,2026-06-11,Defective / not working,email,A13,33.1,1
T000890,CU01539,O008504,2025-05-17,Product question,chat,A08,9.5,5
T000891,CU01539,O008505,2025-11-24,Delivery delay,phone,A07,8.5,2
T000892,CU01539,O008506,2025-11-30,Delivery delay,phone,A02,72.5,1
T000893,CU01540,O008515,2025-12-31,Delivery delay,email,A10,27.8,0
T000894,CU01541,O008523,2025-11-18,Return / refund,email,A09,14.6,4
T000895,CU01542,O008529,2026-01-21,Defective / not working,chat,A10,30.4,1
T000896,CU01544,O008535,2024-12-14,Return / refund,chat,A10,29.0,4
T000897,CU01544,O008541,2025-12-06,Delivery delay,phone,A10,16.6,2
T000898,CU01547,O008551,2024-09-03,Return / refund,phone,A09,,4
T000899,CU01547,O008553,2024-11-10,Defective / not working,chat,A03,58.7,3
T000900,CU01547,O008554,2025-04-12,Payment issue,phone,A10,15.6,3
T000901,CU01548,O008563,2025-10-07,Wrong item,phone,A09,10.5,4
T000902,CU01550,O008577,2026-01-12,Return / refund,email,A06,30.4,3
T000903,CU01557,O008612,2025-12-14,Return / refund,chat,A06,14.0,4
T000904,CU01560,O008638,2026-02-02,Delivery delay,phone,A09,21.8,1
T000905,CU01561,O008640,2024-12-26,Return / refund,email,A04,8.9,4
T000906,CU01561,O008644,2025-12-12,Defective / not working,email,A07,13.2,1
T000907,CU01563,O008649,2024-10-01,Product question,phone,A07,9.3,5
T000908,CU01564,O008659,2025-02-22,Defective / not working,phone,A02,8.2,1
T000909,CU01564,O008664,2025-12-22,Defective / not working,email,A13,1.3,2
T000910,CU01565,O008670,2025-12-27,Delivery delay,email,A13,62.9,3
T000911,CU01565,O008671,2025-12-27,Delivery delay,chat,A03,4.3,2
T000912,CU01567,O008677,2025-05-09,Defective / not working,phone,A09,8.5,1
T000913,CU01567,O008679,2026-03-27,Return / refund,phone,A05,40.0,3
T000914,CU01568,O008682,2026-01-09,Defective / not working,phone,A12,17.0,3
T000915,CU01570,O008690,2026-04-01,Defective / not working,chat,A14,20.5,3
T000916,CU01571,O008700,2026-04-23,Delivery delay,chat,A07,9.3,1
T000917,CU01571,O008701,2026-05-27,Defective / not working,email,A14,11.4,2
T000918,CU01574,O008719,2025-07-15,Defective / not working,email,A07,36.9,2
T000919,CU01575,O008728,2025-08-04,Defective / not working,chat,A07,48.1,2
T000920,CU01577,O008749,2026-04-11,Delivery delay,chat,A10,40.9,2
T000921,CU01577,O008750,2026-04-10,Delivery delay,email,A04,18.8,1
T000922,CU01580,O008761,2024-08-30,Payment issue,chat,A14,33.1,4
T000923,CU01581,O008773,2025-12-06,Delivery delay,chat,A02,37.5,1
T000924,CU01582,O008781,2025-10-05,Defective / not working,email,A11,31.8,2
T000925,CU01585,O008787,2025-07-03,Defective / not working,chat,A06,20.0,1
T000926,CU01585,O008789,2025-12-21,Delivery delay,phone,A04,,4
T000927,CU01590,O008814,2025-02-23,Defective / not working,chat,A14,5.0,5
T000928,CU01592,O008834,2026-04-07,Return / refund,chat,A14,5.5,3
T000929,CU01593,O008836,2024-10-18,Return / refund,chat,A08,21.4,3
T000930,CU01593,O008841,2025-11-30,Defective / not working,phone,A04,34.6,3
T000931,CU01594,O008843,2025-12-15,Defective / not working,phone,A14,18.5,1
T000932,CU01600,O008869,2025-11-18,Delivery delay,email,A04,13.3,1
T000933,CU01600,O008872,2026-03-21,Delivery delay,email,A14,22.7,2
T000934,CU01602,O008875,2024-10-28,Return / refund,email,A07,22.2,4
T000935,CU01605,O008895,2025-10-13,Product question,chat,A13,22.4,5
T000936,CU01609,O008915,2025-10-03,Return / refund,email,A01,18.0,3
T000937,CU01612,O008933,2026-05-26,Defective / not working,email,A01,2.5,2
T000938,CU01613,O008942,2025-05-13,Delivery delay,chat,A06,13.9,3
T000939,CU01615,O008951,2025-08-07,Product question,phone,A04,10.1,3
T000940,CU01615,O008955,2026-06-10,Defective / not working,phone,A09,19.6,2
T000941,CU01616,O008959,2025-06-11,Defective / not working,email,A01,22.4,1
T000942,CU01616,O008962,2025-12-15,Return / refund,chat,A10,13.7,4
T000943,CU01617,O008964,2026-04-20,Delivery delay,email,A01,,2
T000944,CU01618,O008965,2026-06-02,Return / refund,chat,A07,13.3,5
T000945,CU01620,O008975,2025-10-06,Return / refund,email,A05,6.8,3
T000946,CU01620,O008979,2025-12-26,Delivery delay,phone,A13,55.3,3
T000947,CU01620,O008980,2026-02-06,Delivery delay,phone,A12,1.7,2
T000948,CU01621,O008985,2026-01-29,Delivery delay,phone,A03,17.6,3
T000949,CU01622,O008988,2025-06-02,Defective / not working,chat,A04,9.1,2
T000950,CU01626,O009000,2025-01-17,Return / refund,phone,A14,36.9,5
T000951,CU01626,O009003,2026-03-27,Return / refund,chat,A07,6.2,5
T000952,CU01628,O009012,2026-03-25,Return / refund,phone,A05,7.5,4
T000953,CU01631,O009021,2025-07-07,Account / login,email,A04,4.2,4
T000954,CU01632,O009025,2026-03-09,Delivery delay,email,A13,44.2,2
T000955,CU01634,O009036,2025-02-27,Return / refund,email,A10,15.4,4
T000956,CU01635,O009039,2025-12-05,Delivery delay,email,A02,1.9,3
T000957,CU01638,O009061,2025-07-29,Product question,phone,A11,20.2,3
T000958,CU01638,O009062,2025-11-07,Defective / not working,email,A12,22.3,3
T000959,CU01642,O009086,2026-01-04,Delivery delay,chat,A02,,2
T000960,CU01642,O009088,2026-06-23,Delivery delay,phone,A13,14.1,1
T000961,CU01644,O009100,2024-11-19,Wrong item,phone,A03,23.5,4
T000962,CU01645,O009107,2025-06-22,Return / refund,chat,A08,12.6,4
T000963,CU01646,O009112,2024-08-09,Defective / not working,chat,A05,27.4,2
T000964,CU01647,O009116,2025-04-26,Return / refund,phone,A08,6.0,2
T000965,CU01652,O009130,2024-12-14,Defective / not working,email,A14,31.5,2
T000966,CU01655,O009143,2025-05-09,Delivery delay,phone,A07,52.4,1
T000967,CU01656,O009149,2026-05-08,Payment issue,email,A09,11.3,3
T000968,CU01659,O009168,2025-10-16,Defective / not working,chat,A02,18.7,2
T000969,CU01659,O009170,2026-01-24,Delivery delay,phone,A04,14.1,2
T000970,CU01660,O009171,2026-03-02,Delivery delay,chat,A01,3.9,3
T000971,CU01663,O009175,2024-12-01,Defective / not working,chat,A10,42.7,1
T000972,CU01663,O009176,2025-10-02,Defective / not working,chat,A07,21.1,1
T000973,CU01663,O009177,2026-04-24,Return / refund,phone,A11,10.9,4
T000974,CU01664,O009183,2026-01-31,Defective / not working,phone,A08,,1
T000975,CU01664,O009185,2026-05-13,Defective / not working,email,A08,12.7,2
T000976,CU01670,O009209,2024-09-30,Defective / not working,chat,A02,10.1,2
T000977,CU01671,O009213,2025-01-07,Defective / not working,chat,A05,2.0,2
T000978,CU01671,O009216,2026-05-27,Return / refund,phone,A06,9.8,3
T000979,CU01677,O009234,2025-02-10,Delivery delay,phone,A05,28.5,3
T000980,CU01677,O009237,2025-07-10,Return / refund,email,A04,12.2,4
T000981,CU01677,O009239,2026-03-07,Account / login,chat,A09,15.1,3
T000982,CU01679,O009253,2025-12-13,Return / refund,chat,A04,28.8,4
T000983,CU01683,O009267,2026-03-08,Defective / not working,chat,A06,7.0,2
T000984,CU01684,O009275,2026-05-05,Delivery delay,email,A04,29.4,2
T000985,CU01686,O009287,2025-08-26,Defective / not working,chat,A11,,1
T000986,CU01686,O009289,2026-04-03,Defective / not working,phone,A12,8.8,1
T000987,CU01689,O009309,2025-03-26,Defective / not working,phone,A04,18.7,3
T000988,CU01689,O009310,2025-06-07,Defective / not working,email,A06,11.0,3
T000989,CU01696,O009347,2025-01-06,Account / login,email,A02,13.7,4
T000990,CU01697,O009353,2024-12-09,Product question,chat,A10,9.1,4
T000991,CU01697,O009358,2025-11-21,Delivery delay,email,A14,53.1,2
T000992,CU01698,O009364,2025-02-28,Defective / not working,phone,A08,43.0,2
T000993,CU01700,O009374,2025-03-20,Account / login,phone,A07,8.3,5
T000994,CU01702,O009387,2025-11-30,Defective / not working,chat,A02,29.3,1
T000995,CU01706,O009403,2025-01-26,Account / login,phone,A07,4.9,3
T000996,CU01706,O009406,2025-08-21,Return / refund,phone,A14,10.7,4
T000997,CU01706,O009408,2025-11-05,Return / refund,chat,A07,20.2,3
T000998,CU01707,O009411,2025-05-27,Account / login,email,A01,5.6,3
T000999,CU01708,O009420,2026-03-17,Return / refund,email,A05,28.4,4
T001000,CU01709,O009431,2026-02-11,Return / refund,email,A11,18.3,4
T001001,CU01711,O009437,2024-12-24,Account / login,chat,A07,13.5,4
T001002,CU01711,O009439,2025-08-29,Delivery delay,phone,A07,6.6,2
T001003,CU01711,O009440,2026-01-07,Delivery delay,chat,A13,12.6,3
T001004,CU01711,O009441,2026-04-04,Delivery delay,chat,A13,13.7,2
T001005,CU01712,O009442,2024-09-13,Return / refund,chat,A13,18.3,3
T001006,CU01712,O009446,2026-04-13,Payment issue,email,A05,8.6,3
T001007,CU01713,O009451,2025-11-27,Defective / not working,chat,A01,7.6,1
T001008,CU01713,O009453,2026-01-02,Delivery delay,chat,A03,54.2,2
T001009,CU01714,O009463,2026-02-09,Defective / not working,chat,A07,14.5,2
T001010,CU01716,O009469,2025-07-27,Payment issue,phone,A08,9.5,2
T001011,CU01720,O009492,2025-04-03,Defective / not working,email,A14,5.3,4
T001012,CU01720,O009494,2025-11-16,Return / refund,chat,A02,15.2,4
T001013,CU01724,O009523,2025-02-05,Defective / not working,chat,A03,,3
T001014,CU01724,O009525,2025-06-02,Defective / not working,email,A13,16.9,3
T001015,CU01729,O009559,2025-06-01,Payment issue,chat,A03,14.9,2
T001016,CU01735,O009597,2025-10-11,Return / refund,email,A12,,5
T001017,CU01737,O009605,2026-07-04,Defective / not working,email,A01,,3
T001018,CU01739,O009621,2025-12-28,Delivery delay,phone,A08,10.1,2
T001019,CU01740,O009622,2024-11-07,Defective / not working,chat,A10,4.2,2
T001020,CU01740,O009623,2024-11-21,Product question,email,A09,14.3,5
T001021,CU01741,O009634,2025-11-23,Defective / not working,chat,A07,15.9,1
T001022,CU01742,O009643,2025-12-05,Delivery delay,chat,A01,18.8,2
T001023,CU01743,O009649,2025-01-02,Payment issue,phone,A06,6.1,4
T001024,CU01743,O009651,2025-04-16,Return / refund,phone,A09,25.4,5
T001025,CU01747,O009681,2025-09-04,Defective / not working,chat,A09,19.7,1
T001026,CU01747,O009683,2025-10-20,Delivery delay,phone,A06,15.6,4
T001027,CU01750,O009693,2025-09-21,Defective / not working,email,A10,30.4,2
T001028,CU01751,O009700,2026-04-28,Delivery delay,chat,A06,43.0,2
T001029,CU01753,O009704,2024-11-15,Defective / not working,phone,A01,17.1,4
T001030,CU01753,O009707,2025-03-30,Defective / not working,phone,A11,10.5,4
T001031,CU01753,O009708,2025-12-09,Return / refund,chat,A05,10.3,0
T001032,CU01753,O009709,2026-01-16,Defective / not working,chat,A09,30.2,2
T001033,CU01759,O009745,2026-05-19,Delivery delay,phone,A08,22.9,3
T001034,CU01761,O009750,2025-10-18,Account / login,chat,A05,8.6,4
T001035,CU01761,O009753,2026-07-04,Delivery delay,phone,A05,40.2,2
T001036,CU01763,O009761,2025-12-10,Delivery delay,chat,A04,46.6,3
T001037,CU01763,O009762,2026-01-03,Delivery delay,phone,A08,,1
T001038,CU01765,O009773,2025-10-31,Product question,phone,A08,21.9,3
T001039,CU01766,O009777,2026-05-18,Delivery delay,email,A05,34.2,2
T001040,CU01769,O009794,2026-03-19,Delivery delay,phone,A09,19.2,4
T001041,CU01770,O009802,2025-11-24,Delivery delay,phone,A04,41.1,2
T001042,CU01770,O009803,2026-02-22,Delivery delay,chat,A01,19.2,3
T001043,CU01777,O009833,2024-11-02,Product question,email,A05,16.9,3
T001044,CU01778,O009847,2025-01-02,Defective / not working,email,A12,20.3,3
T001045,CU01778,O009853,2026-05-26,Defective / not working,chat,A12,11.8,1
T001046,CU01779,O009860,2025-05-23,Defective / not working,email,A01,33.0,1
T001047,CU01784,O009883,2026-01-19,Defective / not working,chat,A13,16.0,1
T001048,CU01791,O009901,2024-10-23,Defective / not working,chat,A01,37.5,1
T001049,CU01793,O009911,2025-05-05,Return / refund,chat,A08,18.3,3
T001050,CU01794,O009921,2025-12-27,Defective / not working,email,A10,17.9,2
T001051,CU01798,O009945,2025-12-31,Delivery delay,email,A03,,3
T001052,CU01800,O009947,2026-05-14,Delivery delay,phone,A09,14.1,1
T001053,CU01801,O009949,2025-12-02,Delivery delay,email,A11,27.2,4
T001054,CU01802,O009960,2026-04-29,Delivery delay,chat,A01,27.8,4
T001055,CU01806,O009968,2025-01-30,Wrong item,chat,A04,22.3,3
T001056,CU01813,O010003,2025-07-30,Return / refund,chat,A04,31.5,4
T001057,CU01816,O010025,2026-03-05,Delivery delay,email,A02,31.4,2
T001058,CU01816,O010026,2026-03-25,Delivery delay,email,A04,39.9,3
T001059,CU01817,O010027,2026-04-18,Return / refund,chat,A13,16.2,4
T001060,CU01820,O010039,2026-04-06,Delivery delay,chat,A11,29.4,2
T001061,CU01820,O010040,2026-06-13,Delivery delay,email,A04,49.9,2
T001062,CU01821,O010059,2025-12-11,Delivery delay,email,A06,31.4,1
T001063,CU01822,O010063,2025-12-25,Return / refund,phone,A03,20.8,4
T001064,CU01824,O010075,2025-05-22,Defective / not working,email,A04,8.9,3
T001065,CU01824,O010076,2025-11-15,Defective / not working,email,A06,1.2,2
T001066,CU01832,O010101,2025-08-16,Return / refund,chat,A07,25.0,3
T001067,CU01832,O010102,2025-09-21,Return / refund,email,A09,15.9,5
T001068,CU01832,O010104,2026-01-21,Defective / not working,email,A09,17.9,2
T001069,CU01835,O010115,2026-05-20,Defective / not working,email,A05,18.1,2
T001070,CU01836,O010121,2026-06-22,Defective / not working,email,A06,13.3,1
T001071,CU01840,O010138,2025-04-12,Return / refund,chat,A03,39.4,5
T001072,CU01840,O010145,2025-07-19,Account / login,email,A11,12.1,3
T001073,CU01841,O010153,2025-12-31,Defective / not working,email,A02,10.1,2
T001074,CU01842,O010163,2026-05-28,Delivery delay,chat,A11,28.4,1
T001075,CU01845,O010180,2025-04-23,Payment issue,phone,A01,13.3,4
T001076,CU01846,O010184,2025-07-10,Return / refund,chat,A13,3.5,4
T001077,CU01847,O010197,2025-11-15,Delivery delay,chat,A09,38.5,2
T001078,CU01848,O010200,2024-09-29,Product question,phone,A07,39.2,4
T001079,CU01851,O010220,2026-02-06,Return / refund,email,A06,17.8,3
T001080,CU01853,O010225,2024-07-25,Defective / not working,email,A04,30.5,3
T001081,CU01854,O010230,2025-10-08,Return / refund,chat,A05,32.2,4
T001082,CU01859,O010256,2024-11-30,Defective / not working,phone,A03,6.3,2
T001083,CU01866,O010298,2026-03-02,Account / login,phone,A05,55.0,4
T001084,CU01868,O010302,2025-10-03,Account / login,email,A11,29.3,3
T001085,CU01868,O010303,2025-11-04,Account / login,phone,A09,15.1,3
T001086,CU01870,O010312,2025-10-11,Return / refund,phone,A07,20.8,5
T001087,CU01870,O010315,2025-12-14,Delivery delay,chat,A14,28.1,1
T001088,CU01870,O010316,2026-03-16,Return / refund,chat,A06,1.3,4
T001089,CU01871,O010320,2024-12-14,Product question,chat,A04,4.7,4
T001090,CU01872,O010327,2024-11-30,Product question,chat,A11,52.7,4
T001091,CU01872,O010330,2025-09-11,Return / refund,phone,A03,19.9,4
T001092,CU01875,O010342,2025-01-02,Return / refund,chat,A14,10.9,5
T001093,CU01875,O010345,2025-05-21,Defective / not working,chat,A09,13.7,1
T001094,CU01876,O010351,2024-08-22,Defective / not working,email,A10,1.6,2
T001095,CU01876,O010354,2025-07-26,Return / refund,phone,A07,0.7,5
T001096,CU01881,O010383,2026-07-03,Product question,phone,A01,12.6,5
T001097,CU01882,O010389,2025-02-17,Defective / not working,email,A03,,4
T001098,CU01887,O010405,2026-04-19,Account / login,chat,A08,15.0,3
T001099,CU01892,O010439,2025-12-16,Delivery delay,email,A13,43.8,1
T001100,CU01896,O010463,2026-06-17,Return / refund,phone,A03,20.2,3
T001101,CU01897,O010467,2025-08-24,Account / login,phone,A10,13.3,3
T001102,CU01903,O010494,2025-12-12,Defective / not working,phone,A04,27.2,2
T001103,CU01905,O010509,2026-01-13,Delivery delay,phone,A01,59.4,4
T001104,CU01908,O010516,2025-10-04,Product question,chat,A09,15.0,5
T001105,CU01911,O010528,2026-05-17,Return / refund,chat,A11,5.4,3
T001106,CU01912,O010533,2025-06-15,Return / refund,phone,A02,11.3,3
T001107,CU01912,O010535,2025-09-12,Account / login,phone,A12,12.5,3
T001108,CU01913,O010538,2024-07-17,Account / login,chat,A14,12.3,4
T001109,CU01913,O010540,2024-09-13,Defective / not working,chat,A02,2.7,2
T001110,CU01914,O010555,2026-04-10,Defective / not working,phone,A02,12.0,1
T001111,CU01915,O010560,2025-05-15,Defective / not working,phone,A09,2.1,2
T001112,CU01915,O010567,2025-12-25,Delivery delay,phone,A09,27.1,1
T001113,CU01917,O010576,2025-06-14,Defective / not working,phone,A08,28.3,1
T001114,CU01923,O010603,2026-03-03,Delivery delay,chat,A01,19.5,4
T001115,CU01928,O010623,2025-11-04,Return / refund,phone,A13,23.2,3
T001116,CU01929,O010630,2026-05-28,Defective / not working,chat,A02,27.6,2
T001117,CU01931,O010640,2026-03-11,Return / refund,phone,A10,18.2,4
T001118,CU01932,O010641,2025-09-30,Defective / not working,email,A07,21.2,1
T001119,CU01932,O010643,2026-02-19,Defective / not working,phone,A08,8.0,2
T001120,CU01933,O010653,2025-12-12,Delivery delay,email,A11,21.5,1
T001121,CU01936,O010666,2025-05-13,Defective / not working,phone,A01,44.4,1
T001122,CU01936,O010667,2025-07-16,Defective / not working,chat,A06,16.3,1
T001123,CU01936,O010668,2025-09-12,Return / refund,phone,A08,43.8,4
T001124,CU01942,O010686,2026-02-22,Account / login,phone,A06,14.6,3
T001125,CU01943,O010702,2025-12-25,Account / login,chat,A10,23.3,4
T001126,CU01944,O010716,2025-11-19,Delivery delay,email,A01,22.1,1
T001127,CU01944,O010718,2026-02-11,Delivery delay,email,A06,44.0,3
T001128,CU01948,O010730,2024-08-08,Delivery delay,chat,A04,62.4,3
T001129,CU01950,O010737,2025-07-19,Defective / not working,email,A08,21.7,2
T001130,CU01953,O010748,2026-02-23,Return / refund,email,A03,22.0,2
T001131,CU01956,O010770,2025-12-06,Account / login,phone,A02,22.2,5
T001132,CU01960,O010783,2024-09-22,Defective / not working,chat,A03,,2
T001133,CU01962,O010797,2026-01-08,Product question,chat,A04,6.4,4
T001134,CU01966,O010818,2026-05-20,Defective / not working,phone,A07,7.2,3
T001135,CU01967,O010824,2025-06-27,Delivery delay,chat,A09,33.4,2
T001136,CU01973,O010865,2026-06-18,Delivery delay,phone,A09,20.6,5
T001137,CU01974,O010867,2025-08-01,Payment issue,phone,A08,13.5,4
T001138,CU01974,O010869,2025-11-20,Defective / not working,email,A04,4.7,2
T001139,CU01976,O010874,2025-11-19,Return / refund,email,A06,11.0,5
T001140,CU01985,O010922,2025-12-07,Defective / not working,phone,A05,18.4,2
T001141,CU01986,O010924,2025-04-16,Defective / not working,phone,A02,23.7,1
T001142,CU01987,O010929,2024-11-05,Return / refund,chat,A10,12.7,3
T001143,CU01990,O010957,2026-03-24,Delivery delay,phone,A09,11.8,3
T001144,CU01990,O010958,2026-06-30,Delivery delay,email,A01,16.7,2
T001145,CU01991,O010962,2025-02-25,Defective / not working,chat,A09,62.3,3
T001146,CU01992,O010968,2024-09-29,Defective / not working,email,A02,13.7,1
T001147,CU01995,O010994,2024-11-18,Payment issue,email,A09,,5
T001148,CU01995,O011000,2026-02-10,Return / refund,chat,A10,16.2,5
T001149,CU01996,O011006,2025-11-06,Return / refund,phone,A13,12.5,3
T001150,CU01997,O011010,2025-10-28,Return / refund,phone,A10,44.7,4
T001151,CU01997,O011012,2026-04-15,Delivery delay,phone,A08,52.5,3
T001152,CU01998,O011018,2025-09-15,Defective / not working,chat,A02,1.6,1
T001153,CU01998,O011020,2025-12-10,Defective / not working,phone,A01,24.0,2
T001154,CU01999,O011028,2026-03-21,Payment issue,phone,A13,3.7,4
T001155,CU02000,O011038,2026-04-05,Return / refund,phone,A10,18.0,3
T001156,CU02002,O011058,2025-07-09,Defective / not working,phone,A01,13.0,2
T001157,CU02004,O011071,2026-01-07,Delivery delay,phone,A07,8.8,2
T001158,CU02008,O011090,2026-03-20,Return / refund,chat,A07,,2
T001159,CU02009,O011098,2026-04-14,Return / refund,chat,A01,7.2,3
T001160,CU02010,O011102,2025-11-17,Defective / not working,phone,A07,21.4,3
T001161,CU02014,O011117,2026-02-16,Defective / not working,phone,A08,22.8,2
T001162,CU02016,O011132,2025-12-07,Delivery delay,chat,A01,16.3,2
T001163,CU02016,O011134,2025-12-27,Delivery delay,phone,A11,32.2,2
T001164,CU02019,O011141,2025-10-08,Defective / not working,email,A08,28.7,2
T001165,CU02020,O011149,2024-12-09,Delivery delay,chat,A12,15.7,3
T001166,CU02022,O011162,2025-08-27,Account / login,email,A06,13.4,4
T001167,CU02023,O011169,2025-02-26,Return / refund,chat,A05,19.2,2
T001168,CU02026,O011186,2025-12-27,Return / refund,chat,A09,9.7,4
T001169,CU02027,O011191,2025-10-01,Defective / not working,phone,A01,2.8,2
T001170,CU02031,O011204,2024-11-27,Return / refund,email,A07,6.3,3
T001171,CU02031,O011210,2026-01-18,Defective / not working,phone,A01,35.8,1
T001172,CU02036,O011240,2025-12-01,Return / refund,phone,A04,11.4,4
T001173,CU02037,O011243,2026-04-26,Defective / not working,phone,A02,11.2,1
T001174,CU02037,O011244,2026-06-10,Delivery delay,phone,A11,8.3,1
T001175,CU02042,O011268,2025-05-25,Defective / not working,chat,A12,27.3,3
T001176,CU02042,O011271,2026-04-01,Defective / not working,chat,A11,33.4,2
T001177,CU02043,O011274,2025-06-11,Product question,phone,A03,11.9,4
T001178,CU02043,O011276,2025-07-22,Return / refund,email,A11,20.2,5
T001179,CU02044,O011282,2025-05-16,Account / login,email,A04,3.5,3
T001180,CU02044,O011285,2026-03-11,Delivery delay,chat,A09,14.4,3
T001181,CU02046,O011299,2024-10-24,Defective / not working,phone,A04,5.1,2
T001182,CU02049,O011323,2025-11-05,Return / refund,chat,A01,31.3,4
T001183,CU02052,O011338,2025-05-01,Defective / not working,phone,A05,27.1,1
T001184,CU02054,O011353,2025-04-11,Defective / not working,chat,A11,11.4,1
T001185,CU02054,O011355,2025-12-24,Delivery delay,phone,A07,14.4,1
T001186,CU02056,O011368,2026-04-16,Delivery delay,chat,A14,,3
T001187,CU02058,O011377,2025-07-26,Wrong item,phone,A04,27.9,3
T001188,CU02059,O011384,2025-08-05,Delivery delay,chat,A02,7.5,4
T001189,CU02062,O011396,2025-04-18,Defective / not working,email,A04,8.3,1
T001190,CU02064,O011408,2026-06-14,Return / refund,phone,A08,,3
T001191,CU02067,O011422,2025-12-15,Defective / not working,email,A14,17.8,2
T001192,CU02070,O011435,2025-01-25,Defective / not working,email,A09,9.8,2
T001193,CU02071,O011438,2025-11-22,Return / refund,phone,A02,40.5,3
T001194,CU02073,O011440,2026-02-19,Delivery delay,email,A14,33.0,3
T001195,CU02074,O011448,2025-12-16,Return / refund,email,A08,20.0,4
T001196,CU02075,O011450,2026-03-14,Delivery delay,chat,A02,16.3,3
T001197,CU02081,O011469,2025-01-19,Wrong item,phone,A03,22.1,4
T001198,CU02085,O011486,2025-06-09,Product question,chat,A10,23.6,2
T001199,CU02085,O011489,2025-12-23,Return / refund,phone,A07,3.8,4
T001200,CU02090,O011501,2024-09-06,Wrong item,email,A05,41.1,3
T001201,CU02091,O011506,2025-11-07,Defective / not working,email,A10,22.0,1
T001202,CU02091,O011507,2025-11-11,Defective / not working,email,A08,6.7,1
T001203,CU02092,O011513,2025-01-10,Return / refund,phone,A05,3.5,3
T001204,CU02107,O011599,2025-07-18,Return / refund,phone,A07,37.5,4
T001205,CU02109,O011612,2025-01-15,Return / refund,phone,A01,36.1,4
T001206,CU02110,O011621,2025-06-24,Defective / not working,phone,A05,11.1,1
T001207,CU02115,O011637,2024-12-25,Defective / not working,email,A11,24.6,4
T001208,CU02116,O011642,2024-12-24,Return / refund,chat,A12,29.1,4
T001209,CU02116,O011645,2025-04-13,Wrong item,phone,A08,,4
T001210,CU02116,O011646,2026-03-31,Return / refund,phone,A01,9.2,4
T001211,CU02120,O011666,2026-01-30,Return / refund,chat,A12,12.2,5
T001212,CU02125,O011687,2024-08-06,Defective / not working,chat,A05,17.1,2
T001213,CU02125,O011692,2026-04-20,Defective / not working,chat,A12,20.6,2
T001214,CU02129,O011710,2025-12-09,Defective / not working,phone,A05,7.2,3
T001215,CU02132,O011722,2025-11-25,Wrong item,chat,A03,14.7,10
T001216,CU02132,O011723,2026-01-30,Return / refund,phone,A06,49.7,4
T001217,CU02132,O011725,2026-06-15,Account / login,phone,A08,4.7,2
T001218,CU02137,O011753,2025-12-01,Delivery delay,email,A10,59.3,3
T001219,CU02138,O011759,2026-05-24,Return / refund,email,A05,28.6,3
T001220,CU02140,O011761,2026-02-08,Delivery delay,chat,A06,13.0,0
T001221,CU02143,O011772,2025-08-25,Payment issue,phone,A04,31.1,3
T001222,CU02143,O011774,2025-12-13,Delivery delay,email,A05,5.1,2
T001223,CU02144,O011781,2025-08-15,Defective / not working,phone,A14,25.8,1
T001224,CU02147,O011790,2026-01-16,Defective / not working,chat,A12,36.5,1
T001225,CU02150,O011799,2025-11-20,Delivery delay,email,A11,50.5,1
T001226,CU02154,O011812,2026-03-22,Defective / not working,phone,A08,,2
T001227,CU02155,O011817,2026-06-09,Defective / not working,chat,A05,30.4,3
T001228,CU02158,O011827,2025-01-15,Defective / not working,chat,A05,30.0,4
T001229,CU02166,O011867,2025-12-29,Return / refund,phone,A11,37.3,3
T001230,CU02166,O011870,2026-06-03,Delivery delay,chat,A05,74.8,4
T001231,CU02167,O011874,2025-11-04,Delivery delay,phone,A11,53.2,2
T001232,CU02169,O011885,2025-12-22,Return / refund,email,A07,4.7,6
T001233,CU02170,O011889,2024-12-30,Return / refund,email,A09,17.3,4
T001234,CU02170,O011892,2025-09-13,Account / login,phone,A14,7.0,3
T001235,CU02170,O011893,2025-11-18,Delivery delay,phone,A06,28.6,2
T001236,CU02174,O011922,2026-02-13,Delivery delay,phone,A07,,3
T001237,CU02179,O011939,2026-06-26,Defective / not working,email,A01,7.6,2
T001238,CU02186,O011975,2025-03-05,Defective / not working,chat,A06,54.9,1
T001239,CU02186,O011981,2025-10-18,Return / refund,email,A01,13.0,3
T001240,CU02186,O011985,2026-01-02,Defective / not working,email,A07,8.1,2
T001241,CU02187,O011986,2024-10-20,Return / refund,chat,A09,,5
T001242,CU02196,O012033,2025-11-13,Return / refund,email,A12,9.1,3
T001243,CU02198,O012042,2025-03-05,Product question,phone,A04,9.3,4
T001244,CU02198,O012046,2025-07-12,Wrong item,email,A10,25.7,3
T001245,CU02199,O012053,2026-06-14,Payment issue,email,A03,39.2,4
T001246,CU02201,O012060,2025-05-30,Wrong item,phone,A09,23.2,4
T001247,CU02203,O012071,2026-02-07,Defective / not working,phone,A07,4.0,1
T001248,CU02205,O012087,2025-02-23,Account / login,chat,A04,13.4,5
T001249,CU02205,O012094,2025-11-29,Delivery delay,phone,A05,30.3,2
T001250,CU02205,O012095,2025-12-24,Delivery delay,chat,A04,6.3,2
T001251,CU02205,O012096,2025-12-20,Delivery delay,phone,A12,15.7,3
T001252,CU02208,O012104,2024-09-28,Return / refund,phone,A05,34.3,5
T001253,CU02209,O012111,2025-06-15,Return / refund,chat,A10,8.7,4
T001254,CU02209,O012117,2026-03-09,Defective / not working,chat,A01,11.5,1
T001255,CU02210,O012119,2024-11-26,Return / refund,chat,A11,14.9,2
T001256,CU02211,O012128,2025-02-24,Product question,chat,A01,21.8,5
T001257,CU02211,O012131,2025-09-04,Defective / not working,phone,A06,27.0,2
T001258,CU02217,O012168,2025-12-16,Delivery delay,chat,A13,25.0,2
T001259,CU02217,O012169,2026-06-27,Delivery delay,chat,A10,17.1,3
T001260,CU02219,O012171,2025-03-28,Account / login,phone,A11,10.9,4
T001261,CU02226,O012213,2026-01-09,Defective / not working,email,A09,19.4,1
T001262,CU02228,O012221,2026-02-22,Defective / not working,email,A05,24.5,1
T001263,CU02230,O012225,2024-08-11,Defective / not working,email,A07,27.3,2
T001264,CU02233,O012247,2026-03-27,Defective / not working,email,A02,17.9,1
T001265,CU02234,O012252,2025-12-24,Defective / not working,chat,A09,37.3,2
T001266,CU02237,O012265,2025-01-14,Defective / not working,email,A12,20.2,2
T001267,CU02237,O012273,2026-05-24,Delivery delay,phone,A14,35.4,2
T001268,CU02241,O012299,2026-04-01,Delivery delay,email,A06,24.9,1
T001269,CU02242,O012301,2026-05-28,Return / refund,phone,A07,15.4,5
T001270,CU02243,O012306,2025-11-22,Delivery delay,phone,A13,33.6,2
T001271,CU02252,O012345,2025-12-22,Product question,phone,A09,8.0,4
T001272,CU02253,O012351,2024-09-19,Return / refund,email,A03,,3
T001273,CU02256,O012371,2025-03-02,Defective / not working,chat,A01,5.1,1
T001274,CU02256,O012379,2026-05-09,Delivery delay,email,A07,18.4,2
T001275,CU02258,O012398,2025-09-27,Delivery delay,email,A08,22.5,2
T001276,CU02261,O012416,2025-12-03,Delivery delay,phone,A14,1.1,4
T001277,CU02264,O012424,2026-04-06,Wrong item,chat,A14,10.2,3
T001278,CU02267,O012443,2025-11-09,Defective / not working,phone,A07,4.3,2
T001279,CU02267,O012445,2026-06-22,Delivery delay,phone,A07,8.4,1
T001280,CU02268,O012450,2026-01-08,Defective / not working,email,A04,18.3,2
T001281,CU02268,O012455,2026-05-01,Return / refund,phone,A03,1.4,3
T001282,CU02269,O012456,2025-04-26,Defective / not working,chat,A12,19.9,1
T001283,CU02269,O012458,2025-09-05,Return / refund,phone,A04,29.3,3
T001284,CU02269,O012461,2026-04-04,Payment issue,chat,A11,,3
T001285,CU02270,O012465,2025-08-04,Defective / not working,chat,A09,26.1,3
T001286,CU02271,O012467,2026-05-21,Return / refund,chat,A02,3.5,4
T001287,CU02272,O012470,2024-11-10,Defective / not working,chat,A12,16.4,2
T001288,CU02272,O012472,2024-11-29,Payment issue,email,A01,27.0,3
T001289,CU02272,O012475,2026-03-09,Account / login,email,A01,39.8,3
T001290,CU02273,O012479,2025-06-11,Defective / not working,phone,A11,19.7,2
T001291,CU02274,O012490,2025-10-14,Return / refund,phone,A08,37.1,3
T001292,CU02275,O012495,2025-05-12,Defective / not working,email,A12,19.0,2
T001293,CU02276,O012502,2025-10-07,Defective / not working,phone,A02,14.2,1
T001294,CU02277,O012506,2026-01-27,Delivery delay,phone,A03,44.3,3
T001295,CU02278,O012512,2025-10-23,Wrong item,chat,A11,16.2,4
T001296,CU02279,O012515,2025-10-23,Defective / not working,chat,A05,2.1,2
T001297,CU02280,O012519,2025-07-03,Defective / not working,email,A14,39.9,2
T001298,CU02280,O012520,2025-08-25,Return / refund,phone,A12,26.9,3
T001299,CU02280,O012521,2025-09-25,Delivery delay,phone,A03,26.1,2
T001300,CU02281,O012525,2025-08-09,Return / refund,phone,A04,15.1,2
T001301,CU02283,O012543,2025-12-02,Return / refund,email,A14,16.4,3
T001302,CU02283,O012544,2026-01-08,Delivery delay,chat,A13,52.9,2
T001303,CU02285,O012556,2026-04-11,Product question,chat,A03,23.0,5
T001304,CU02287,O012563,2025-11-25,Delivery delay,email,A03,31.6,3
T001305,CU02287,O012564,2025-12-09,Delivery delay,chat,A13,39.9,2
T001306,CU02287,O012567,2026-01-27,Delivery delay,chat,A11,70.9,3
T001307,CU02288,O012571,2025-10-03,Defective / not working,chat,A03,13.2,2
T001308,CU02289,O012578,2025-04-11,Product question,chat,A02,14.2,4
T001309,CU02289,O012581,2025-08-31,Wrong item,chat,A14,16.9,4
T001310,CU02296,O012613,2025-12-15,Delivery delay,phone,A08,35.8,3
T001311,CU02297,O012617,2025-01-17,Defective / not working,phone,A07,6.6,1
T001312,CU02301,O012637,2025-02-27,Defective / not working,chat,A08,62.1,1
T001313,CU02302,O012642,2026-06-02,Return / refund,email,A03,18.7,3
T001314,CU02303,O012647,2025-06-27,Delivery delay,chat,A03,21.9,3
T001315,CU02305,O012656,2025-01-03,Return / refund,phone,A06,14.2,4
T001316,CU02305,O012660,2025-12-16,Product question,phone,A12,9.5,2
T001317,CU02306,O012662,2024-11-29,Defective / not working,phone,A11,18.3,2
T001318,CU02307,O012670,2024-11-30,Delivery delay,email,A10,30.1,2
T001319,CU02308,O012687,2026-02-15,Delivery delay,chat,A13,17.8,4
T001320,CU02309,O012690,2024-07-20,Account / login,email,A10,13.4,3
T001321,CU02310,O012702,2025-04-12,Delivery delay,phone,A12,12.6,2
T001322,CU02310,O012703,2025-04-23,Return / refund,chat,A14,25.2,3
T001323,CU02314,O012723,2024-09-06,Defective / not working,phone,A09,3.8,1
T001324,CU02314,O012724,2024-09-03,Product question,chat,A02,31.0,4
T001325,CU02314,O012725,2024-12-08,Defective / not working,email,A03,31.6,4
T001326,CU02314,O012735,2026-03-18,Defective / not working,email,A02,5.9,1
T001327,CU02316,O012739,2025-11-15,Wrong item,phone,A06,10.0,5
T001328,CU02317,O012742,2024-10-13,Delivery delay,email,A08,15.5,4
T001329,CU02320,O012765,2026-03-20,Defective / not working,chat,A07,10.1,1
T001330,CU02323,O012775,2024-08-27,Delivery delay,email,A13,31.6,2
T001331,CU02323,O012776,2025-01-21,Defective / not working,phone,A11,14.8,1
T001332,CU02323,O012781,2025-07-03,Product question,phone,A03,39.8,2
T001333,CU02324,O012788,2026-04-17,Product question,email,A09,25.7,3
T001334,CU02329,O012799,2025-12-25,Defective / not working,phone,A04,7.8,2
T001335,CU02330,O012803,2024-10-07,Defective / not working,email,A04,15.1,2
T001336,CU02330,O012810,2026-03-05,Return / refund,chat,A07,15.4,4
T001337,CU02332,O012817,2026-01-16,Delivery delay,phone,A07,31.0,1
T001338,CU02341,O012871,2025-11-19,Delivery delay,phone,A10,39.2,2
T001339,CU02342,O012878,2025-07-09,Product question,email,A04,19.9,2
T001340,CU02342,O012884,2026-03-23,Delivery delay,email,A14,46.6,2
T001341,CU02346,O012898,2024-07-20,Payment issue,phone,A06,,4
T001342,CU02346,O012901,2025-05-28,Defective / not working,phone,A04,28.1,3
T001343,CU02347,O012909,2025-12-16,Return / refund,chat,A11,11.0,3
T001344,CU02348,O012911,2026-06-18,Delivery delay,chat,A07,29.2,2
T001345,CU02350,O012924,2025-08-22,Return / refund,chat,A12,4.1,3
T001346,CU02354,O012946,2025-09-10,Wrong item,email,A05,9.9,4
T001347,CU02355,O012954,2024-12-15,Product question,phone,A01,2.1,4
T001348,CU02355,O012957,2025-08-03,Defective / not working,chat,A04,19.5,1
T001349,CU02356,O012962,2025-08-28,Return / refund,chat,A14,23.0,4
T001350,CU02358,O012975,2025-12-31,Delivery delay,chat,A01,30.3,1
T001351,CU02359,O012977,2024-12-11,Defective / not working,phone,A04,17.5,4
T001352,CU02359,O012980,2025-04-25,Account / login,email,A13,22.5,2
T001353,CU02359,O012982,2025-08-14,Return / refund,chat,A08,10.4,3
T001354,CU02365,O013019,2025-12-22,Delivery delay,chat,A07,51.5,2
T001355,CU02368,O013028,2024-12-31,Delivery delay,phone,A10,27.6,2
T001356,CU02368,O013035,2026-01-17,Defective / not working,phone,A07,36.3,2
T001357,CU02378,O013090,2026-04-12,Defective / not working,phone,A13,10.9,2
T001358,CU02381,O013102,2025-12-14,Delivery delay,email,A03,10.4,3
T001359,CU02381,O013104,2026-04-10,Delivery delay,chat,A14,5.0,1
T001360,CU02383,O013115,2025-02-21,Payment issue,chat,A11,22.9,1
T001361,CU02388,O013142,2025-09-11,Account / login,phone,A14,22.2,4
T001362,CU02388,O013143,2025-12-28,Delivery delay,chat,A10,46.9,3
T001363,CU02388,O013144,2026-01-01,Delivery delay,chat,A05,9.9,3
T001364,CU02394,O013160,2024-08-19,Defective / not working,phone,A04,33.3,3
T001365,CU02394,O013172,2026-03-20,Delivery delay,email,A14,32.3,1
T001366,CU02394,O013173,2026-04-13,Delivery delay,phone,A10,97.5,1
T001367,CU02397,O013182,2024-11-02,Return / refund,phone,A03,,4
T001368,CU02397,O013186,2025-12-31,Delivery delay,phone,A08,58.4,1
T001369,CU02401,O013195,2024-10-23,Defective / not working,email,A10,2.4,2
T001370,CU02401,O013196,2024-11-29,Defective / not working,chat,A05,24.0,1
T001371,CU02403,O013204,2025-08-29,Account / login,phone,A03,,5
T001372,CU02403,O013206,2025-11-04,Delivery delay,phone,A10,24.8,3
T001373,CU02405,O013217,2024-12-06,Defective / not working,email,A12,29.5,2
T001374,CU02405,O013218,2024-12-09,Defective / not working,chat,A09,27.7,2
T001375,CU02406,O013231,2025-01-02,Defective / not working,chat,A09,18.0,1
T001376,CU02406,O013232,2025-07-03,Defective / not working,chat,A03,15.1,1
T001377,CU02407,O013239,2026-01-03,Delivery delay,chat,A03,11.3,2
T001378,CU02408,O013244,2025-10-21,Product question,chat,A13,12.8,2
T001379,CU02411,O013251,2025-03-20,Account / login,phone,A08,15.2,5
T001380,CU02414,O013279,2025-05-18,Defective / not working,email,A06,23.6,2
T001381,CU02419,O013294,2025-08-31,Payment issue,chat,A01,35.2,4
T001382,CU02422,O013304,2025-11-13,Wrong item,phone,A05,26.4,4
T001383,CU02422,O013308,2026-05-16,Defective / not working,phone,A02,38.5,1
T001384,CU02423,O013315,2025-07-10,Return / refund,email,A02,8.7,4
T001385,CU02424,O013318,2024-10-16,Return / refund,phone,A07,15.4,5
T001386,CU02426,O013336,2026-04-07,Product question,phone,A02,4.9,5
T001387,CU02427,O013349,2026-03-01,Delivery delay,chat,A06,16.5,1
T001388,CU02430,O013362,2025-05-15,Defective / not working,chat,A09,15.7,1
T001389,CU02432,O013382,2025-02-12,Payment issue,chat,A07,13.2,3
T001390,CU02436,O013416,2025-11-07,Return / refund,phone,A11,4.0,4
T001391,CU02437,O013421,2024-09-30,Payment issue,chat,A04,,4
T001392,CU02438,O013430,2026-07-10,Return / refund,email,A09,8.4,2
T001393,CU02440,O013442,2026-05-08,Delivery delay,chat,A05,10.8,3
T001394,CU02445,O013458,2025-08-04,Return / refund,chat,A02,45.8,2
T001395,CU02456,O013510,2026-04-17,Return / refund,chat,A12,,5
T001396,CU02458,O013513,2024-12-31,Account / login,phone,A01,15.2,3
T001397,CU02458,O013514,2025-01-23,Defective / not working,phone,A01,12.6,2
T001398,CU02462,O013538,2026-01-03,Defective / not working,email,A01,13.0,1
T001399,CU02463,O013546,2026-01-20,Delivery delay,phone,A01,17.3,3
T001400,CU02468,O013580,2025-03-24,Wrong item,email,A10,43.6,2
T001401,CU02469,O013584,2026-06-09,Delivery delay,chat,A05,3.8,1
T001402,CU02472,O013599,2026-01-21,Defective / not working,phone,A13,12.3,1
T001403,CU02473,O013602,2026-05-01,Product question,phone,A04,2.9,2
T001404,CU02476,O013622,2025-01-03,Defective / not working,email,A05,14.4,2
T001405,CU02479,O013644,2025-11-24,Delivery delay,phone,A14,82.0,2
T001406,CU02479,O013645,2026-03-30,Delivery delay,email,A04,31.4,3
T001407,CU02483,O013671,2025-12-10,Defective / not working,email,A14,3.7,3
T001408,CU02485,O013681,2024-07-18,Defective / not working,phone,A04,9.0,2
T001409,CU02485,O013682,2025-08-13,Return / refund,chat,A07,7.1,3
T001410,CU02486,O013694,2025-11-22,Defective / not working,phone,A11,2.1,1
T001411,CU02486,O013696,2025-12-10,Return / refund,phone,A10,4.4,4
T001412,CU02489,O013705,2024-11-16,Product question,email,A06,16.0,3
T001413,CU02490,O013716,2025-04-17,Product question,chat,A13,12.8,3
T001414,CU02494,O013747,2024-12-05,Return / refund,email,A13,1.2,4
T001415,CU02498,O013766,2025-10-06,Product question,chat,A13,10.4,4
T001416,CU02500,O013774,2025-10-15,Payment issue,phone,A04,27.4,3
T001417,CU02500,O013776,2025-11-14,Delivery delay,phone,A12,56.7,3
T001418,CU02500,O013778,2025-12-14,Defective / not working,chat,A09,16.5,2
T001419,CU02500,O013779,2025-12-20,Delivery delay,email,A11,70.3,2
T001420,CU02503,O013796,2025-01-16,Return / refund,chat,A14,12.4,4
T001421,CU02505,O013810,2025-09-24,Defective / not working,email,A03,4.3,1
T001422,CU02509,O013824,2024-11-07,Return / refund,phone,A11,6.1,4
T001423,CU02509,O013828,2025-09-27,Defective / not working,chat,A08,7.8,2
T001424,CU02511,O013841,2025-09-13,Product question,chat,A11,40.0,2
T001425,CU02511,O013843,2026-04-23,Return / refund,phone,A08,17.1,3
T001426,CU02512,O013846,2026-05-29,Product question,chat,A03,42.0,5
T001427,CU02517,O013870,2025-09-23,Defective / not working,chat,A12,10.8,3
T001428,CU02519,O013878,2025-06-17,Account / login,email,A04,10.3,3
T001429,CU02520,O013886,2025-10-10,Return / refund,phone,A12,18.0,4
T001430,CU02525,O013919,2025-07-10,Return / refund,email,A07,10.6,3
T001431,CU02528,O013936,2025-06-18,Defective / not working,email,A13,5.6,1
T001432,CU02530,O013946,2024-10-09,Payment issue,email,A11,4.8,5
T001433,CU02531,O013954,2026-04-01,Return / refund,email,A14,15.3,4
T001434,CU02533,O013966,2025-02-11,Return / refund,email,A14,10.8,4
T001435,CU02533,O013971,2026-01-15,Return / refund,chat,A01,11.1,4
T001436,CU02535,O013989,2026-05-10,Delivery delay,email,A09,38.7,1
T001437,CU02535,O013990,2026-06-12,Delivery delay,chat,A05,3.7,2
T001438,CU02538,O013998,2025-07-23,Return / refund,phone,A13,12.8,4
T001439,CU02538,O013999,2025-08-18,Defective / not working,phone,A01,,1
T001440,CU02539,O014005,2025-05-27,Defective / not working,phone,A11,5.9,2
T001441,CU02542,O014026,2025-12-27,Return / refund,chat,A02,6.3,3
T001442,CU02543,O014032,2025-11-05,Delivery delay,phone,A13,9.4,2
T001443,CU02543,O014033,2025-11-11,Delivery delay,email,A02,24.9,2
T001444,CU02543,O014034,2026-02-16,Delivery delay,phone,A14,6.1,2
T001445,CU02547,O014057,2024-11-25,Defective / not working,email,A10,9.3,2
T001446,CU02549,O014072,2026-05-11,Delivery delay,chat,A04,4.8,1
T001447,CU02552,O014086,2026-06-28,Delivery delay,phone,A03,28.2,2
T001448,CU02554,O014091,2025-09-07,Return / refund,chat,A13,13.1,4
T001449,CU02556,O014102,2025-03-06,Payment issue,phone,A11,12.4,4
T001450,CU02556,O014104,2025-06-12,Defective / not working,chat,A06,25.0,1
T001451,CU02556,O014105,2025-08-27,Product question,chat,A09,8.3,4
T001452,CU02557,O014110,2026-03-16,Return / refund,email,A07,13.6,4
T001453,CU02559,O014115,2026-01-31,Defective / not working,chat,A09,3.3,1
T001454,CU02562,O014133,2025-12-25,Delivery delay,email,A08,67.9,1
T001455,CU02563,O014136,2024-10-29,Payment issue,email,A12,15.4,0
T001456,CU02564,O014141,2024-07-22,Return / refund,email,A10,,4
T001457,CU02565,O014150,2026-03-09,Defective / not working,chat,A05,11.4,1
T001458,CU02566,O014155,2025-11-13,Delivery delay,phone,A10,31.4,1
T001459,CU02566,O014156,2026-01-05,Delivery delay,chat,A06,15.6,2
T001460,CU02567,O014162,2025-12-26,Delivery delay,email,A02,31.7,3
T001461,CU02567,O014164,2026-06-01,Defective / not working,email,A10,3.0,2
T001462,CU02568,O014165,2025-07-26,Return / refund,chat,A04,3.6,4
T001463,CU02575,O014196,2024-10-24,Return / refund,chat,A01,50.4,4
T001464,CU02575,O014204,2026-06-14,Delivery delay,phone,A08,35.5,2
T001465,CU02577,O014211,2026-05-28,Delivery delay,email,A01,26.9,1
T001466,CU02579,O014218,2025-12-25,Delivery delay,chat,A05,25.3,1
T001467,CU02579,O014219,2026-03-06,Delivery delay,phone,A13,33.5,1
T001468,CU02581,O014221,2026-03-29,Delivery delay,email,A08,12.7,3
T001469,CU02583,O014227,2025-08-20,Wrong item,chat,A11,10.4,3
T001470,CU02584,O014237,2026-01-04,Delivery delay,chat,A14,21.0,3
T001471,CU02584,O014239,2026-02-12,Delivery delay,chat,A02,46.5,2
T001472,CU02584,O014241,2026-05-10,Delivery delay,phone,A13,20.4,1
T001473,CU02586,O014249,2025-11-13,Wrong item,phone,A10,9.0,3
T001474,CU02589,O014256,2024-12-21,Return / refund,chat,A03,9.9,3
T001475,CU02589,O014258,2025-01-05,Delivery delay,email,A05,13.1,1
T001476,CU02589,O014259,2025-03-09,Defective / not working,chat,A07,10.2,3
T001477,CU02592,O014271,2024-07-14,Defective / not working,phone,A09,4.5,4
T001478,CU02592,O014273,2024-12-22,Defective / not working,email,A13,15.4,6
T001479,CU02593,O014286,2025-06-11,Return / refund,email,A05,52.1,5
T001480,CU02593,O014288,2025-12-13,Delivery delay,chat,A05,87.1,1
T001481,CU02595,O014298,2026-02-07,Defective / not working,phone,A03,7.9,1
T001482,CU02596,O014300,2024-11-25,Product question,chat,A10,15.3,4
T001483,CU02596,O014307,2025-12-29,Delivery delay,chat,A14,25.9,2
T001484,CU02596,O014309,2026-06-24,Delivery delay,email,A10,18.5,1
T001485,CU02599,O014319,2025-02-17,Return / refund,email,A07,10.8,4
T001486,CU02599,O014325,2026-05-20,Delivery delay,chat,A06,18.3,3
T001487,CU02600,O014328,2025-09-24,Defective / not working,email,A07,23.7,2
T001488,CU02616,O014347,2025-08-08,Return / refund,chat,A01,13.7,4
T001489,CU02622,O014355,2026-01-16,Return / refund,phone,A04,32.8,4
T001490,CU02624,O014357,2025-07-20,Return / refund,email,A07,11.9,5
T001491,CU02639,O014373,2025-07-16,Defective / not working,chat,A03,24.0,1
T001492,CU02639,O014374,2026-02-05,Defective / not working,phone,A01,5.8,3
T001493,CU02657,O014396,2025-08-18,Wrong item,phone,A11,56.9,5
T001494,CU02662,O014401,2025-07-08,Defective / not working,phone,A12,6.7,1
T001495,CU02685,O014430,2025-06-21,Account / login,email,A13,14.4,3
T001496,CU02692,O014438,2025-12-06,Return / refund,chat,A08,5.7,4
T001497,CU02698,O014444,2025-08-01,Defective / not working,email,A12,23.1,1
T001498,CU02699,O014445,2025-07-07,Defective / not working,email,A06,9.3,2
T001499,CU02705,O014451,2025-08-28,Defective / not working,email,A11,10.3,1
T001500,CU02708,O014454,2025-07-31,Defective / not working,chat,A14,10.8,2
T001501,CU02712,O014458,2025-08-28,Return / refund,phone,A04,29.1,4
T001502,CU02723,O014471,2025-07-08,Wrong item,email,A07,20.4,2
T001503,CU02731,O014480,2025-08-30,Defective / not working,chat,A04,20.9,2
T001504,CU02736,O014485,2025-08-22,Defective / not working,phone,A09,1.6,2
T001505,CU02759,O014512,2025-12-15,Payment issue,email,A11,6.8,4
T001506,CU02772,O014526,2025-07-12,Return / refund,chat,A10,23.2,3
T001507,CU02776,O014531,2025-07-22,Defective / not working,phone,A13,10.7,2
T001508,CU02796,O014557,2025-09-01,Return / refund,chat,A02,15.7,4
T001509,CU02802,O014564,2025-09-01,Defective / not working,email,A11,11.8,1
T001510,CU02826,O014592,2025-08-06,Defective / not working,chat,A12,23.7,2
T001511,CU02829,O014596,2025-07-20,Product question,email,A01,30.0,4
T001512,CU02836,O014606,2025-08-05,Defective / not working,chat,A12,1.9,1
T001513,CU02838,O014609,2025-08-11,Defective / not working,email,A06,4.4,1
T001514,CU02845,O014616,2025-09-02,Delivery delay,email,A03,5.9,4
T001515,CU02859,O014633,2025-08-22,Defective / not working,chat,A06,15.7,1
T001516,CU02862,O014638,2025-08-19,Defective / not working,phone,A10,28.7,1
T001517,CU02865,O014641,2025-08-09,Defective / not working,chat,A09,4.9,2
T001518,CU02870,O014646,2025-08-25,Delivery delay,email,A01,40.4,3
T001519,CU02881,O014662,2025-07-08,Defective / not working,phone,A13,3.7,1
T001520,CU02885,O014666,2025-08-15,Defective / not working,chat,A03,,2
T001521,CU02899,O014681,2025-07-02,Defective / not working,phone,A07,23.9,2
T001522,CU02907,O014690,2025-06-22,Defective / not working,phone,A03,41.7,2
T001523,CU02918,O014702,2025-07-09,Defective / not working,phone,A01,17.7,1
T001524,CU02945,O014736,2025-07-06,Wrong item,chat,A13,22.0,5
T001525,CU02948,O014739,2025-08-16,Defective / not working,email,A14,24.1,1
T001526,CU02948,O014740,2026-03-22,Defective / not working,chat,A01,36.2,2
T001527,CU02949,O014741,2025-09-05,Return / refund,email,A13,31.5,4
T001528,CU02981,O014777,2025-09-01,Return / refund,phone,A12,5.0,3
T001529,CU02985,O014782,2025-07-03,Defective / not working,chat,A06,35.4,1
T001530,CU03008,O014810,2026-02-23,Return / refund,email,A06,3.2,5
T001531,CU03018,O014823,2025-08-27,Defective / not working,chat,A11,17.3,2
T001532,CU03030,O014837,2025-08-11,Defective / not working,email,A01,17.2,1
T001533,CU03032,O014839,2025-07-07,Return / refund,phone,A10,42.1,5
T001534,CU03040,O014851,2026-06-12,Return / refund,email,A05,24.1,2
T001535,CU03078,O014894,2025-06-30,Defective / not working,phone,A07,17.8,1
T001536,CU03087,O014904,2025-07-31,Product question,phone,A04,5.7,4
T001537,CU03091,O014908,2025-08-09,Delivery delay,email,A10,17.7,5
T001538,CU03092,O014909,2025-07-01,Defective / not working,email,A08,20.4,2
T001539,CU03107,O014925,2025-07-17,Return / refund,phone,A07,10.8,2
T001540,CU03113,O014931,2025-06-25,Return / refund,email,A05,6.2,5
